2,1,372.25,408.13,80.23,239.83,0.7973,-1,-1,-1
2,2,104.30,546.55,72.95,245.64,0.7255,-1,-1,-1
2,3,1101.04,981.21,71.40,98.80,0.6895,-1,-1,-1
2,4,1730.48,455.02,75.27,215.49,0.6073,-1,-1,-1
2,5,1355.89,570.10,81.73,217.43,0.5680,-1,-1,-1
2,6,0.88,878.03,39.90,201.37,0.3839,-1,-1,-1
2,7,1098.13,211.80,58.32,178.37,0.4729,-1,-1,-1
2,8,545.60,146.85,57.53,184.05,0.5070,-1,-1,-1
2,9,225.15,398.14,65.26,199.33,0.4910,-1,-1,-1
2,10,789.65,145.31,64.44,178.90,0.4606,-1,-1,-1
2,11,1046.10,132.97,63.96,182.01,0.4650,-1,-1,-1
2,12,267.92,379.25,55.07,210.53,0.4318,-1,-1,-1
2,13,503.49,134.35,51.09,176.80,0.3706,-1,-1,-1
3,1,373.52,407.80,78.76,241.39,0.7819,-1,-1,-1
3,2,104.59,546.09,73.45,246.84,0.7315,-1,-1,-1
3,3,1105.44,980.86,71.87,99.13,0.6963,-1,-1,-1
3,4,1731.11,452.98,73.77,219.88,0.6000,-1,-1,-1
3,5,1356.47,570.01,81.15,216.76,0.5666,-1,-1,-1
3,6,0.68,877.49,39.72,201.55,0.3544,-1,-1,-1
3,7,1092.15,213.69,61.93,177.26,0.5645,-1,-1,-1
3,8,544.84,147.49,58.26,183.61,0.4875,-1,-1,-1
3,9,223.13,396.73,67.66,202.02,0.4723,-1,-1,-1
3,10,788.77,145.16,64.98,178.59,0.4541,-1,-1,-1
3,11,1045.30,132.74,64.53,179.57,0.4988,-1,-1,-1
3,12,260.23,366.73,65.20,225.33,0.3911,-1,-1,-1
3,13,503.96,133.64,49.95,169.73,0.3938,-1,-1,-1
4,1,372.59,407.24,80.10,241.03,0.7959,-1,-1,-1
4,2,104.21,545.74,73.17,247.20,0.7230,-1,-1,-1
4,3,1108.37,978.79,72.23,101.16,0.6950,-1,-1,-1
4,4,1729.35,452.48,74.09,216.95,0.6199,-1,-1,-1
4,5,1356.16,570.28,82.83,217.24,0.5754,-1,-1,-1
4,6,-0.59,876.20,43.49,203.24,0.5373,-1,-1,-1
4,7,1087.16,211.10,63.88,180.12,0.5528,-1,-1,-1
4,8,546.44,145.37,55.91,183.72,0.4674,-1,-1,-1
4,9,221.53,396.81,69.81,202.45,0.4799,-1,-1,-1
4,10,789.55,144.66,64.04,178.17,0.4697,-1,-1,-1
4,11,1045.43,133.61,63.00,179.56,0.4595,-1,-1,-1
4,12,264.72,382.35,57.76,212.76,0.4012,-1,-1,-1
4,13,500.60,135.56,53.06,173.40,0.4398,-1,-1,-1
5,1,374.75,406.77,78.78,241.20,0.7978,-1,-1,-1
5,2,104.19,545.90,72.46,246.99,0.7243,-1,-1,-1
5,3,1112.79,975.93,72.17,104.01,0.6964,-1,-1,-1
5,4,1728.64,452.25,74.13,218.53,0.6542,-1,-1,-1
5,5,1355.77,569.97,82.42,213.99,0.6076,-1,-1,-1
5,6,-0.63,874.18,45.20,204.84,0.5592,-1,-1,-1
5,7,1072.36,210.37,78.96,178.75,0.5394,-1,-1,-1
5,8,545.89,145.09,56.28,186.43,0.5050,-1,-1,-1
5,9,220.79,396.71,72.20,200.71,0.3747,-1,-1,-1
5,10,789.03,145.78,65.12,176.76,0.4967,-1,-1,-1
5,11,1043.58,133.75,66.39,164.03,0.3774,-1,-1,-1
5,12,267.61,380.34,51.31,209.27,0.3873,-1,-1,-1
5,13,501.43,135.39,50.97,168.36,0.4855,-1,-1,-1
6,1,374.99,405.92,79.38,239.93,0.7852,-1,-1,-1
6,2,104.32,546.12,72.64,246.66,0.7309,-1,-1,-1
6,3,1114.34,975.80,72.97,104.24,0.6912,-1,-1,-1
6,4,1726.76,454.92,75.21,215.88,0.6514,-1,-1,-1
6,5,1356.93,570.15,81.31,213.37,0.6186,-1,-1,-1
6,6,-0.32,871.90,46.06,207.45,0.6048,-1,-1,-1
6,7,1062.91,209.07,88.87,179.65,0.5797,-1,-1,-1
6,8,545.21,147.79,55.48,186.27,0.5159,-1,-1,-1
6,9,219.11,392.87,75.03,203.43,0.3017,-1,-1,-1
6,10,787.85,145.33,65.04,177.97,0.5056,-1,-1,-1
6,11,1043.48,134.91,64.72,155.06,0.3077,-1,-1,-1
6,12,267.90,379.75,48.37,208.56,0.3933,-1,-1,-1
6,13,502.41,136.84,49.22,167.15,0.5138,-1,-1,-1
7,1,375.74,404.68,80.52,239.99,0.7800,-1,-1,-1
7,2,104.12,545.97,72.66,245.87,0.7311,-1,-1,-1
7,3,1116.56,973.97,70.89,106.01,0.7056,-1,-1,-1
7,4,1726.44,454.28,74.65,212.60,0.6315,-1,-1,-1
7,5,1356.31,570.38,82.15,212.85,0.6334,-1,-1,-1
7,6,-0.26,870.94,47.03,208.52,0.5963,-1,-1,-1
7,7,1054.38,208.12,98.71,181.15,0.5515,-1,-1,-1
7,8,544.22,148.68,54.18,186.95,0.5409,-1,-1,-1
7,10,788.45,145.42,65.58,177.91,0.5154,-1,-1,-1
7,12,266.19,379.66,49.13,199.40,0.3576,-1,-1,-1
7,13,501.87,139.13,48.81,165.58,0.4799,-1,-1,-1
8,1,376.73,402.04,80.02,238.86,0.7696,-1,-1,-1
8,2,104.78,546.18,72.92,246.64,0.7358,-1,-1,-1
8,3,1119.04,973.42,70.26,106.60,0.7071,-1,-1,-1
8,4,1724.04,454.70,75.93,208.81,0.6454,-1,-1,-1
8,5,1356.63,570.05,81.38,214.60,0.6125,-1,-1,-1
8,6,0.40,871.56,46.46,207.15,0.5826,-1,-1,-1
8,7,1053.22,211.46,100.94,177.62,0.5409,-1,-1,-1
8,8,544.70,146.84,52.98,188.75,0.5501,-1,-1,-1
8,10,787.98,145.99,65.64,176.86,0.5034,-1,-1,-1
8,12,264.45,380.56,49.77,189.94,0.3175,-1,-1,-1
8,13,499.63,141.73,52.34,173.11,0.4575,-1,-1,-1
9,1,376.86,401.72,81.46,237.15,0.7678,-1,-1,-1
9,2,104.63,546.08,73.71,246.84,0.7443,-1,-1,-1
9,3,1124.56,973.71,67.60,106.35,0.6692,-1,-1,-1
9,4,1723.78,454.46,75.30,210.25,0.6349,-1,-1,-1
9,5,1356.72,570.48,81.16,214.25,0.6143,-1,-1,-1
9,6,0.54,869.72,46.46,209.30,0.5596,-1,-1,-1
9,7,1049.47,210.70,105.52,175.43,0.5086,-1,-1,-1
9,8,544.78,147.76,51.81,189.60,0.4971,-1,-1,-1
9,10,787.93,145.73,65.43,175.76,0.4782,-1,-1,-1
9,13,500.71,141.96,49.65,173.86,0.4449,-1,-1,-1
9,14,1799.41,208.15,61.98,186.65,0.3266,-1,-1,-1
10,1,377.35,400.26,81.33,236.07,0.7579,-1,-1,-1
10,2,104.79,545.86,74.00,246.65,0.7400,-1,-1,-1
10,3,1127.92,973.35,67.08,106.68,0.6880,-1,-1,-1
10,4,1724.35,454.73,74.33,209.98,0.6104,-1,-1,-1
10,5,1356.21,569.48,82.36,216.12,0.6147,-1,-1,-1
10,6,0.40,864.61,46.87,213.71,0.5661,-1,-1,-1
10,7,1046.21,211.53,107.72,173.05,0.4661,-1,-1,-1
10,8,543.49,148.76,52.00,191.80,0.4782,-1,-1,-1
10,10,788.19,145.86,65.03,177.03,0.4860,-1,-1,-1
10,12,264.98,383.94,46.04,172.91,0.3154,-1,-1,-1
10,13,498.43,142.27,52.01,174.80,0.4337,-1,-1,-1
10,14,1799.62,211.81,64.52,187.45,0.3421,-1,-1,-1
11,1,378.63,397.89,80.73,233.87,0.7550,-1,-1,-1
11,2,104.56,546.21,74.08,246.76,0.7417,-1,-1,-1
11,3,1130.32,973.97,67.83,106.10,0.6688,-1,-1,-1
11,4,1723.76,459.41,75.12,205.84,0.6067,-1,-1,-1
11,5,1356.34,569.73,82.39,216.01,0.6406,-1,-1,-1
11,6,0.73,862.08,46.09,216.23,0.5584,-1,-1,-1
11,7,1045.04,209.87,102.19,174.18,0.4522,-1,-1,-1
11,8,542.11,148.70,52.53,192.93,0.4813,-1,-1,-1
11,10,788.06,145.69,65.48,177.30,0.4864,-1,-1,-1
11,12,261.76,386.74,48.44,190.03,0.3796,-1,-1,-1
11,13,498.57,142.72,51.09,175.71,0.4252,-1,-1,-1
11,14,1802.27,217.63,63.00,178.87,0.3489,-1,-1,-1
12,1,378.14,396.64,81.67,233.89,0.7530,-1,-1,-1
12,2,104.21,546.13,75.11,247.12,0.7371,-1,-1,-1
12,3,1133.88,973.46,67.33,106.55,0.6720,-1,-1,-1
12,4,1723.62,459.68,75.11,205.37,0.6362,-1,-1,-1
12,5,1357.02,569.56,80.42,215.34,0.6329,-1,-1,-1
12,6,0.45,855.54,46.87,221.66,0.5764,-1,-1,-1
12,7,1046.28,207.75,94.89,176.21,0.3598,-1,-1,-1
12,8,541.78,149.18,53.22,191.83,0.5006,-1,-1,-1
12,10,788.10,145.83,65.24,177.70,0.4828,-1,-1,-1
12,13,497.10,143.99,52.90,174.60,0.4129,-1,-1,-1
12,14,1802.27,219.81,64.21,175.22,0.3371,-1,-1,-1
13,1,378.37,395.25,81.92,232.10,0.7610,-1,-1,-1
13,2,104.22,545.92,75.72,247.89,0.7420,-1,-1,-1
13,3,1135.83,972.99,66.33,107.02,0.6339,-1,-1,-1
13,4,1724.46,457.93,73.66,207.40,0.6621,-1,-1,-1
13,5,1356.58,570.09,81.22,213.49,0.6359,-1,-1,-1
13,6,0.88,850.88,46.03,226.20,0.5896,-1,-1,-1
13,8,539.65,149.57,55.65,191.96,0.5203,-1,-1,-1
13,9,211.48,393.75,63.82,180.63,0.3489,-1,-1,-1
13,10,788.29,146.34,65.21,177.45,0.5103,-1,-1,-1
13,13,496.71,144.85,52.84,174.94,0.3769,-1,-1,-1
13,14,1802.28,222.02,67.62,177.00,0.3713,-1,-1,-1
14,1,379.22,394.79,81.16,231.23,0.7606,-1,-1,-1
14,2,104.07,545.92,75.95,248.47,0.7475,-1,-1,-1
14,3,1139.14,972.74,64.25,107.28,0.6305,-1,-1,-1
14,4,1722.96,459.66,76.37,206.74,0.6575,-1,-1,-1
14,5,1357.32,569.99,80.40,214.39,0.6135,-1,-1,-1
14,6,0.52,849.19,46.84,228.58,0.6077,-1,-1,-1
14,8,538.36,150.91,55.86,191.50,0.5044,-1,-1,-1
14,9,209.64,396.82,64.12,178.34,0.3795,-1,-1,-1
14,10,788.66,146.15,64.12,177.50,0.5246,-1,-1,-1
14,13,494.48,144.09,54.41,176.27,0.4112,-1,-1,-1
14,14,1803.00,222.75,66.55,176.74,0.3743,-1,-1,-1
14,15,880.60,130.05,87.15,177.94,0.4139,-1,-1,-1
15,1,379.86,393.59,81.22,231.67,0.7611,-1,-1,-1
15,2,104.37,546.01,75.67,248.03,0.7549,-1,-1,-1
15,3,1140.50,973.28,64.49,106.25,0.5995,-1,-1,-1
15,4,1724.44,454.99,74.11,211.25,0.6507,-1,-1,-1
15,5,1356.75,570.55,80.55,212.91,0.6056,-1,-1,-1
15,6,0.27,849.22,47.39,229.67,0.5862,-1,-1,-1
15,8,537.18,151.96,55.73,191.52,0.5038,-1,-1,-1
15,9,209.07,391.39,62.32,182.60,0.3146,-1,-1,-1
15,10,787.86,146.90,65.57,175.73,0.5364,-1,-1,-1
15,13,494.16,143.55,53.83,177.63,0.3866,-1,-1,-1
15,14,1804.49,223.98,66.53,183.65,0.3943,-1,-1,-1
15,15,879.72,130.54,86.47,177.64,0.3794,-1,-1,-1
16,1,380.23,393.07,80.69,232.47,0.7659,-1,-1,-1
16,2,104.51,546.31,75.27,246.91,0.7503,-1,-1,-1
16,3,1145.05,972.91,62.90,106.06,0.5672,-1,-1,-1
16,4,1725.15,455.02,72.97,210.60,0.6556,-1,-1,-1
16,5,1356.77,570.24,80.20,213.68,0.6194,-1,-1,-1
16,6,-0.18,849.30,48.72,229.55,0.5054,-1,-1,-1
16,8,534.09,153.71,57.45,188.60,0.5244,-1,-1,-1
16,9,208.55,383.68,58.28,191.38,0.3669,-1,-1,-1
16,10,788.97,147.01,64.21,175.49,0.5039,-1,-1,-1
16,12,249.74,386.25,55.39,184.11,0.3551,-1,-1,-1
16,13,493.43,143.29,54.52,178.46,0.3327,-1,-1,-1
16,14,1804.80,224.73,68.85,187.85,0.3867,-1,-1,-1
16,15,880.10,131.75,85.98,178.91,0.3332,-1,-1,-1
17,1,380.66,391.70,81.38,234.69,0.7511,-1,-1,-1
17,2,104.01,546.91,76.82,245.86,0.7453,-1,-1,-1
17,3,1148.85,973.18,59.68,106.78,0.5345,-1,-1,-1
17,4,1722.95,458.55,76.42,208.91,0.6399,-1,-1,-1
17,5,1356.64,570.02,81.75,214.96,0.6041,-1,-1,-1
17,6,-0.67,848.52,50.81,231.48,0.5549,-1,-1,-1
17,8,533.11,156.26,58.49,187.43,0.6085,-1,-1,-1
17,9,207.44,380.60,58.27,196.04,0.3340,-1,-1,-1
17,10,788.69,147.13,64.43,174.67,0.4923,-1,-1,-1
17,12,247.46,382.33,57.17,188.25,0.3619,-1,-1,-1
17,13,493.32,144.82,54.25,177.41,0.3616,-1,-1,-1
17,14,1806.44,225.97,66.60,190.81,0.3620,-1,-1,-1
17,15,880.75,132.28,84.96,177.61,0.3201,-1,-1,-1
18,1,380.62,389.89,81.84,237.40,0.7520,-1,-1,-1
18,2,104.22,546.53,76.36,245.84,0.7479,-1,-1,-1
18,3,1151.95,973.28,57.52,106.75,0.5305,-1,-1,-1
18,4,1723.39,458.03,76.14,208.49,0.6457,-1,-1,-1
18,5,1356.66,569.88,80.81,214.54,0.6182,-1,-1,-1
18,6,-0.89,847.76,52.19,232.25,0.5066,-1,-1,-1
18,7,1031.71,144.83,60.29,183.28,0.3230,-1,-1,-1
18,8,531.60,156.09,57.69,186.70,0.6042,-1,-1,-1
18,9,207.41,382.48,56.28,193.54,0.3618,-1,-1,-1
18,10,789.19,147.25,63.95,174.39,0.5330,-1,-1,-1
18,12,246.65,383.64,56.78,187.49,0.4081,-1,-1,-1
18,13,493.22,143.56,53.57,178.85,0.3680,-1,-1,-1
18,14,1806.37,226.46,69.05,191.44,0.3825,-1,-1,-1
18,15,880.48,132.80,84.65,178.10,0.3421,-1,-1,-1
19,1,380.78,388.53,82.73,238.71,0.7551,-1,-1,-1
19,2,104.43,546.58,76.05,246.17,0.7459,-1,-1,-1
19,3,1154.02,972.77,57.67,107.22,0.5198,-1,-1,-1
19,4,1723.76,455.07,74.87,211.17,0.6467,-1,-1,-1
19,5,1357.01,570.01,80.16,214.94,0.6405,-1,-1,-1
19,6,-0.56,845.79,52.49,234.09,0.5326,-1,-1,-1
19,7,1030.49,143.24,60.88,185.27,0.4152,-1,-1,-1
19,8,530.01,159.18,58.19,183.38,0.5466,-1,-1,-1
19,9,206.43,382.17,56.66,195.44,0.4001,-1,-1,-1
19,10,789.08,146.89,63.73,174.47,0.4808,-1,-1,-1
19,12,246.36,380.46,55.38,190.72,0.4172,-1,-1,-1
19,14,1808.72,227.10,69.25,190.81,0.3604,-1,-1,-1
20,1,380.65,387.11,82.80,240.21,0.7480,-1,-1,-1
20,2,104.34,546.57,75.87,245.95,0.7456,-1,-1,-1
20,3,1157.13,972.92,55.72,107.12,0.5105,-1,-1,-1
20,4,1723.60,458.68,75.95,207.42,0.6295,-1,-1,-1
20,5,1357.05,570.64,80.09,214.07,0.6494,-1,-1,-1
20,6,-0.22,845.80,52.52,234.35,0.4771,-1,-1,-1
20,7,1028.54,145.18,61.13,224.75,0.4028,-1,-1,-1
20,8,530.51,158.78,55.25,183.88,0.5439,-1,-1,-1
20,9,204.43,388.51,58.53,187.33,0.4155,-1,-1,-1
20,10,789.14,147.79,64.17,173.97,0.4956,-1,-1,-1
20,12,245.23,375.87,54.15,192.85,0.3149,-1,-1,-1
20,14,1809.77,227.40,70.09,189.88,0.3427,-1,-1,-1
21,1,380.46,386.33,83.33,240.32,0.7588,-1,-1,-1
21,2,104.30,546.42,75.88,246.42,0.7433,-1,-1,-1
21,3,1157.46,973.49,57.30,106.58,0.5021,-1,-1,-1
21,4,1723.53,458.20,75.74,208.29,0.6341,-1,-1,-1
21,5,1357.75,570.51,79.12,216.03,0.6137,-1,-1,-1
21,6,-0.22,839.22,53.53,238.31,0.5228,-1,-1,-1
21,8,530.74,158.86,54.22,183.74,0.5888,-1,-1,-1
21,9,203.80,377.78,57.37,195.73,0.4005,-1,-1,-1
21,10,788.65,147.69,64.76,174.32,0.4867,-1,-1,-1
21,12,245.11,375.45,51.81,190.10,0.3460,-1,-1,-1
22,1,380.83,386.37,83.02,239.45,0.7578,-1,-1,-1
22,2,104.12,546.86,76.18,245.50,0.7385,-1,-1,-1
22,3,1156.29,974.71,59.00,105.38,0.5591,-1,-1,-1
22,4,1724.15,458.48,74.52,207.46,0.6682,-1,-1,-1
22,5,1357.40,570.06,79.57,215.04,0.6385,-1,-1,-1
22,6,0.30,842.06,53.46,238.07,0.5434,-1,-1,-1
22,7,1002.62,144.15,87.85,234.85,0.3479,-1,-1,-1
22,8,529.02,156.05,54.23,186.99,0.5037,-1,-1,-1
22,9,203.49,371.81,61.16,201.02,0.3304,-1,-1,-1
22,10,789.35,147.82,64.30,175.10,0.4618,-1,-1,-1
23,1,381.75,385.48,81.69,238.41,0.7569,-1,-1,-1
23,2,104.27,546.48,75.91,245.61,0.7394,-1,-1,-1
23,3,1158.43,973.89,61.18,106.06,0.5504,-1,-1,-1
23,4,1724.54,457.43,74.05,207.77,0.6392,-1,-1,-1
23,5,1356.81,569.93,80.71,215.18,0.6141,-1,-1,-1
23,6,0.56,842.71,53.42,236.30,0.5669,-1,-1,-1
23,7,1022.56,144.40,69.11,192.24,0.3871,-1,-1,-1
23,8,527.85,157.46,52.00,187.02,0.4697,-1,-1,-1
23,10,790.42,148.53,61.34,174.31,0.4303,-1,-1,-1
24,1,381.55,385.15,81.59,237.58,0.7574,-1,-1,-1
24,2,104.26,546.56,76.28,245.72,0.7382,-1,-1,-1
24,3,1159.17,974.91,61.54,105.17,0.5497,-1,-1,-1
24,4,1724.02,455.33,74.22,210.99,0.6434,-1,-1,-1
24,5,1356.65,569.83,80.85,217.50,0.5891,-1,-1,-1
24,6,0.25,839.63,54.52,236.20,0.5361,-1,-1,-1
24,7,1022.26,146.04,67.43,181.80,0.3215,-1,-1,-1
24,8,524.72,157.29,55.07,187.68,0.4250,-1,-1,-1
24,9,202.30,355.26,65.92,216.04,0.3055,-1,-1,-1
24,10,789.44,148.34,64.56,173.71,0.4291,-1,-1,-1
24,14,1821.07,230.55,68.39,189.63,0.3512,-1,-1,-1
25,1,381.64,384.17,80.64,236.87,0.7571,-1,-1,-1
25,2,103.92,546.91,76.71,246.01,0.7384,-1,-1,-1
25,3,1159.84,974.82,62.08,105.18,0.5631,-1,-1,-1
25,4,1722.34,458.09,76.21,209.01,0.6544,-1,-1,-1
25,5,1357.05,570.13,79.29,213.11,0.6125,-1,-1,-1
25,6,0.23,835.45,54.94,238.57,0.5031,-1,-1,-1
25,8,524.69,158.99,54.61,184.96,0.4365,-1,-1,-1
25,10,789.28,147.58,64.73,175.03,0.4319,-1,-1,-1
25,14,1822.53,233.41,68.12,192.93,0.3875,-1,-1,-1
26,1,382.34,382.93,79.68,237.20,0.7684,-1,-1,-1
26,2,103.41,546.16,77.39,247.39,0.7375,-1,-1,-1
26,3,1161.25,975.13,61.96,104.89,0.5967,-1,-1,-1
26,4,1723.32,453.54,73.77,213.93,0.6365,-1,-1,-1
26,5,1356.78,570.63,80.54,213.13,0.6084,-1,-1,-1
26,6,0.17,833.20,55.99,232.40,0.5684,-1,-1,-1
26,8,525.56,160.83,52.82,183.54,0.4214,-1,-1,-1
26,10,788.68,147.93,66.22,175.29,0.4471,-1,-1,-1
26,14,1826.29,236.32,66.32,192.69,0.3700,-1,-1,-1
27,1,381.58,381.21,81.04,237.45,0.7790,-1,-1,-1
27,2,103.42,546.09,76.86,247.24,0.7377,-1,-1,-1
27,3,1162.96,975.07,62.60,104.93,0.6073,-1,-1,-1
27,4,1722.64,459.02,74.97,207.46,0.6521,-1,-1,-1
27,5,1356.59,570.10,80.33,214.62,0.5868,-1,-1,-1
27,6,0.22,830.06,56.73,234.80,0.6075,-1,-1,-1
27,7,978.19,203.83,104.95,171.34,0.4321,-1,-1,-1
27,8,526.15,160.97,51.89,184.96,0.3655,-1,-1,-1
27,9,198.84,348.21,72.73,223.04,0.3685,-1,-1,-1
27,10,789.59,147.88,64.92,174.86,0.4484,-1,-1,-1
27,14,1827.87,237.99,65.54,191.68,0.3461,-1,-1,-1
28,1,381.77,379.29,82.36,238.08,0.7725,-1,-1,-1
28,2,103.01,546.81,77.22,246.01,0.7386,-1,-1,-1
28,3,1164.44,975.83,63.27,104.21,0.6165,-1,-1,-1
28,4,1723.29,455.63,73.61,211.21,0.6400,-1,-1,-1
28,5,1356.79,569.47,80.77,216.22,0.5881,-1,-1,-1
28,6,-0.37,827.50,58.90,232.79,0.6340,-1,-1,-1
28,9,197.88,351.11,72.07,223.21,0.3995,-1,-1,-1
28,10,790.64,148.62,60.22,173.69,0.4501,-1,-1,-1
29,1,382.80,377.72,81.88,238.08,0.7810,-1,-1,-1
29,2,102.80,546.31,77.58,246.50,0.7455,-1,-1,-1
29,3,1165.14,975.88,65.32,104.12,0.6355,-1,-1,-1
29,4,1723.09,457.39,74.35,208.74,0.6502,-1,-1,-1
29,5,1356.60,569.79,81.39,215.32,0.6246,-1,-1,-1
29,6,-0.11,826.06,59.70,228.41,0.6978,-1,-1,-1
29,7,1025.68,154.96,60.79,169.33,0.3194,-1,-1,-1
29,9,197.18,353.42,71.15,219.16,0.3247,-1,-1,-1
29,10,791.09,148.67,59.41,174.21,0.4573,-1,-1,-1
29,16,1593.31,241.50,64.13,182.10,0.3305,-1,-1,-1
30,1,382.99,376.28,83.78,236.81,0.7847,-1,-1,-1
30,2,103.06,547.21,77.44,245.35,0.7384,-1,-1,-1
30,3,1167.09,976.99,65.23,103.01,0.6211,-1,-1,-1
30,4,1723.08,457.51,75.15,208.50,0.6633,-1,-1,-1
30,5,1356.85,569.91,79.80,215.71,0.6171,-1,-1,-1
30,6,0.06,822.91,60.10,228.25,0.6767,-1,-1,-1
30,8,523.41,163.72,53.36,187.01,0.3043,-1,-1,-1
30,9,196.23,355.85,69.51,214.80,0.3162,-1,-1,-1
30,10,790.67,148.37,59.49,174.32,0.4582,-1,-1,-1
30,16,1593.93,240.41,61.52,183.24,0.3559,-1,-1,-1
31,1,383.71,374.67,87.22,233.12,0.7516,-1,-1,-1
31,2,103.14,546.86,76.78,246.37,0.7404,-1,-1,-1
31,3,1168.25,977.37,66.03,102.64,0.6157,-1,-1,-1
31,4,1723.33,455.20,73.28,212.08,0.6545,-1,-1,-1
31,5,1356.63,569.64,80.43,214.00,0.5914,-1,-1,-1
31,6,0.62,817.65,59.44,237.94,0.6491,-1,-1,-1
31,7,1022.20,155.33,67.44,181.94,0.3513,-1,-1,-1
31,9,194.79,357.07,69.01,210.82,0.3465,-1,-1,-1
31,10,790.49,148.17,60.12,175.36,0.4282,-1,-1,-1
31,16,1589.84,238.45,62.15,181.72,0.3096,-1,-1,-1
32,1,383.70,373.17,91.27,232.27,0.7457,-1,-1,-1
32,2,103.13,546.68,76.37,246.50,0.7472,-1,-1,-1
32,3,1169.09,978.22,66.73,101.81,0.6746,-1,-1,-1
32,4,1722.64,457.33,75.39,209.33,0.6534,-1,-1,-1
32,5,1356.48,569.81,80.05,214.28,0.6039,-1,-1,-1
32,6,0.72,815.42,59.74,243.28,0.6162,-1,-1,-1
32,9,193.05,349.47,70.01,214.51,0.3971,-1,-1,-1
32,10,791.66,148.79,58.99,174.88,0.4570,-1,-1,-1
32,16,1589.36,236.56,59.50,183.00,0.3030,-1,-1,-1
33,1,384.19,370.82,93.02,232.78,0.7501,-1,-1,-1
33,2,102.69,546.74,78.08,246.59,0.7486,-1,-1,-1
33,3,1170.85,979.16,66.98,100.86,0.6781,-1,-1,-1
33,4,1722.38,457.39,75.09,210.24,0.6571,-1,-1,-1
33,5,1356.19,569.53,81.20,217.41,0.6021,-1,-1,-1
33,6,0.43,813.69,60.77,248.44,0.6217,-1,-1,-1
33,7,1019.48,156.93,67.35,183.81,0.3643,-1,-1,-1
33,8,493.31,159.82,83.59,195.88,0.3918,-1,-1,-1
33,9,190.46,348.80,70.53,217.02,0.4230,-1,-1,-1
33,10,790.75,149.01,59.65,174.20,0.4375,-1,-1,-1
33,14,1834.81,250.09,71.63,191.35,0.3130,-1,-1,-1
34,1,384.98,370.46,92.34,231.61,0.7515,-1,-1,-1
34,2,102.76,546.84,77.73,246.55,0.7391,-1,-1,-1
34,3,1173.85,981.19,66.54,98.88,0.6763,-1,-1,-1
34,4,1722.74,458.20,74.18,208.07,0.6499,-1,-1,-1
34,5,1356.89,569.24,80.97,216.73,0.5996,-1,-1,-1
34,6,0.51,811.55,61.23,249.31,0.6135,-1,-1,-1
34,7,1021.62,155.32,61.42,187.17,0.4152,-1,-1,-1
34,8,492.91,160.48,82.12,195.38,0.3893,-1,-1,-1
34,9,188.66,352.66,69.82,210.39,0.4157,-1,-1,-1
34,10,790.53,148.67,59.14,175.10,0.4324,-1,-1,-1
34,14,1835.79,250.60,68.62,190.38,0.3188,-1,-1,-1
35,1,384.81,369.54,93.11,232.91,0.7410,-1,-1,-1
35,2,102.47,546.88,78.54,247.06,0.7346,-1,-1,-1
35,3,1177.73,982.50,64.16,97.53,0.6624,-1,-1,-1
35,4,1722.50,457.51,73.91,208.59,0.6606,-1,-1,-1
35,5,1355.81,569.36,81.84,215.71,0.6011,-1,-1,-1
35,6,0.03,811.14,63.24,253.03,0.5751,-1,-1,-1
35,7,1022.02,155.99,60.78,184.89,0.4622,-1,-1,-1
35,8,493.96,160.73,80.10,194.98,0.3989,-1,-1,-1
35,9,187.28,344.60,64.95,212.50,0.4548,-1,-1,-1
35,10,791.11,148.55,59.03,175.15,0.4427,-1,-1,-1
35,14,1837.24,251.09,68.61,188.25,0.3249,-1,-1,-1
36,1,385.26,369.04,91.98,233.14,0.7009,-1,-1,-1
36,2,102.88,547.10,77.34,246.37,0.7385,-1,-1,-1
36,3,1179.83,984.29,64.40,95.76,0.6412,-1,-1,-1
36,4,1722.93,458.76,74.18,207.78,0.6161,-1,-1,-1
36,5,1355.96,569.49,82.21,216.66,0.5767,-1,-1,-1
36,6,0.23,809.91,63.38,249.31,0.5426,-1,-1,-1
36,7,954.76,193.13,65.23,176.84,0.3265,-1,-1,-1
36,8,494.76,160.76,77.28,194.11,0.4165,-1,-1,-1
36,9,187.93,364.19,62.57,196.19,0.3995,-1,-1,-1
36,10,790.95,149.06,59.07,174.12,0.4402,-1,-1,-1
36,14,1839.90,249.71,66.86,188.90,0.3537,-1,-1,-1
36,17,384.69,995.02,90.48,84.94,0.4535,-1,-1,-1
37,1,386.16,367.87,88.92,233.99,0.6902,-1,-1,-1
37,2,103.04,547.25,76.63,245.61,0.7344,-1,-1,-1
37,3,1182.55,984.51,64.79,95.47,0.6850,-1,-1,-1
37,4,1723.11,457.44,73.91,209.38,0.6401,-1,-1,-1
37,5,1356.31,569.20,82.00,218.95,0.5677,-1,-1,-1
37,6,-0.12,809.02,65.53,248.49,0.6285,-1,-1,-1
37,7,946.10,200.39,69.30,173.92,0.4378,-1,-1,-1
37,8,494.86,162.11,75.91,193.05,0.4226,-1,-1,-1
37,9,187.15,362.24,62.27,194.90,0.4086,-1,-1,-1
37,10,790.32,148.79,59.86,174.83,0.4360,-1,-1,-1
37,14,1839.80,252.03,63.76,184.99,0.3773,-1,-1,-1
37,17,384.30,993.96,92.22,86.01,0.5152,-1,-1,-1
37,19,1021.84,158.11,61.68,183.66,0.5344,-1,-1,-1
38,1,387.49,366.68,85.17,235.31,0.6937,-1,-1,-1
38,2,102.82,546.88,76.43,245.41,0.7328,-1,-1,-1
38,3,1184.19,984.27,66.92,95.69,0.6922,-1,-1,-1
38,4,1722.60,458.37,74.64,207.48,0.6428,-1,-1,-1
38,5,1355.77,569.18,81.95,214.24,0.6049,-1,-1,-1
38,6,0.19,808.66,66.19,245.65,0.6404,-1,-1,-1
38,7,935.71,202.37,75.77,172.83,0.3836,-1,-1,-1
38,8,494.22,162.68,75.84,192.77,0.4184,-1,-1,-1
38,9,185.85,364.74,61.63,191.63,0.4321,-1,-1,-1
38,10,791.09,149.10,58.90,175.15,0.4243,-1,-1,-1
38,14,1840.57,252.55,62.98,185.21,0.3217,-1,-1,-1
38,17,384.48,992.83,93.40,87.16,0.5469,-1,-1,-1
38,19,1023.72,158.62,60.33,184.30,0.5451,-1,-1,-1
39,1,387.56,365.42,84.40,237.02,0.6891,-1,-1,-1
39,2,102.32,547.25,77.58,244.87,0.7308,-1,-1,-1
39,3,1186.94,983.56,68.65,96.39,0.6789,-1,-1,-1
39,4,1722.59,456.85,73.41,209.75,0.6227,-1,-1,-1
39,5,1357.16,568.07,80.90,217.36,0.5814,-1,-1,-1
39,6,0.60,807.47,65.95,244.47,0.6523,-1,-1,-1
39,7,923.79,201.41,86.61,172.60,0.5013,-1,-1,-1
39,8,494.51,163.30,74.74,191.70,0.4237,-1,-1,-1
39,9,183.37,362.26,63.31,194.61,0.4939,-1,-1,-1
39,10,790.88,148.84,58.90,175.15,0.4153,-1,-1,-1
39,14,1840.40,252.89,64.27,184.73,0.3539,-1,-1,-1
39,17,384.59,991.57,92.79,88.41,0.5276,-1,-1,-1
39,19,1022.07,158.82,62.13,183.03,0.5211,-1,-1,-1
40,1,387.86,366.94,86.64,235.14,0.6972,-1,-1,-1
40,2,102.21,547.00,77.51,244.87,0.7335,-1,-1,-1
40,3,1190.81,983.67,69.28,96.31,0.6545,-1,-1,-1
40,4,1722.73,456.25,73.48,210.99,0.6273,-1,-1,-1
40,5,1357.48,569.48,80.19,212.59,0.6151,-1,-1,-1
40,6,0.90,806.37,65.74,242.15,0.6072,-1,-1,-1
40,7,914.97,197.79,96.12,175.92,0.5105,-1,-1,-1
40,8,494.26,167.08,72.96,191.58,0.4405,-1,-1,-1
40,9,181.22,363.37,62.81,192.70,0.4306,-1,-1,-1
40,10,791.14,148.97,58.07,176.01,0.4046,-1,-1,-1
40,14,1838.07,253.07,67.68,186.88,0.3340,-1,-1,-1
40,17,385.20,989.90,92.74,90.06,0.5279,-1,-1,-1
40,19,1021.73,159.07,62.56,182.46,0.5093,-1,-1,-1
41,1,389.52,366.17,85.25,235.36,0.6909,-1,-1,-1
41,2,102.28,546.69,77.67,245.73,0.7313,-1,-1,-1
41,3,1193.17,984.96,67.56,95.07,0.6802,-1,-1,-1
41,4,1722.49,455.83,73.86,211.11,0.6395,-1,-1,-1
41,5,1356.85,568.81,80.92,215.54,0.6073,-1,-1,-1
41,6,0.71,805.45,66.50,242.90,0.6001,-1,-1,-1
41,7,911.41,203.04,100.35,170.55,0.5440,-1,-1,-1
41,8,495.68,165.96,75.24,191.02,0.3632,-1,-1,-1
41,9,179.72,361.18,62.13,194.66,0.3636,-1,-1,-1
41,10,791.37,149.14,57.33,175.17,0.4079,-1,-1,-1
41,17,385.19,989.21,93.47,90.83,0.4924,-1,-1,-1
41,19,1021.38,159.08,62.74,181.03,0.4771,-1,-1,-1
42,1,390.42,364.57,84.90,235.50,0.7104,-1,-1,-1
42,2,102.20,546.70,78.40,245.76,0.7402,-1,-1,-1
42,3,1195.66,984.80,69.06,95.18,0.6923,-1,-1,-1
42,4,1721.95,454.94,74.06,211.49,0.6461,-1,-1,-1
42,5,1356.90,569.36,80.34,214.37,0.6145,-1,-1,-1
42,6,0.71,802.62,66.71,242.96,0.6312,-1,-1,-1
42,7,908.43,200.53,102.60,173.13,0.5451,-1,-1,-1
42,8,495.41,167.22,75.12,191.92,0.3718,-1,-1,-1
42,9,179.52,369.75,59.75,188.50,0.3295,-1,-1,-1
42,10,791.15,148.86,57.33,176.99,0.4202,-1,-1,-1
42,17,384.24,987.76,94.56,92.22,0.5331,-1,-1,-1
42,19,1021.16,159.50,62.70,181.97,0.4734,-1,-1,-1
43,1,391.24,365.08,85.13,233.26,0.7374,-1,-1,-1
43,2,101.87,546.84,78.42,245.90,0.7338,-1,-1,-1
43,3,1198.46,985.06,70.76,94.92,0.6623,-1,-1,-1
43,4,1722.37,454.67,73.57,212.19,0.6162,-1,-1,-1
43,5,1356.76,569.15,80.52,214.48,0.6090,-1,-1,-1
43,6,0.53,797.54,67.15,232.67,0.6608,-1,-1,-1
43,7,904.42,196.50,104.67,176.50,0.4978,-1,-1,-1
43,8,494.00,168.06,76.77,194.54,0.3847,-1,-1,-1
43,10,790.39,149.30,58.96,176.19,0.4042,-1,-1,-1
43,17,383.15,987.71,95.46,92.36,0.5402,-1,-1,-1
43,19,1021.49,159.83,62.10,183.30,0.4672,-1,-1,-1
44,1,391.55,364.71,85.97,231.50,0.7343,-1,-1,-1
44,2,102.03,547.20,77.84,245.37,0.7334,-1,-1,-1
44,3,1198.96,985.38,71.71,94.61,0.6688,-1,-1,-1
44,4,1720.97,457.62,75.33,209.25,0.6474,-1,-1,-1
44,5,1356.84,569.00,81.08,216.69,0.6236,-1,-1,-1
44,6,0.63,794.58,67.38,229.33,0.6726,-1,-1,-1
44,7,902.86,194.00,100.50,179.42,0.3167,-1,-1,-1
44,8,494.27,169.18,76.22,195.66,0.3771,-1,-1,-1
44,9,175.44,364.97,58.19,190.71,0.3525,-1,-1,-1
44,10,790.96,149.17,58.10,176.14,0.4005,-1,-1,-1
44,14,1840.86,255.42,78.34,194.80,0.3252,-1,-1,-1
44,17,382.61,985.32,95.96,94.61,0.5968,-1,-1,-1
44,19,1021.59,160.27,61.31,184.40,0.4379,-1,-1,-1
45,1,393.14,361.82,85.05,232.28,0.7371,-1,-1,-1
45,2,101.79,546.74,77.49,245.81,0.7425,-1,-1,-1
45,3,1200.19,985.72,72.57,94.27,0.6709,-1,-1,-1
45,4,1721.64,458.76,74.38,207.68,0.6321,-1,-1,-1
45,5,1356.34,568.79,81.03,216.34,0.6345,-1,-1,-1
45,6,0.64,792.64,67.42,228.98,0.6685,-1,-1,-1
45,8,495.46,172.50,74.27,194.11,0.3115,-1,-1,-1
45,9,173.98,358.46,55.57,195.44,0.3643,-1,-1,-1
45,10,790.49,149.18,58.84,175.70,0.4243,-1,-1,-1
45,14,1842.15,256.85,73.13,197.16,0.3492,-1,-1,-1
45,17,381.16,984.82,95.71,95.22,0.5952,-1,-1,-1
45,19,1019.46,161.66,65.59,182.58,0.3991,-1,-1,-1
46,1,395.20,360.63,82.61,231.87,0.7422,-1,-1,-1
46,2,101.69,546.35,77.85,246.26,0.7447,-1,-1,-1
46,3,1200.56,986.22,71.78,93.79,0.6854,-1,-1,-1
46,4,1720.76,459.20,75.05,206.56,0.6155,-1,-1,-1
46,5,1356.17,569.44,82.42,216.92,0.6039,-1,-1,-1
46,6,0.59,790.54,68.19,229.60,0.6718,-1,-1,-1
46,8,491.98,173.98,78.38,193.75,0.3314,-1,-1,-1
46,9,172.43,353.23,54.68,200.38,0.3621,-1,-1,-1
46,10,790.68,149.28,58.26,175.12,0.3893,-1,-1,-1
46,14,1843.34,257.34,74.15,200.88,0.3300,-1,-1,-1
46,17,380.04,978.32,96.57,101.38,0.6033,-1,-1,-1
46,19,1019.13,161.98,65.62,182.24,0.4088,-1,-1,-1
47,1,395.51,358.35,83.44,232.16,0.7461,-1,-1,-1
47,2,101.47,546.31,78.03,246.24,0.7292,-1,-1,-1
47,3,1201.41,986.20,73.09,93.78,0.6670,-1,-1,-1
47,4,1721.38,458.96,74.73,208.04,0.6306,-1,-1,-1
47,5,1356.60,569.49,81.44,215.79,0.5933,-1,-1,-1
47,6,0.73,789.47,68.88,232.09,0.6183,-1,-1,-1
47,7,903.85,173.23,75.40,199.79,0.3144,-1,-1,-1
47,8,507.75,180.00,57.36,186.61,0.3161,-1,-1,-1
47,9,169.66,344.48,58.58,208.80,0.3911,-1,-1,-1
47,10,789.97,149.41,60.30,174.81,0.4296,-1,-1,-1
47,14,1844.57,259.13,73.58,202.32,0.3460,-1,-1,-1
47,17,379.98,972.21,97.25,107.49,0.5909,-1,-1,-1
47,19,1018.99,162.86,63.73,183.61,0.3951,-1,-1,-1
48,1,396.33,356.90,83.65,229.73,0.7647,-1,-1,-1
48,2,101.64,546.08,77.82,246.97,0.7353,-1,-1,-1
48,3,1203.22,984.52,76.60,95.32,0.6326,-1,-1,-1
48,4,1721.50,459.57,74.33,206.10,0.6357,-1,-1,-1
48,5,1356.50,569.06,82.93,216.93,0.6132,-1,-1,-1
48,6,0.57,789.03,70.33,234.44,0.5857,-1,-1,-1
48,8,507.29,183.17,56.96,182.94,0.3326,-1,-1,-1
48,9,168.88,344.64,57.21,211.17,0.3360,-1,-1,-1
48,10,790.62,149.51,59.76,175.62,0.4552,-1,-1,-1
48,14,1847.74,262.96,67.05,200.57,0.3696,-1,-1,-1
48,17,378.83,965.04,98.99,114.66,0.6089,-1,-1,-1
48,19,1018.64,163.14,63.20,183.02,0.3309,-1,-1,-1
49,1,396.24,356.38,84.56,226.57,0.7608,-1,-1,-1
49,2,101.55,546.07,77.86,246.97,0.7393,-1,-1,-1
49,3,1203.44,983.43,77.61,96.51,0.6518,-1,-1,-1
49,4,1720.91,458.73,74.74,207.40,0.6575,-1,-1,-1
49,5,1356.52,569.56,82.50,218.03,0.6018,-1,-1,-1
49,6,0.29,785.63,72.29,246.34,0.6188,-1,-1,-1
49,8,492.59,180.09,75.26,188.51,0.3703,-1,-1,-1
49,9,166.94,353.04,58.62,203.70,0.3555,-1,-1,-1
49,10,790.42,149.20,60.38,176.06,0.4317,-1,-1,-1
49,14,1849.57,264.46,64.62,200.78,0.3337,-1,-1,-1
49,15,862.89,153.02,54.94,174.33,0.3164,-1,-1,-1
49,17,378.38,963.68,99.83,116.38,0.5888,-1,-1,-1
49,19,1016.47,164.69,65.31,182.94,0.3711,-1,-1,-1
50,1,395.86,355.01,85.80,225.95,0.7546,-1,-1,-1
50,2,101.62,546.12,77.89,246.51,0.7482,-1,-1,-1
50,3,1203.57,982.74,78.42,97.23,0.6281,-1,-1,-1
50,4,1721.07,459.10,74.31,206.71,0.6391,-1,-1,-1
50,5,1357.09,569.77,81.48,215.54,0.6122,-1,-1,-1
50,6,0.25,785.27,74.01,249.02,0.6055,-1,-1,-1
50,8,492.10,179.28,76.88,191.42,0.3775,-1,-1,-1
50,10,790.42,149.00,59.64,177.05,0.4070,-1,-1,-1
50,14,1852.59,266.15,66.03,200.03,0.3915,-1,-1,-1
50,17,380.84,961.35,97.75,117.50,0.5867,-1,-1,-1
50,19,1016.92,164.66,61.89,177.01,0.3841,-1,-1,-1
51,1,395.91,354.34,86.66,223.19,0.7538,-1,-1,-1
51,2,101.85,545.51,77.57,247.36,0.7505,-1,-1,-1
51,3,1204.35,981.56,78.83,98.37,0.6111,-1,-1,-1
51,4,1720.57,460.17,74.68,205.20,0.6227,-1,-1,-1
51,5,1357.09,569.19,81.31,214.75,0.6198,-1,-1,-1
51,6,1.05,783.22,73.86,247.35,0.6422,-1,-1,-1
51,8,493.33,180.14,76.15,191.62,0.3679,-1,-1,-1
51,10,790.54,148.70,59.72,177.73,0.4134,-1,-1,-1
51,14,1854.21,266.92,62.83,196.39,0.3626,-1,-1,-1
51,17,381.12,956.84,97.68,122.84,0.5503,-1,-1,-1
51,19,1016.74,166.69,61.76,174.34,0.4440,-1,-1,-1
52,1,396.94,353.14,86.60,224.12,0.7677,-1,-1,-1
52,2,102.18,545.42,76.86,247.02,0.7519,-1,-1,-1
52,3,1203.83,981.70,79.22,98.32,0.6304,-1,-1,-1
52,4,1722.24,456.02,73.07,210.38,0.6266,-1,-1,-1
52,5,1356.89,569.16,81.30,215.43,0.6233,-1,-1,-1
52,6,1.46,782.23,74.75,244.84,0.6113,-1,-1,-1
52,8,489.47,179.95,80.98,191.26,0.3819,-1,-1,-1
52,10,789.69,149.11,60.72,178.15,0.3952,-1,-1,-1
52,17,382.06,952.59,98.48,127.27,0.5450,-1,-1,-1
52,19,1016.20,168.31,63.09,179.44,0.4711,-1,-1,-1
53,1,398.56,351.42,85.10,226.09,0.7697,-1,-1,-1
53,2,102.59,545.16,75.62,247.50,0.7453,-1,-1,-1
53,3,1203.87,979.99,79.08,99.94,0.6525,-1,-1,-1
53,4,1722.18,455.96,73.42,209.43,0.6261,-1,-1,-1
53,5,1357.14,569.52,81.70,213.61,0.6401,-1,-1,-1
53,6,3.23,780.99,72.59,241.84,0.6510,-1,-1,-1
53,8,488.59,180.30,83.02,190.80,0.4034,-1,-1,-1
53,10,789.20,148.42,61.50,177.86,0.4121,-1,-1,-1
53,14,1860.00,265.03,59.48,197.73,0.3205,-1,-1,-1
53,17,381.99,949.98,101.33,129.60,0.6933,-1,-1,-1
53,19,1015.94,169.06,62.62,181.71,0.4505,-1,-1,-1
54,1,398.50,350.93,85.59,226.67,0.7711,-1,-1,-1
54,2,102.51,544.87,75.70,248.16,0.7479,-1,-1,-1
54,3,1202.87,979.78,80.51,100.22,0.6571,-1,-1,-1
54,4,1722.02,456.04,73.49,209.94,0.6240,-1,-1,-1
54,5,1356.95,569.13,82.14,214.05,0.6411,-1,-1,-1
54,6,5.49,778.20,70.34,237.18,0.6455,-1,-1,-1
54,8,488.22,180.25,84.35,190.68,0.3868,-1,-1,-1
54,10,789.58,148.76,61.62,176.97,0.3981,-1,-1,-1
54,14,1861.91,262.73,57.44,203.69,0.3113,-1,-1,-1
54,17,382.94,948.86,103.59,129.42,0.7180,-1,-1,-1
54,19,1013.88,171.22,62.22,181.79,0.4274,-1,-1,-1
55,1,399.56,349.69,84.71,228.61,0.7785,-1,-1,-1
55,2,102.49,545.17,75.78,248.59,0.7363,-1,-1,-1
55,3,1203.20,979.00,80.66,100.99,0.6651,-1,-1,-1
55,4,1722.23,456.92,74.17,210.75,0.6376,-1,-1,-1
55,5,1357.64,569.04,80.89,215.46,0.6082,-1,-1,-1
55,6,7.31,774.25,69.49,237.41,0.6805,-1,-1,-1
55,8,488.49,179.92,84.05,191.40,0.4235,-1,-1,-1
55,10,790.05,148.98,60.97,176.79,0.4251,-1,-1,-1
55,14,1864.46,262.09,55.10,207.49,0.3406,-1,-1,-1
55,17,383.08,947.20,106.51,131.65,0.6929,-1,-1,-1
55,19,1012.26,173.47,62.92,181.63,0.4561,-1,-1,-1
56,1,400.07,349.36,84.24,229.82,0.7878,-1,-1,-1
56,2,102.49,544.39,75.97,249.31,0.7376,-1,-1,-1
56,3,1202.89,977.31,80.87,102.63,0.6744,-1,-1,-1
56,4,1721.93,455.81,73.50,210.64,0.6445,-1,-1,-1
56,5,1357.08,569.23,80.71,216.34,0.6102,-1,-1,-1
56,6,7.78,771.95,70.25,235.13,0.6943,-1,-1,-1
56,8,488.66,180.00,81.83,191.44,0.4782,-1,-1,-1
56,10,790.08,148.77,61.46,177.76,0.4100,-1,-1,-1
56,16,1472.58,216.22,65.64,191.53,0.3182,-1,-1,-1
56,17,383.97,946.73,106.09,132.97,0.6985,-1,-1,-1
56,19,1014.07,175.04,60.18,180.24,0.4680,-1,-1,-1
57,1,400.01,348.13,83.76,230.86,0.7938,-1,-1,-1
57,2,102.35,544.91,76.07,249.50,0.7329,-1,-1,-1
57,3,1202.07,976.17,81.71,103.81,0.6850,-1,-1,-1
57,4,1721.76,458.68,73.44,207.17,0.6509,-1,-1,-1
57,5,1356.86,569.08,81.62,213.46,0.6174,-1,-1,-1
57,6,6.43,771.01,72.00,230.67,0.7197,-1,-1,-1
57,8,487.98,180.89,81.42,190.86,0.4590,-1,-1,-1
57,10,789.85,148.67,62.10,178.76,0.4009,-1,-1,-1
57,16,1470.82,215.64,64.87,190.39,0.3341,-1,-1,-1
57,17,385.69,945.94,105.57,133.44,0.7176,-1,-1,-1
57,19,1011.35,176.45,61.04,179.71,0.4636,-1,-1,-1
58,1,399.76,347.21,84.57,231.52,0.7873,-1,-1,-1
58,2,102.74,545.30,75.42,249.09,0.7288,-1,-1,-1
58,3,1201.22,976.25,83.20,103.77,0.6688,-1,-1,-1
58,4,1722.21,455.61,72.82,209.73,0.6400,-1,-1,-1
58,5,1357.15,569.49,81.12,214.87,0.6247,-1,-1,-1
58,6,6.57,767.33,74.15,229.07,0.7118,-1,-1,-1
58,8,488.40,181.47,80.12,191.07,0.4484,-1,-1,-1
58,10,790.24,148.98,61.54,178.55,0.3946,-1,-1,-1
58,16,1469.33,214.37,64.49,189.20,0.3099,-1,-1,-1
58,17,387.43,944.85,104.05,135.11,0.6723,-1,-1,-1
58,19,1011.11,179.30,59.85,179.04,0.4566,-1,-1,-1
59,1,401.31,345.61,83.51,233.26,0.7851,-1,-1,-1
59,2,102.71,545.13,75.29,249.46,0.7327,-1,-1,-1
59,3,1199.31,975.72,85.21,104.28,0.6719,-1,-1,-1
59,4,1723.00,455.99,72.95,210.90,0.6377,-1,-1,-1
59,5,1356.99,568.64,81.45,213.15,0.6413,-1,-1,-1
59,6,6.38,765.25,75.88,224.98,0.7217,-1,-1,-1
59,8,488.37,181.95,81.60,191.52,0.4378,-1,-1,-1
59,10,789.51,148.86,60.81,178.51,0.3894,-1,-1,-1
59,17,388.21,943.56,103.14,136.09,0.7142,-1,-1,-1
59,19,1009.93,180.39,60.71,178.36,0.3744,-1,-1,-1
60,1,402.06,346.00,82.18,231.55,0.7925,-1,-1,-1
60,2,102.22,545.20,75.85,250.53,0.7259,-1,-1,-1
60,3,1198.99,974.72,85.17,105.26,0.6700,-1,-1,-1
60,4,1721.98,458.74,73.62,207.49,0.6275,-1,-1,-1
60,5,1356.84,569.05,81.25,215.29,0.6262,-1,-1,-1
60,6,9.55,760.28,70.27,225.27,0.7345,-1,-1,-1
60,8,488.86,183.17,80.24,191.14,0.4531,-1,-1,-1
60,10,789.73,148.66,61.45,184.16,0.4231,-1,-1,-1
60,16,1466.63,211.95,64.17,192.42,0.3100,-1,-1,-1
60,17,387.70,940.35,105.43,138.64,0.7101,-1,-1,-1
60,19,1006.74,181.31,63.17,177.99,0.3406,-1,-1,-1
61,1,401.70,344.36,82.47,230.94,0.7977,-1,-1,-1
61,2,103.01,546.34,74.13,247.68,0.7279,-1,-1,-1
61,3,1196.46,972.09,86.08,107.80,0.6306,-1,-1,-1
61,4,1722.71,457.70,72.06,207.57,0.6112,-1,-1,-1
61,5,1357.31,569.29,80.87,214.12,0.6299,-1,-1,-1
61,6,10.27,758.09,68.92,225.79,0.7307,-1,-1,-1
61,8,493.42,189.62,72.39,187.03,0.4803,-1,-1,-1
61,10,788.83,148.57,62.88,187.45,0.3661,-1,-1,-1
61,17,386.93,938.95,107.78,140.57,0.6141,-1,-1,-1
61,19,1007.15,181.95,61.85,176.79,0.3029,-1,-1,-1
62,1,402.14,343.04,81.71,230.90,0.7907,-1,-1,-1
62,2,103.01,546.84,74.23,247.44,0.7287,-1,-1,-1
62,3,1195.79,972.38,86.52,107.67,0.6220,-1,-1,-1
62,4,1722.51,456.49,73.25,209.22,0.6000,-1,-1,-1
62,5,1357.70,569.27,80.43,214.71,0.6174,-1,-1,-1
62,6,10.91,756.41,68.86,225.89,0.7302,-1,-1,-1
62,8,492.92,190.28,72.88,188.87,0.4967,-1,-1,-1
62,10,790.23,148.19,61.02,186.94,0.3199,-1,-1,-1
62,17,385.59,936.62,108.54,142.01,0.5694,-1,-1,-1
62,19,1008.21,183.98,60.71,175.10,0.3032,-1,-1,-1
63,1,402.05,341.02,82.25,232.16,0.7965,-1,-1,-1
63,2,103.19,546.70,73.86,247.38,0.7298,-1,-1,-1
63,3,1194.16,971.93,87.52,108.09,0.6573,-1,-1,-1
63,4,1721.51,458.61,74.33,207.52,0.5906,-1,-1,-1
63,5,1356.93,568.87,81.18,213.58,0.6020,-1,-1,-1
63,6,10.26,755.49,71.33,229.62,0.7189,-1,-1,-1
63,8,491.31,188.51,74.49,195.56,0.5326,-1,-1,-1
63,17,385.86,934.64,106.91,144.29,0.6604,-1,-1,-1
64,1,402.29,338.44,82.41,232.17,0.7907,-1,-1,-1
64,2,102.45,546.42,74.78,248.67,0.7195,-1,-1,-1
64,3,1192.83,973.38,86.95,106.70,0.6856,-1,-1,-1
64,4,1721.96,456.40,73.75,209.56,0.6059,-1,-1,-1
64,5,1356.09,569.54,81.60,215.86,0.5977,-1,-1,-1
64,6,10.97,753.72,70.88,229.80,0.7204,-1,-1,-1
64,8,493.24,191.52,72.54,194.34,0.4907,-1,-1,-1
64,17,385.05,930.59,108.90,148.71,0.6716,-1,-1,-1
64,19,1003.83,186.38,62.35,171.30,0.3625,-1,-1,-1
65,1,402.01,336.81,82.77,232.19,0.7933,-1,-1,-1
65,2,102.73,547.09,74.59,246.89,0.7280,-1,-1,-1
65,3,1192.21,973.42,85.09,106.60,0.6846,-1,-1,-1
65,4,1720.48,459.67,75.40,206.70,0.6133,-1,-1,-1
65,5,1356.04,569.13,82.99,214.29,0.6283,-1,-1,-1
65,6,11.05,752.81,71.00,233.02,0.7136,-1,-1,-1
65,8,494.03,191.81,72.07,194.89,0.5081,-1,-1,-1
65,17,385.51,923.49,107.36,155.91,0.5634,-1,-1,-1
65,19,1003.59,187.22,62.43,171.55,0.3134,-1,-1,-1
66,1,402.23,334.91,83.23,231.95,0.7929,-1,-1,-1
66,2,102.69,546.33,75.64,247.94,0.7208,-1,-1,-1
66,3,1190.03,971.70,84.80,108.26,0.7063,-1,-1,-1
66,4,1719.75,459.35,75.84,207.75,0.6260,-1,-1,-1
66,5,1355.83,568.58,83.35,216.26,0.6046,-1,-1,-1
66,6,10.89,751.36,71.34,234.33,0.7134,-1,-1,-1
66,8,496.24,190.75,68.88,196.06,0.5281,-1,-1,-1
66,17,387.23,917.32,104.13,162.40,0.5605,-1,-1,-1
66,19,1004.23,187.97,60.07,174.45,0.3622,-1,-1,-1
67,1,402.08,333.95,84.71,228.98,0.7944,-1,-1,-1
67,2,102.77,546.79,75.82,247.51,0.7250,-1,-1,-1
67,3,1188.55,971.78,86.48,108.24,0.6942,-1,-1,-1
67,4,1720.61,458.95,74.89,206.83,0.5965,-1,-1,-1
67,5,1356.90,569.08,81.56,214.28,0.5982,-1,-1,-1
67,6,10.60,749.21,71.70,237.24,0.7028,-1,-1,-1
67,8,495.37,190.94,69.87,199.61,0.5657,-1,-1,-1
67,17,385.58,913.44,105.68,164.91,0.6553,-1,-1,-1
67,19,1002.51,187.63,59.49,175.31,0.4069,-1,-1,-1
68,1,402.98,333.58,84.20,226.76,0.7902,-1,-1,-1
68,2,102.65,546.62,75.94,247.84,0.7294,-1,-1,-1
68,3,1185.15,969.80,86.06,110.14,0.6957,-1,-1,-1
68,4,1721.54,459.48,74.10,206.97,0.6081,-1,-1,-1
68,5,1356.55,568.15,82.22,216.10,0.5953,-1,-1,-1
68,6,10.44,746.74,71.97,241.13,0.7077,-1,-1,-1
68,8,495.22,192.41,69.20,197.36,0.5750,-1,-1,-1
68,17,384.85,911.94,106.58,166.06,0.7051,-1,-1,-1
68,19,1001.07,188.10,61.30,176.69,0.4874,-1,-1,-1
69,1,402.60,332.30,85.55,225.71,0.7834,-1,-1,-1
69,2,102.84,546.62,75.20,248.24,0.7309,-1,-1,-1
69,3,1183.75,969.64,86.08,110.32,0.6797,-1,-1,-1
69,4,1722.70,457.13,74.45,212.26,0.5947,-1,-1,-1
69,5,1356.80,568.74,81.79,217.24,0.5962,-1,-1,-1
69,6,10.62,744.82,71.98,241.93,0.7102,-1,-1,-1
69,8,492.33,193.38,74.97,195.59,0.5869,-1,-1,-1
69,17,384.55,910.53,107.00,168.24,0.6853,-1,-1,-1
69,19,1000.73,187.81,62.09,177.23,0.5338,-1,-1,-1
70,1,402.66,331.46,86.08,223.98,0.7903,-1,-1,-1
70,2,103.15,546.28,74.69,248.44,0.7319,-1,-1,-1
70,3,1182.34,969.20,85.73,110.80,0.6649,-1,-1,-1
70,4,1722.95,455.31,74.30,212.53,0.6157,-1,-1,-1
70,5,1356.25,568.40,83.18,217.69,0.6087,-1,-1,-1
70,6,10.90,743.18,71.84,237.70,0.7152,-1,-1,-1
70,8,490.37,195.37,78.19,193.59,0.5919,-1,-1,-1
70,17,384.09,907.41,107.22,172.16,0.6793,-1,-1,-1
70,19,1000.38,187.70,61.36,178.05,0.5581,-1,-1,-1
71,1,403.07,329.95,85.45,223.72,0.7909,-1,-1,-1
71,2,102.24,545.11,76.06,250.44,0.7292,-1,-1,-1
71,3,1181.29,968.22,85.98,111.76,0.6676,-1,-1,-1
71,4,1722.30,456.56,74.88,211.11,0.6225,-1,-1,-1
71,5,1357.03,568.88,82.05,218.65,0.5627,-1,-1,-1
71,6,11.20,741.43,72.35,230.97,0.7212,-1,-1,-1
71,7,786.50,150.77,76.72,219.58,0.3588,-1,-1,-1
71,8,492.29,193.28,77.61,195.86,0.6135,-1,-1,-1
71,15,846.78,168.11,50.44,174.65,0.3337,-1,-1,-1
71,17,380.49,905.18,111.16,174.83,0.7093,-1,-1,-1
71,19,998.53,188.09,60.16,178.21,0.5614,-1,-1,-1
72,1,403.39,328.38,85.57,225.67,0.7885,-1,-1,-1
72,2,102.14,544.49,76.04,250.75,0.7259,-1,-1,-1
72,3,1180.21,965.86,85.07,114.04,0.5933,-1,-1,-1
72,4,1722.40,457.07,74.46,210.33,0.6192,-1,-1,-1
72,5,1357.22,569.12,82.22,218.17,0.6062,-1,-1,-1
72,6,10.73,737.63,73.65,228.41,0.7274,-1,-1,-1
72,7,780.19,147.37,84.71,222.57,0.3792,-1,-1,-1
72,8,487.37,193.33,84.13,196.33,0.5970,-1,-1,-1
72,15,843.96,169.49,52.74,175.88,0.3494,-1,-1,-1
72,17,379.84,903.74,111.26,176.30,0.7213,-1,-1,-1
72,19,998.27,188.46,58.29,178.92,0.5725,-1,-1,-1
73,1,404.50,327.84,84.80,227.23,0.7872,-1,-1,-1
73,2,101.86,545.17,76.33,250.02,0.7321,-1,-1,-1
73,3,1179.25,965.12,86.20,114.88,0.6094,-1,-1,-1
73,4,1722.87,456.19,74.47,213.08,0.6133,-1,-1,-1
73,5,1356.81,569.40,83.16,216.05,0.6160,-1,-1,-1
73,6,10.70,734.32,74.23,229.14,0.7478,-1,-1,-1
73,7,775.87,148.42,88.61,220.53,0.3039,-1,-1,-1
73,8,485.06,193.08,87.89,196.80,0.5927,-1,-1,-1
73,15,845.30,170.54,51.56,177.65,0.3473,-1,-1,-1
73,17,378.50,902.85,112.49,177.21,0.7151,-1,-1,-1
73,19,996.86,189.54,57.33,178.93,0.5500,-1,-1,-1
74,1,405.29,327.77,84.07,226.37,0.7842,-1,-1,-1
74,2,102.32,545.58,75.34,248.69,0.7220,-1,-1,-1
74,3,1178.13,965.03,87.42,115.01,0.6237,-1,-1,-1
74,4,1721.81,459.93,74.48,207.24,0.5958,-1,-1,-1
74,5,1356.47,569.55,82.92,214.99,0.6195,-1,-1,-1
74,6,10.72,732.12,74.86,225.49,0.7514,-1,-1,-1
74,8,484.67,194.90,88.90,195.00,0.5599,-1,-1,-1
74,15,844.92,171.38,53.24,179.44,0.3055,-1,-1,-1
74,17,378.84,900.76,111.88,179.27,0.6885,-1,-1,-1
74,19,998.14,190.11,54.59,181.04,0.5586,-1,-1,-1
75,1,405.12,326.95,84.33,226.95,0.7785,-1,-1,-1
75,2,101.85,545.10,75.42,249.52,0.7284,-1,-1,-1
75,3,1176.95,964.55,88.57,115.46,0.6363,-1,-1,-1
75,4,1722.27,457.19,74.26,211.81,0.6187,-1,-1,-1
75,5,1356.80,569.94,82.48,211.93,0.6548,-1,-1,-1
75,6,10.77,731.29,74.63,227.47,0.7486,-1,-1,-1
75,8,482.88,196.55,89.51,193.67,0.5708,-1,-1,-1
75,15,843.15,172.23,54.63,184.64,0.3013,-1,-1,-1
75,17,379.46,898.32,110.84,181.69,0.6778,-1,-1,-1
75,19,994.56,189.08,57.70,183.93,0.6141,-1,-1,-1
76,1,406.70,326.64,82.99,227.63,0.7724,-1,-1,-1
76,2,102.03,544.14,74.81,250.50,0.7220,-1,-1,-1
76,3,1176.80,963.95,88.66,116.05,0.6886,-1,-1,-1
76,4,1721.04,459.49,74.81,206.74,0.6303,-1,-1,-1
76,5,1356.15,570.62,83.19,212.42,0.6477,-1,-1,-1
76,6,11.03,729.49,74.08,230.96,0.7470,-1,-1,-1
76,8,486.32,200.14,86.67,191.24,0.5540,-1,-1,-1
76,16,1436.72,205.76,65.57,191.03,0.3226,-1,-1,-1
76,17,381.02,895.18,108.21,184.80,0.6904,-1,-1,-1
76,19,994.02,188.98,57.72,182.23,0.5748,-1,-1,-1
77,1,407.05,325.25,83.39,229.51,0.7668,-1,-1,-1
77,2,102.19,544.27,73.85,250.36,0.7224,-1,-1,-1
77,3,1176.71,963.93,88.24,116.09,0.6972,-1,-1,-1
77,4,1721.17,458.79,74.69,206.23,0.6226,-1,-1,-1
77,5,1355.86,569.90,84.78,214.89,0.6321,-1,-1,-1
77,6,11.08,728.06,74.10,231.25,0.7515,-1,-1,-1
77,8,494.22,201.74,77.67,188.66,0.5687,-1,-1,-1
77,16,1436.16,205.55,64.84,189.38,0.3562,-1,-1,-1
77,17,382.72,893.22,106.10,186.80,0.7466,-1,-1,-1
77,19,993.33,190.09,58.39,180.59,0.5922,-1,-1,-1
78,1,406.79,324.78,83.51,229.48,0.7694,-1,-1,-1
78,2,101.83,544.23,73.75,249.91,0.7233,-1,-1,-1
78,3,1176.36,963.10,88.32,116.90,0.7207,-1,-1,-1
78,4,1720.88,459.87,75.36,205.66,0.6372,-1,-1,-1
78,5,1355.40,571.55,85.30,214.54,0.6380,-1,-1,-1
78,6,10.62,727.02,75.91,233.96,0.7458,-1,-1,-1
78,8,490.69,205.16,78.37,186.37,0.6007,-1,-1,-1
78,16,1434.34,205.20,65.00,189.92,0.3353,-1,-1,-1
78,17,382.91,890.81,104.93,189.19,0.7540,-1,-1,-1
78,19,994.36,188.87,56.41,181.16,0.5644,-1,-1,-1
79,1,408.09,324.60,82.23,230.45,0.7798,-1,-1,-1
79,2,102.03,545.32,73.42,248.33,0.7258,-1,-1,-1
79,3,1176.26,963.18,88.06,116.84,0.7240,-1,-1,-1
79,4,1720.92,458.56,74.72,206.77,0.6468,-1,-1,-1
79,5,1355.21,572.47,85.28,213.53,0.6071,-1,-1,-1
79,6,11.46,726.70,75.83,233.01,0.7472,-1,-1,-1
79,8,489.70,202.73,80.76,192.09,0.5841,-1,-1,-1
79,17,385.90,887.14,101.68,192.83,0.7680,-1,-1,-1
79,19,992.13,190.42,58.35,178.62,0.5754,-1,-1,-1
80,1,409.65,324.40,80.80,229.39,0.7780,-1,-1,-1
80,2,102.25,545.65,72.97,248.20,0.7273,-1,-1,-1
80,3,1175.34,962.42,88.31,117.57,0.7371,-1,-1,-1
80,4,1721.07,459.97,75.12,206.08,0.6344,-1,-1,-1
80,5,1356.49,572.35,85.63,216.70,0.5754,-1,-1,-1
80,6,12.08,725.49,76.85,234.00,0.7277,-1,-1,-1
80,8,491.62,203.50,79.37,194.38,0.5726,-1,-1,-1
80,17,387.09,882.00,100.29,197.95,0.7885,-1,-1,-1
80,19,990.88,190.58,58.38,183.92,0.6078,-1,-1,-1
81,1,410.08,323.76,80.40,227.39,0.7615,-1,-1,-1
81,2,102.68,544.82,72.08,248.53,0.7278,-1,-1,-1
81,3,1176.76,961.91,86.33,118.09,0.7442,-1,-1,-1
81,4,1721.61,459.21,74.77,206.46,0.6201,-1,-1,-1
81,5,1355.61,571.71,85.94,217.67,0.5507,-1,-1,-1
81,6,13.18,724.91,75.30,233.68,0.7207,-1,-1,-1
81,8,492.21,204.25,78.48,196.57,0.5468,-1,-1,-1
81,16,1427.34,202.40,60.31,187.70,0.3166,-1,-1,-1
81,17,387.92,878.92,99.72,201.08,0.7855,-1,-1,-1
81,19,989.84,191.22,58.41,182.91,0.6100,-1,-1,-1
82,1,412.51,323.60,79.69,226.38,0.7528,-1,-1,-1
82,2,102.38,545.92,72.27,246.77,0.7279,-1,-1,-1
82,3,1176.21,961.42,85.43,118.58,0.7317,-1,-1,-1
82,4,1721.48,459.38,74.47,206.71,0.6201,-1,-1,-1
82,5,1355.85,571.91,85.76,217.63,0.5451,-1,-1,-1
82,6,13.22,721.87,77.24,236.49,0.7266,-1,-1,-1
82,8,494.70,207.15,76.58,194.95,0.5545,-1,-1,-1
82,16,1426.09,199.84,60.45,188.64,0.3005,-1,-1,-1
82,17,386.83,875.42,101.84,204.57,0.7833,-1,-1,-1
82,19,988.67,190.98,57.60,183.25,0.6095,-1,-1,-1
83,1,411.92,321.83,81.52,226.16,0.7641,-1,-1,-1
83,2,101.87,545.85,72.44,247.44,0.7278,-1,-1,-1
83,3,1175.51,961.88,84.68,118.16,0.7057,-1,-1,-1
83,4,1722.14,459.61,73.68,204.96,0.6159,-1,-1,-1
83,5,1356.24,571.27,85.66,218.95,0.5500,-1,-1,-1
83,6,14.87,720.50,75.62,237.82,0.7177,-1,-1,-1
83,8,494.27,207.16,78.71,194.93,0.5793,-1,-1,-1
83,16,1424.39,201.15,60.60,187.23,0.3057,-1,-1,-1
83,17,388.07,873.40,101.63,206.62,0.7796,-1,-1,-1
83,19,987.01,191.50,57.73,182.48,0.5994,-1,-1,-1
84,1,413.64,320.01,79.89,225.95,0.7627,-1,-1,-1
84,2,102.14,545.96,72.48,247.45,0.7183,-1,-1,-1
84,3,1174.81,961.54,84.49,118.46,0.7224,-1,-1,-1
84,4,1721.61,459.56,74.49,205.87,0.5940,-1,-1,-1
84,5,1356.26,571.92,85.40,216.75,0.5437,-1,-1,-1
84,6,14.89,718.68,75.38,239.76,0.7199,-1,-1,-1
84,8,496.07,208.40,77.08,196.55,0.5983,-1,-1,-1
84,10,793.99,149.19,55.43,170.99,0.3684,-1,-1,-1
84,17,388.25,871.13,102.55,208.88,0.7700,-1,-1,-1
84,19,985.94,191.84,57.47,182.23,0.6085,-1,-1,-1
85,1,413.45,318.43,81.94,224.47,0.7575,-1,-1,-1
85,2,101.80,544.97,73.09,249.26,0.7187,-1,-1,-1
85,3,1174.60,961.55,83.89,118.46,0.7154,-1,-1,-1
85,4,1721.03,460.58,75.16,205.76,0.5994,-1,-1,-1
85,5,1356.83,573.25,85.82,221.32,0.4904,-1,-1,-1
85,6,15.73,717.86,76.59,240.32,0.7212,-1,-1,-1
85,8,496.03,209.22,77.52,195.07,0.5914,-1,-1,-1
85,10,793.35,149.36,54.92,170.74,0.3151,-1,-1,-1
85,17,388.75,869.27,102.77,210.75,0.7789,-1,-1,-1
85,19,983.09,190.60,59.52,184.88,0.5486,-1,-1,-1
86,1,414.52,317.34,81.60,221.39,0.7630,-1,-1,-1
86,2,101.98,546.07,73.41,247.34,0.7209,-1,-1,-1
86,3,1172.54,961.16,85.46,118.84,0.7081,-1,-1,-1
86,4,1722.11,457.49,74.93,209.67,0.6081,-1,-1,-1
86,5,1357.24,573.51,85.28,214.34,0.5336,-1,-1,-1
86,6,17.23,715.91,75.78,235.07,0.7461,-1,-1,-1
86,8,496.24,209.02,78.35,197.75,0.6102,-1,-1,-1
86,10,793.06,149.50,56.08,172.27,0.3062,-1,-1,-1
86,16,1419.65,198.27,60.52,189.95,0.3150,-1,-1,-1
86,17,389.50,866.55,102.81,213.45,0.7884,-1,-1,-1
86,19,980.58,191.35,60.73,185.07,0.4825,-1,-1,-1
87,1,413.97,316.69,84.17,220.32,0.7753,-1,-1,-1
87,2,102.00,545.66,73.61,247.18,0.7339,-1,-1,-1
87,3,1173.41,960.69,83.31,119.31,0.7056,-1,-1,-1
87,4,1721.14,460.25,74.56,206.71,0.6337,-1,-1,-1
87,5,1357.08,573.73,84.01,215.01,0.5166,-1,-1,-1
87,6,18.97,713.54,74.16,225.23,0.7605,-1,-1,-1
87,8,495.71,209.86,80.55,195.86,0.6204,-1,-1,-1
87,10,792.03,149.24,57.14,173.31,0.3228,-1,-1,-1
87,15,835.15,179.44,61.39,189.33,0.3396,-1,-1,-1
87,17,389.75,864.75,103.94,215.26,0.7884,-1,-1,-1
87,19,978.61,191.68,62.52,181.47,0.4578,-1,-1,-1
87,21,747.52,186.88,51.96,178.14,0.4062,-1,-1,-1
88,1,413.72,315.43,85.07,220.08,0.7855,-1,-1,-1
88,2,101.99,546.30,73.60,246.31,0.7177,-1,-1,-1
88,3,1170.85,960.28,84.24,119.72,0.7422,-1,-1,-1
88,4,1720.67,460.19,74.91,206.30,0.6468,-1,-1,-1
88,5,1357.29,572.79,84.09,216.01,0.5495,-1,-1,-1
88,6,18.66,710.16,75.04,225.90,0.7287,-1,-1,-1
88,8,497.20,209.40,81.36,197.81,0.6166,-1,-1,-1
88,10,791.78,150.22,56.88,170.68,0.3240,-1,-1,-1
88,17,390.17,862.30,105.67,217.71,0.8054,-1,-1,-1
88,19,976.70,191.28,63.27,186.02,0.4209,-1,-1,-1
88,21,742.65,187.06,55.87,177.09,0.3602,-1,-1,-1
89,1,413.98,313.80,84.69,220.12,0.7766,-1,-1,-1
89,2,101.92,546.34,73.57,245.55,0.7233,-1,-1,-1
89,3,1171.28,959.80,81.33,120.12,0.7522,-1,-1,-1
89,4,1720.10,458.98,74.93,207.42,0.6361,-1,-1,-1
89,5,1357.17,573.90,84.44,217.89,0.5392,-1,-1,-1
89,6,17.99,705.44,76.89,227.70,0.7358,-1,-1,-1
89,8,497.48,208.14,83.13,199.48,0.6147,-1,-1,-1
89,17,391.60,861.72,103.79,218.31,0.8131,-1,-1,-1
89,19,975.53,193.42,64.08,185.08,0.4931,-1,-1,-1
90,1,414.99,312.46,84.20,220.49,0.7463,-1,-1,-1
90,2,101.71,546.69,73.82,245.18,0.7134,-1,-1,-1
90,3,1170.63,958.54,80.87,121.44,0.7640,-1,-1,-1
90,4,1720.42,459.40,74.42,206.74,0.6227,-1,-1,-1
90,5,1356.77,572.96,83.01,216.58,0.5371,-1,-1,-1
90,6,20.22,703.94,74.22,227.94,0.7339,-1,-1,-1
90,8,499.05,207.28,84.22,198.99,0.5991,-1,-1,-1
90,17,392.60,860.23,102.77,219.78,0.8173,-1,-1,-1
90,19,974.23,195.29,64.98,184.72,0.4124,-1,-1,-1
91,1,416.39,311.07,82.05,223.07,0.7442,-1,-1,-1
91,2,102.11,546.94,73.60,244.70,0.7042,-1,-1,-1
91,3,1169.33,957.28,80.80,122.71,0.7737,-1,-1,-1
91,4,1720.18,460.31,74.64,206.59,0.6289,-1,-1,-1
91,5,1356.86,572.12,83.68,219.72,0.5257,-1,-1,-1
91,6,21.19,700.76,73.83,226.94,0.7229,-1,-1,-1
91,8,501.95,208.48,78.76,199.18,0.5637,-1,-1,-1
91,17,391.94,857.82,104.32,222.18,0.8023,-1,-1,-1
91,19,974.06,193.51,63.08,184.04,0.3692,-1,-1,-1
92,1,416.73,310.94,82.49,223.95,0.7394,-1,-1,-1
92,2,102.21,546.69,73.36,245.07,0.7011,-1,-1,-1
92,3,1169.10,956.92,79.00,123.09,0.7608,-1,-1,-1
92,4,1720.84,459.99,74.48,206.84,0.6310,-1,-1,-1
92,5,1357.18,572.05,83.11,216.34,0.5328,-1,-1,-1
92,6,22.52,696.74,72.06,229.55,0.7176,-1,-1,-1
92,8,500.08,212.14,79.74,195.55,0.5911,-1,-1,-1
92,17,392.76,854.22,102.53,225.76,0.7953,-1,-1,-1
92,19,972.39,195.65,63.09,183.10,0.3984,-1,-1,-1
93,1,417.14,309.81,82.41,225.00,0.7306,-1,-1,-1
93,2,102.25,547.04,72.89,244.78,0.6920,-1,-1,-1
93,3,1168.12,956.71,78.36,123.29,0.7792,-1,-1,-1
93,4,1720.71,459.98,74.74,206.42,0.6208,-1,-1,-1
93,5,1356.90,571.90,82.75,216.44,0.5182,-1,-1,-1
93,6,23.52,698.22,71.24,225.55,0.7093,-1,-1,-1
93,8,501.66,209.35,78.74,198.32,0.5532,-1,-1,-1
93,17,393.81,850.92,102.75,229.07,0.8024,-1,-1,-1
93,19,973.09,195.54,61.72,185.94,0.3527,-1,-1,-1
94,1,417.11,309.21,82.44,225.02,0.7310,-1,-1,-1
94,2,102.11,547.15,73.65,244.59,0.6883,-1,-1,-1
94,3,1167.30,955.51,76.75,124.48,0.7913,-1,-1,-1
94,4,1721.64,460.22,74.35,207.03,0.6233,-1,-1,-1
94,5,1356.92,572.48,83.51,217.16,0.4741,-1,-1,-1
94,6,23.87,697.38,70.82,224.69,0.7143,-1,-1,-1
94,8,501.38,211.02,77.59,199.08,0.5256,-1,-1,-1
94,17,394.27,849.01,102.70,231.01,0.7916,-1,-1,-1
94,19,971.99,197.06,61.94,186.14,0.3334,-1,-1,-1
95,1,416.44,307.99,82.88,226.86,0.7427,-1,-1,-1
95,2,101.92,547.12,73.77,244.34,0.6853,-1,-1,-1
95,3,1165.54,953.66,77.68,126.31,0.7874,-1,-1,-1
95,4,1721.77,460.01,73.30,206.96,0.6117,-1,-1,-1
95,5,1356.79,573.68,83.46,216.35,0.4456,-1,-1,-1
95,6,25.40,696.44,68.93,226.23,0.7151,-1,-1,-1
95,8,503.51,213.20,76.13,199.29,0.4969,-1,-1,-1
95,17,395.26,843.67,100.95,236.28,0.7974,-1,-1,-1
95,19,971.10,197.48,61.51,188.13,0.3203,-1,-1,-1
96,1,417.72,307.30,84.02,227.08,0.7600,-1,-1,-1
96,2,101.79,546.88,73.61,243.93,0.6778,-1,-1,-1
96,3,1164.86,953.17,75.91,126.84,0.7955,-1,-1,-1
96,4,1721.56,458.97,73.69,207.09,0.6219,-1,-1,-1
96,5,1357.00,573.69,84.43,220.86,0.4978,-1,-1,-1
96,6,26.17,694.15,68.30,229.37,0.7193,-1,-1,-1
96,8,507.83,211.99,78.39,203.85,0.5504,-1,-1,-1
96,17,395.22,841.37,100.58,238.63,0.8076,-1,-1,-1
96,19,968.52,199.65,61.04,189.97,0.4080,-1,-1,-1
96,22,1170.31,155.91,89.13,167.22,0.3009,-1,-1,-1
97,1,417.52,306.79,83.25,227.40,0.7582,-1,-1,-1
97,2,101.97,547.02,73.40,244.91,0.6833,-1,-1,-1
97,3,1163.29,951.49,74.91,128.49,0.7830,-1,-1,-1
97,4,1721.82,459.49,74.09,207.75,0.6386,-1,-1,-1
97,5,1356.53,572.41,83.77,221.47,0.5215,-1,-1,-1
97,6,25.74,693.22,69.16,228.85,0.7185,-1,-1,-1
97,8,509.99,213.44,74.84,204.49,0.5288,-1,-1,-1
97,17,395.46,841.28,98.24,238.77,0.8020,-1,-1,-1
97,19,966.43,199.48,61.14,190.88,0.3787,-1,-1,-1
98,1,418.35,305.14,82.62,229.19,0.7627,-1,-1,-1
98,2,101.77,546.75,73.50,244.77,0.6731,-1,-1,-1
98,3,1160.99,949.26,76.24,130.71,0.7766,-1,-1,-1
98,4,1722.04,455.77,73.81,211.46,0.6372,-1,-1,-1
98,5,1357.09,572.94,81.91,218.49,0.5183,-1,-1,-1
98,6,25.98,692.84,69.03,229.29,0.7197,-1,-1,-1
98,8,511.12,214.31,73.21,204.64,0.5613,-1,-1,-1
98,17,395.09,839.09,97.14,240.92,0.8025,-1,-1,-1
98,19,964.50,199.70,62.22,190.36,0.4792,-1,-1,-1
99,1,418.61,305.09,83.36,228.78,0.7623,-1,-1,-1
99,2,101.66,546.43,73.55,245.21,0.6740,-1,-1,-1
99,3,1159.62,946.36,76.77,133.59,0.7661,-1,-1,-1
99,4,1722.15,459.25,73.68,208.44,0.6248,-1,-1,-1
99,5,1356.97,573.27,82.15,213.58,0.5439,-1,-1,-1
99,6,26.44,692.11,69.16,229.00,0.7220,-1,-1,-1
99,8,512.74,214.50,70.83,204.54,0.5247,-1,-1,-1
99,17,394.73,833.98,97.06,245.98,0.8040,-1,-1,-1
99,19,962.68,200.33,61.69,189.84,0.4278,-1,-1,-1
99,22,1165.40,159.78,89.91,163.69,0.3311,-1,-1,-1
100,1,419.79,303.21,82.98,229.35,0.7518,-1,-1,-1
100,2,101.97,545.20,72.91,248.43,0.6635,-1,-1,-1
100,3,1158.87,946.11,74.79,133.91,0.7549,-1,-1,-1
100,4,1721.84,459.49,73.78,207.93,0.6092,-1,-1,-1
100,5,1356.89,574.26,82.24,214.17,0.5219,-1,-1,-1
100,6,26.49,690.07,70.36,229.96,0.7321,-1,-1,-1
100,8,511.39,213.91,70.46,206.73,0.4418,-1,-1,-1
100,17,393.56,831.83,97.19,248.17,0.7951,-1,-1,-1
100,19,961.43,201.45,60.59,188.46,0.4511,-1,-1,-1
100,22,1166.97,161.42,88.80,161.96,0.3744,-1,-1,-1
101,1,419.90,302.23,83.53,229.52,0.7660,-1,-1,-1
101,2,102.09,545.02,73.16,248.64,0.6691,-1,-1,-1
101,3,1157.12,945.51,74.73,133.81,0.7602,-1,-1,-1
101,4,1721.71,459.75,74.21,207.87,0.6193,-1,-1,-1
101,5,1356.88,574.55,82.42,214.56,0.5131,-1,-1,-1
101,6,27.99,687.63,69.75,226.31,0.7360,-1,-1,-1
101,8,511.81,216.81,71.81,207.47,0.5113,-1,-1,-1
101,17,391.69,830.38,98.02,249.64,0.7904,-1,-1,-1
101,19,960.16,201.82,60.46,184.22,0.4394,-1,-1,-1
101,22,1167.69,163.16,84.17,160.41,0.3462,-1,-1,-1
102,1,420.74,299.92,82.50,229.74,0.7644,-1,-1,-1
102,2,102.33,544.65,73.30,248.73,0.6745,-1,-1,-1
102,3,1156.16,944.02,72.97,134.61,0.7409,-1,-1,-1
102,4,1721.96,460.07,73.39,207.10,0.6224,-1,-1,-1
102,5,1356.98,574.48,82.46,217.03,0.5021,-1,-1,-1
102,6,28.21,685.01,70.21,223.72,0.7533,-1,-1,-1
102,8,512.18,217.41,72.35,207.45,0.5148,-1,-1,-1
102,17,390.24,827.14,99.36,252.84,0.7981,-1,-1,-1
102,19,957.27,203.39,60.78,183.48,0.4930,-1,-1,-1
102,24,477.80,135.77,58.27,195.02,0.3717,-1,-1,-1
103,1,420.39,299.03,82.68,227.82,0.7478,-1,-1,-1
103,2,102.41,544.74,73.07,249.24,0.6718,-1,-1,-1
103,3,1154.55,941.07,72.08,137.52,0.7410,-1,-1,-1
103,4,1721.04,459.87,74.53,206.57,0.6110,-1,-1,-1
103,5,1357.43,573.88,82.90,218.28,0.4881,-1,-1,-1
103,6,30.46,684.25,68.99,219.37,0.7641,-1,-1,-1
103,8,511.22,216.71,74.29,210.01,0.5130,-1,-1,-1
103,17,388.36,825.71,101.15,254.31,0.7944,-1,-1,-1
103,19,954.29,200.70,61.05,184.94,0.4965,-1,-1,-1
104,1,421.10,299.27,81.36,224.29,0.7410,-1,-1,-1
104,2,102.70,543.97,72.94,250.19,0.6567,-1,-1,-1
104,3,1151.96,941.64,71.00,137.16,0.7273,-1,-1,-1
104,4,1721.67,459.13,73.04,206.81,0.6162,-1,-1,-1
104,5,1357.30,574.38,83.16,219.01,0.4486,-1,-1,-1
104,6,32.36,682.05,68.12,219.91,0.7643,-1,-1,-1
104,8,512.52,216.48,76.91,209.88,0.5278,-1,-1,-1
104,17,386.89,822.75,102.19,257.24,0.8052,-1,-1,-1
104,19,952.68,201.44,60.89,184.93,0.4648,-1,-1,-1
105,1,420.49,298.17,82.62,218.98,0.7366,-1,-1,-1
105,2,102.78,544.42,73.23,249.67,0.6829,-1,-1,-1
105,3,1150.91,940.64,69.50,137.47,0.7222,-1,-1,-1
105,4,1721.13,458.77,74.70,207.03,0.6148,-1,-1,-1
105,5,1357.22,574.73,85.13,225.40,0.4627,-1,-1,-1
105,6,34.97,681.18,67.86,222.19,0.7763,-1,-1,-1
105,8,514.37,221.13,73.79,205.09,0.5061,-1,-1,-1
105,17,386.65,821.41,102.19,258.60,0.8103,-1,-1,-1
105,19,950.69,201.01,60.45,187.10,0.4982,-1,-1,-1
105,24,477.33,143.05,56.67,185.40,0.3206,-1,-1,-1
106,1,421.38,296.92,81.61,215.54,0.7385,-1,-1,-1
106,2,102.99,545.92,73.23,248.43,0.6617,-1,-1,-1
106,3,1149.87,939.89,68.76,138.83,0.7098,-1,-1,-1
106,4,1721.32,459.84,73.86,206.74,0.6220,-1,-1,-1
106,5,1356.93,573.92,82.59,219.58,0.4964,-1,-1,-1
106,6,35.52,679.90,71.07,222.89,0.7827,-1,-1,-1
106,8,513.96,219.86,73.53,205.47,0.4992,-1,-1,-1
106,17,385.46,819.28,102.54,260.73,0.8043,-1,-1,-1
106,19,949.06,201.34,59.73,186.37,0.5160,-1,-1,-1
107,1,420.85,295.67,81.70,215.61,0.7489,-1,-1,-1
107,2,103.17,546.28,73.27,248.94,0.6631,-1,-1,-1
107,3,1147.51,938.28,70.71,140.52,0.7247,-1,-1,-1
107,4,1720.94,459.62,74.43,206.80,0.6308,-1,-1,-1
107,5,1356.96,574.59,84.79,223.07,0.4665,-1,-1,-1
107,6,35.47,679.18,76.82,222.49,0.7871,-1,-1,-1
107,8,514.01,223.67,72.49,201.96,0.5120,-1,-1,-1
107,17,385.62,818.08,101.01,261.93,0.8076,-1,-1,-1
107,19,949.43,204.58,58.40,186.56,0.5247,-1,-1,-1
108,1,420.80,294.31,81.97,216.59,0.7383,-1,-1,-1
108,2,103.04,545.96,73.87,250.57,0.6416,-1,-1,-1
108,3,1145.54,938.07,71.13,140.29,0.7298,-1,-1,-1
108,4,1720.85,459.09,74.33,207.16,0.6401,-1,-1,-1
108,5,1356.78,575.09,85.51,221.67,0.4991,-1,-1,-1
108,6,36.58,676.92,81.19,225.15,0.8082,-1,-1,-1
108,8,515.54,223.93,67.64,202.01,0.4524,-1,-1,-1
108,17,385.80,816.38,100.40,263.62,0.8065,-1,-1,-1
108,19,946.15,205.68,60.40,189.30,0.5481,-1,-1,-1
108,22,1162.66,153.36,56.86,169.27,0.3970,-1,-1,-1
109,1,419.38,294.01,83.94,216.48,0.7413,-1,-1,-1
109,2,103.09,545.50,73.37,251.72,0.6548,-1,-1,-1
109,3,1143.60,937.13,71.32,142.11,0.7533,-1,-1,-1
109,4,1721.90,458.61,72.81,206.37,0.6151,-1,-1,-1
109,5,1356.37,575.27,83.09,216.81,0.5245,-1,-1,-1
109,6,38.37,676.30,78.62,225.63,0.8145,-1,-1,-1
109,8,515.72,225.25,67.35,200.84,0.4467,-1,-1,-1
109,17,385.75,811.02,99.64,268.93,0.8131,-1,-1,-1
109,19,945.54,204.60,59.19,188.29,0.6071,-1,-1,-1
109,22,1160.89,153.08,56.89,167.79,0.3705,-1,-1,-1
110,1,419.32,291.41,84.71,218.97,0.7467,-1,-1,-1
110,2,103.05,544.96,73.57,254.72,0.6552,-1,-1,-1
110,3,1140.56,936.90,72.74,142.86,0.7566,-1,-1,-1
110,4,1721.47,459.54,73.68,207.83,0.6224,-1,-1,-1
110,5,1356.75,576.35,84.31,217.89,0.5024,-1,-1,-1
110,6,38.13,673.49,89.00,226.42,0.7994,-1,-1,-1
110,8,513.99,227.41,64.42,198.35,0.4354,-1,-1,-1
110,17,386.42,805.49,98.12,274.47,0.8169,-1,-1,-1
110,19,944.82,205.93,57.49,186.73,0.6181,-1,-1,-1
110,22,1158.34,150.37,57.94,172.87,0.3678,-1,-1,-1
111,1,420.01,288.89,84.84,222.41,0.7341,-1,-1,-1
111,2,102.80,544.71,73.39,255.38,0.6583,-1,-1,-1
111,3,1138.29,936.04,73.26,143.96,0.7606,-1,-1,-1
111,4,1722.01,456.24,73.37,210.46,0.5936,-1,-1,-1
111,5,1356.71,575.51,81.86,213.40,0.5081,-1,-1,-1
111,6,40.86,671.43,90.73,226.22,0.7702,-1,-1,-1
111,8,516.32,227.69,73.48,199.19,0.5173,-1,-1,-1
111,17,387.90,801.36,97.23,278.62,0.8207,-1,-1,-1
111,19,942.67,207.03,59.27,186.98,0.6484,-1,-1,-1
111,22,1154.02,149.59,56.52,170.83,0.3393,-1,-1,-1
112,1,419.21,287.86,84.93,223.11,0.7348,-1,-1,-1
112,2,103.20,544.70,72.65,254.96,0.6414,-1,-1,-1
112,3,1138.15,934.72,72.35,145.27,0.7561,-1,-1,-1
112,4,1721.99,456.46,73.78,210.73,0.6127,-1,-1,-1
112,5,1357.33,574.93,81.17,211.81,0.5605,-1,-1,-1
112,6,43.72,670.38,89.86,225.97,0.7174,-1,-1,-1
112,8,517.53,231.13,73.92,198.09,0.5553,-1,-1,-1
112,17,388.68,799.80,96.06,276.06,0.8148,-1,-1,-1
112,19,940.70,209.55,59.53,185.22,0.6367,-1,-1,-1
112,22,1151.22,149.56,59.49,169.10,0.4271,-1,-1,-1
113,1,420.23,287.19,85.10,224.12,0.7437,-1,-1,-1
113,2,103.71,545.52,72.02,251.87,0.6696,-1,-1,-1
113,3,1134.96,934.42,73.91,145.60,0.7561,-1,-1,-1
113,4,1721.60,460.11,73.99,205.79,0.6321,-1,-1,-1
113,5,1356.79,575.72,83.42,216.17,0.5355,-1,-1,-1
113,6,47.62,670.34,79.78,225.06,0.6615,-1,-1,-1
113,8,518.08,233.46,73.39,198.21,0.5480,-1,-1,-1
113,17,388.43,797.58,95.96,271.66,0.8059,-1,-1,-1
113,19,940.37,210.15,57.95,185.22,0.6518,-1,-1,-1
113,22,1146.33,150.35,63.56,167.23,0.4302,-1,-1,-1
114,1,419.62,286.19,87.27,223.25,0.7351,-1,-1,-1
114,2,103.67,545.45,72.10,251.26,0.6596,-1,-1,-1
114,3,1133.13,933.47,73.29,146.53,0.7547,-1,-1,-1
114,4,1721.84,456.54,73.53,210.34,0.6197,-1,-1,-1
114,5,1356.93,575.25,82.03,215.38,0.5363,-1,-1,-1
114,6,48.38,668.04,81.99,226.14,0.6566,-1,-1,-1
114,8,519.68,235.36,74.19,201.00,0.5681,-1,-1,-1
114,17,389.12,794.07,95.86,270.59,0.8079,-1,-1,-1
114,19,937.07,209.55,58.63,185.62,0.6028,-1,-1,-1
114,22,1133.10,149.85,75.28,167.35,0.3072,-1,-1,-1
114,24,475.66,154.58,60.10,178.15,0.3257,-1,-1,-1
115,1,420.14,286.85,86.94,222.43,0.7587,-1,-1,-1
115,2,104.02,545.42,71.31,253.05,0.6313,-1,-1,-1
115,3,1128.93,933.93,75.84,146.10,0.7633,-1,-1,-1
115,4,1721.55,456.79,74.51,210.82,0.6517,-1,-1,-1
115,5,1356.99,574.80,82.95,214.13,0.5490,-1,-1,-1
115,6,52.76,665.88,81.44,227.33,0.6841,-1,-1,-1
115,8,521.58,236.45,74.96,201.49,0.6077,-1,-1,-1
115,17,389.25,790.63,98.15,269.62,0.8049,-1,-1,-1
115,19,937.28,210.47,57.12,183.94,0.6124,-1,-1,-1
115,24,476.26,155.03,58.90,175.90,0.3448,-1,-1,-1
116,1,419.42,285.69,87.17,223.67,0.7554,-1,-1,-1
116,2,103.53,546.17,70.98,247.78,0.5932,-1,-1,-1
116,3,1126.61,934.35,75.22,145.61,0.7660,-1,-1,-1
116,4,1721.60,460.45,73.93,206.72,0.6297,-1,-1,-1
116,5,1356.53,575.17,83.77,217.73,0.5442,-1,-1,-1
116,6,58.93,664.60,76.28,221.18,0.6925,-1,-1,-1
116,8,520.07,235.40,74.47,203.03,0.5904,-1,-1,-1
116,17,390.69,788.33,98.75,272.49,0.8108,-1,-1,-1
116,19,934.95,211.01,58.60,182.49,0.5616,-1,-1,-1
116,22,1116.88,149.86,85.66,169.01,0.3418,-1,-1,-1
116,24,475.03,153.82,60.59,177.34,0.3677,-1,-1,-1
117,1,419.81,285.29,86.83,223.92,0.7546,-1,-1,-1
117,2,103.31,545.75,70.90,245.12,0.5549,-1,-1,-1
117,3,1124.24,934.29,76.03,145.10,0.7593,-1,-1,-1
117,4,1721.26,459.64,74.24,206.63,0.6431,-1,-1,-1
117,5,1356.10,576.21,84.74,221.24,0.5567,-1,-1,-1
117,6,66.71,664.77,73.54,216.48,0.7182,-1,-1,-1
117,8,520.30,236.10,74.08,203.59,0.5523,-1,-1,-1
117,17,390.20,787.15,100.10,272.14,0.8087,-1,-1,-1
117,19,934.38,210.79,56.31,180.70,0.5329,-1,-1,-1
117,22,1108.96,147.17,90.22,172.82,0.3494,-1,-1,-1
118,1,420.84,284.94,85.46,223.78,0.7446,-1,-1,-1
118,2,99.49,545.18,75.17,246.50,0.5335,-1,-1,-1
118,3,1121.02,934.18,77.86,145.60,0.7776,-1,-1,-1
118,4,1721.53,459.88,73.86,206.48,0.6523,-1,-1,-1
118,5,1356.41,575.57,84.01,214.93,0.5140,-1,-1,-1
118,6,71.63,666.52,70.86,211.61,0.6107,-1,-1,-1
118,8,520.00,235.32,74.36,207.15,0.5837,-1,-1,-1
118,17,390.21,785.38,101.55,275.99,0.7998,-1,-1,-1
118,19,930.09,211.40,59.18,183.37,0.5609,-1,-1,-1
118,22,1107.77,146.75,89.31,173.33,0.3865,-1,-1,-1
119,1,420.69,284.65,85.30,223.69,0.7466,-1,-1,-1
119,2,99.24,546.96,75.06,254.74,0.5138,-1,-1,-1
119,3,1117.73,934.23,78.32,145.77,0.7949,-1,-1,-1
119,4,1720.64,459.58,75.15,206.86,0.6540,-1,-1,-1
119,5,1356.95,575.92,83.12,217.35,0.4828,-1,-1,-1
119,6,75.85,669.37,72.28,208.61,0.5400,-1,-1,-1
119,8,520.11,237.18,72.52,207.32,0.6031,-1,-1,-1
119,17,392.44,784.11,100.38,274.58,0.8012,-1,-1,-1
119,19,930.89,210.63,55.90,185.82,0.5357,-1,-1,-1
119,22,1104.67,145.86,91.27,174.98,0.4330,-1,-1,-1
119,24,478.42,160.57,56.18,171.06,0.3114,-1,-1,-1
120,1,420.98,284.02,84.87,224.53,0.7468,-1,-1,-1
120,2,99.13,545.56,75.03,257.01,0.5082,-1,-1,-1
120,3,1114.10,933.54,78.84,146.45,0.7978,-1,-1,-1
120,4,1720.85,459.90,75.11,206.95,0.6276,-1,-1,-1
120,5,1356.22,577.10,83.45,212.53,0.4812,-1,-1,-1
120,6,81.41,666.31,68.98,207.56,0.5924,-1,-1,-1
120,8,520.92,240.46,71.34,202.77,0.5786,-1,-1,-1
120,17,392.67,782.92,100.59,274.84,0.8033,-1,-1,-1
120,19,929.27,211.14,56.76,186.59,0.5363,-1,-1,-1
120,22,1102.73,146.08,92.58,174.43,0.4382,-1,-1,-1
121,1,421.15,281.86,83.93,225.25,0.7512,-1,-1,-1
121,2,99.72,543.77,74.75,247.02,0.4923,-1,-1,-1
121,3,1110.24,932.75,80.04,147.25,0.7761,-1,-1,-1
121,4,1721.88,455.85,73.73,211.10,0.6353,-1,-1,-1
121,5,1356.50,575.95,82.64,212.82,0.5522,-1,-1,-1
121,6,81.15,664.00,72.82,211.64,0.6927,-1,-1,-1
121,8,521.91,242.80,67.59,199.59,0.5770,-1,-1,-1
121,17,392.83,780.34,101.06,276.72,0.8022,-1,-1,-1
121,19,926.81,211.31,57.67,186.93,0.4909,-1,-1,-1
121,22,1104.39,145.76,86.05,173.72,0.4002,-1,-1,-1
121,24,479.01,165.70,54.59,163.88,0.3195,-1,-1,-1
121,25,625.41,750.22,57.07,170.44,0.3399,-1,-1,-1
122,1,421.31,281.15,84.12,223.37,0.7521,-1,-1,-1
122,2,101.14,543.86,72.68,214.44,0.4591,-1,-1,-1
122,3,1106.34,932.39,80.60,147.62,0.7837,-1,-1,-1
122,4,1720.20,459.58,75.83,207.28,0.6479,-1,-1,-1
122,5,1356.83,576.39,83.94,216.28,0.4780,-1,-1,-1
122,6,83.47,661.12,76.54,214.03,0.6641,-1,-1,-1
122,8,520.98,242.39,66.43,199.53,0.5996,-1,-1,-1
122,17,392.41,779.96,102.07,276.81,0.7995,-1,-1,-1
122,19,926.12,211.26,55.85,187.11,0.4256,-1,-1,-1
122,22,1105.55,145.25,82.68,173.04,0.3583,-1,-1,-1
122,25,625.77,751.07,57.44,168.74,0.3503,-1,-1,-1
123,1,422.28,280.22,82.86,220.67,0.7330,-1,-1,-1
123,2,102.51,546.01,70.58,207.55,0.4804,-1,-1,-1
123,3,1104.63,931.49,79.45,148.04,0.7825,-1,-1,-1
123,4,1720.91,458.98,75.53,207.80,0.6469,-1,-1,-1
123,5,1356.42,576.29,84.19,212.89,0.5540,-1,-1,-1
123,6,84.70,658.95,76.99,214.94,0.6610,-1,-1,-1
123,8,521.53,244.53,66.44,196.73,0.5734,-1,-1,-1
123,17,392.22,778.46,102.15,276.83,0.7933,-1,-1,-1
123,19,925.70,209.80,55.93,188.84,0.4608,-1,-1,-1
123,22,1107.15,144.72,75.74,172.84,0.3435,-1,-1,-1
123,25,625.47,752.31,57.06,167.51,0.3276,-1,-1,-1
124,1,422.25,278.94,82.54,217.47,0.7284,-1,-1,-1
124,2,102.41,546.05,70.45,212.40,0.3543,-1,-1,-1
124,3,1101.03,929.87,79.55,149.51,0.7832,-1,-1,-1
124,4,1720.72,459.57,75.37,206.83,0.6137,-1,-1,-1
124,5,1356.88,576.45,83.41,214.44,0.5143,-1,-1,-1
124,6,91.58,656.89,70.73,217.04,0.5096,-1,-1,-1
124,8,522.64,244.80,69.19,197.57,0.5242,-1,-1,-1
124,17,393.31,778.10,102.83,273.68,0.7934,-1,-1,-1
124,19,922.65,209.93,57.11,188.66,0.4639,-1,-1,-1
124,22,1105.29,143.31,72.49,172.20,0.3047,-1,-1,-1
125,1,422.78,278.26,81.74,213.53,0.7079,-1,-1,-1
125,2,102.40,545.32,70.51,210.13,0.3387,-1,-1,-1
125,3,1097.23,929.74,80.21,150.11,0.7885,-1,-1,-1
125,4,1720.96,458.06,74.62,208.73,0.6329,-1,-1,-1
125,5,1357.11,575.84,82.98,214.93,0.4869,-1,-1,-1
125,6,97.36,653.55,64.83,220.27,0.4099,-1,-1,-1
125,8,522.64,247.19,67.58,191.39,0.5251,-1,-1,-1
125,17,393.29,775.05,101.79,276.24,0.7895,-1,-1,-1
125,19,920.98,210.48,56.16,188.79,0.4718,-1,-1,-1
125,22,1106.05,141.70,68.83,173.43,0.3247,-1,-1,-1
126,1,421.72,277.43,82.44,213.56,0.7058,-1,-1,-1
126,2,100.66,539.46,73.82,173.30,0.3044,-1,-1,-1
126,3,1093.75,929.09,80.97,150.44,0.8040,-1,-1,-1
126,4,1720.38,458.53,74.97,208.87,0.6346,-1,-1,-1
126,5,1357.52,575.79,82.17,212.72,0.5259,-1,-1,-1
126,8,523.17,248.72,67.74,191.89,0.5492,-1,-1,-1
126,17,393.45,770.06,98.85,279.07,0.8007,-1,-1,-1
126,19,919.88,211.06,53.54,189.13,0.4829,-1,-1,-1
126,22,1104.89,140.79,62.88,172.51,0.3627,-1,-1,-1
127,1,422.78,277.01,80.51,213.48,0.6877,-1,-1,-1
127,2,105.24,556.77,67.73,291.76,0.3014,-1,-1,-1
127,3,1090.55,929.09,82.56,150.91,0.8076,-1,-1,-1
127,4,1720.98,459.02,74.82,207.55,0.6575,-1,-1,-1
127,5,1357.59,576.77,82.60,213.51,0.5202,-1,-1,-1
127,8,523.88,251.86,67.17,188.80,0.5626,-1,-1,-1
127,17,394.22,765.41,96.27,276.60,0.7937,-1,-1,-1
127,19,918.61,210.87,53.53,189.17,0.4226,-1,-1,-1
127,22,1105.39,140.93,57.20,172.75,0.3619,-1,-1,-1
128,1,422.50,276.45,80.03,213.15,0.6688,-1,-1,-1
128,2,96.03,530.48,84.94,191.51,0.3952,-1,-1,-1
128,3,1087.74,928.11,81.29,151.51,0.7922,-1,-1,-1
128,4,1720.95,459.22,75.39,207.05,0.6282,-1,-1,-1
128,5,1357.24,576.83,82.93,214.74,0.5055,-1,-1,-1
128,8,524.82,254.47,65.48,188.43,0.5367,-1,-1,-1
128,17,393.45,760.87,97.89,276.15,0.7918,-1,-1,-1
128,19,914.47,212.32,55.22,189.64,0.4353,-1,-1,-1
128,22,1100.73,140.67,59.26,172.39,0.3974,-1,-1,-1
129,1,419.11,275.80,81.01,216.49,0.6899,-1,-1,-1
129,2,103.46,544.24,70.47,239.65,0.3534,-1,-1,-1
129,3,1085.81,927.66,80.91,151.77,0.7887,-1,-1,-1
129,4,1720.75,458.29,74.95,206.49,0.6354,-1,-1,-1
129,5,1365.15,576.21,77.77,220.38,0.4777,-1,-1,-1
129,8,525.54,255.35,63.93,191.90,0.5923,-1,-1,-1
129,17,395.73,756.20,94.95,270.90,0.7937,-1,-1,-1
129,19,911.52,213.08,56.64,187.62,0.4731,-1,-1,-1
130,1,418.89,273.97,81.14,218.51,0.7042,-1,-1,-1
130,2,102.69,543.83,71.89,245.37,0.5555,-1,-1,-1
130,3,1082.02,926.88,82.04,152.24,0.7803,-1,-1,-1
130,4,1721.43,458.43,74.39,207.74,0.6125,-1,-1,-1
130,5,1358.80,575.28,83.27,218.15,0.4890,-1,-1,-1
130,8,527.38,257.66,61.29,193.08,0.5550,-1,-1,-1
130,17,397.04,754.18,93.33,264.85,0.7504,-1,-1,-1
130,19,904.34,214.35,63.16,186.67,0.4832,-1,-1,-1
130,25,624.92,752.08,57.22,165.77,0.3088,-1,-1,-1
131,1,420.37,272.89,79.71,219.11,0.6626,-1,-1,-1
131,2,102.81,542.98,71.97,245.18,0.6451,-1,-1,-1
131,3,1080.86,926.87,80.48,151.24,0.7587,-1,-1,-1
131,4,1721.31,459.08,74.24,207.09,0.6176,-1,-1,-1
131,5,1360.54,576.53,81.54,214.80,0.5041,-1,-1,-1
131,8,528.25,257.70,60.62,199.31,0.5050,-1,-1,-1
131,17,396.01,752.38,93.21,263.27,0.7422,-1,-1,-1
131,19,900.84,214.20,64.48,186.44,0.4995,-1,-1,-1
132,1,419.26,273.06,81.06,219.39,0.6495,-1,-1,-1
132,2,102.24,544.07,73.89,246.94,0.5842,-1,-1,-1
132,3,1079.84,927.61,80.79,150.73,0.7711,-1,-1,-1
132,4,1721.35,459.30,74.26,207.02,0.6174,-1,-1,-1
132,5,1359.37,576.19,81.60,215.10,0.5141,-1,-1,-1
132,8,529.71,252.94,62.25,204.93,0.5009,-1,-1,-1
132,17,393.56,750.20,94.30,265.77,0.7529,-1,-1,-1
132,19,900.16,213.10,67.10,187.64,0.4835,-1,-1,-1
132,22,1090.11,139.82,57.96,169.51,0.3921,-1,-1,-1
133,1,418.58,272.00,81.44,219.81,0.6420,-1,-1,-1
133,2,101.99,544.17,75.01,246.89,0.5375,-1,-1,-1
133,3,1078.16,927.67,80.80,150.90,0.7793,-1,-1,-1
133,4,1720.85,458.73,74.69,206.67,0.6036,-1,-1,-1
133,5,1357.66,576.70,83.89,214.03,0.4921,-1,-1,-1
133,8,530.94,252.86,60.33,207.14,0.5161,-1,-1,-1
133,17,390.00,749.05,98.20,265.52,0.7542,-1,-1,-1
133,19,900.23,210.85,67.33,191.40,0.4768,-1,-1,-1
133,22,1082.67,139.96,59.63,169.50,0.3848,-1,-1,-1
133,28,574.59,247.87,55.43,181.69,0.3166,-1,-1,-1
134,1,418.10,272.92,81.44,218.64,0.6426,-1,-1,-1
134,2,101.56,544.02,77.11,236.95,0.5149,-1,-1,-1
134,3,1076.24,927.14,78.79,150.71,0.7850,-1,-1,-1
134,4,1721.12,459.66,74.07,206.93,0.5937,-1,-1,-1
134,5,1358.65,575.87,83.47,216.58,0.4819,-1,-1,-1
134,8,531.46,255.13,57.46,203.85,0.5157,-1,-1,-1
134,17,388.80,748.16,98.91,265.97,0.7698,-1,-1,-1
134,19,898.96,211.73,66.50,190.36,0.4615,-1,-1,-1
134,22,1074.21,139.52,68.16,171.42,0.4332,-1,-1,-1
134,28,575.11,246.25,54.48,184.09,0.4136,-1,-1,-1
135,1,415.77,271.22,83.60,219.30,0.6417,-1,-1,-1
135,2,101.33,542.62,77.92,241.90,0.6190,-1,-1,-1
135,3,1074.88,926.40,79.10,151.73,0.7817,-1,-1,-1
135,4,1720.20,458.44,75.16,207.72,0.5994,-1,-1,-1
135,5,1358.09,575.95,84.35,217.25,0.5092,-1,-1,-1
135,8,530.33,258.90,57.94,202.98,0.5556,-1,-1,-1
135,17,389.00,745.77,98.31,268.55,0.7788,-1,-1,-1
135,19,898.92,210.92,66.16,191.42,0.4350,-1,-1,-1
135,22,1057.59,140.35,82.49,172.44,0.4568,-1,-1,-1
135,28,575.91,246.92,54.17,184.97,0.4340,-1,-1,-1
136,1,417.30,270.77,81.45,218.56,0.6724,-1,-1,-1
136,2,101.81,543.64,75.46,239.46,0.6223,-1,-1,-1
136,3,1073.38,926.85,76.93,150.60,0.7888,-1,-1,-1
136,4,1721.24,458.82,74.37,208.18,0.6121,-1,-1,-1
136,5,1362.18,577.24,82.94,220.57,0.4843,-1,-1,-1
136,8,530.08,258.72,57.31,202.70,0.5589,-1,-1,-1
136,17,385.31,745.32,102.13,268.40,0.7918,-1,-1,-1
136,19,897.72,211.96,63.35,189.59,0.4134,-1,-1,-1
136,22,1045.59,140.57,91.89,170.84,0.5634,-1,-1,-1
136,28,576.16,249.88,53.06,185.73,0.5027,-1,-1,-1
137,1,415.96,268.86,82.41,219.19,0.6636,-1,-1,-1
137,2,101.89,544.68,71.50,237.36,0.5724,-1,-1,-1
137,3,1071.48,927.34,77.16,149.83,0.7951,-1,-1,-1
137,4,1721.18,457.39,74.82,208.98,0.6079,-1,-1,-1
137,5,1365.75,577.56,78.95,219.11,0.4571,-1,-1,-1
137,6,132.47,637.88,74.78,210.39,0.4474,-1,-1,-1
137,8,531.86,255.70,55.95,205.07,0.5878,-1,-1,-1
137,17,384.03,744.94,102.65,268.36,0.7897,-1,-1,-1
137,19,896.54,211.08,61.17,191.26,0.4159,-1,-1,-1
137,22,1043.23,138.94,92.01,171.50,0.5818,-1,-1,-1
137,28,574.65,250.57,55.16,185.67,0.4581,-1,-1,-1
138,1,416.14,267.65,81.88,219.48,0.6922,-1,-1,-1
138,2,102.18,545.17,67.44,236.97,0.5974,-1,-1,-1
138,3,1070.13,927.65,76.43,149.64,0.7898,-1,-1,-1
138,4,1721.00,457.76,74.92,209.13,0.6051,-1,-1,-1
138,5,1365.07,577.26,79.59,221.70,0.4475,-1,-1,-1
138,6,134.01,638.08,82.34,208.99,0.4311,-1,-1,-1
138,8,532.61,255.74,54.56,203.05,0.5918,-1,-1,-1
138,17,383.13,744.83,103.18,267.77,0.7893,-1,-1,-1
138,19,894.60,211.67,54.41,180.93,0.4602,-1,-1,-1
138,22,1039.76,140.46,94.55,170.04,0.6013,-1,-1,-1
138,28,574.55,250.88,55.64,184.87,0.4441,-1,-1,-1
139,1,415.73,266.04,81.22,220.85,0.6406,-1,-1,-1
139,2,101.75,545.35,67.18,238.46,0.6166,-1,-1,-1
139,3,1068.79,927.35,75.84,149.20,0.7876,-1,-1,-1
139,4,1720.65,457.75,75.36,209.17,0.6233,-1,-1,-1
139,5,1361.80,576.39,84.05,223.99,0.4683,-1,-1,-1
139,6,138.50,636.14,88.69,207.88,0.4477,-1,-1,-1
139,8,532.32,258.88,54.91,200.51,0.5747,-1,-1,-1
139,17,382.79,744.54,102.58,267.00,0.7959,-1,-1,-1
139,19,893.37,210.42,59.53,189.70,0.5239,-1,-1,-1
139,22,1040.87,140.63,92.16,170.89,0.5912,-1,-1,-1
139,28,574.21,250.78,56.27,184.07,0.4394,-1,-1,-1
140,1,417.44,267.39,79.48,217.26,0.6140,-1,-1,-1
140,2,102.12,545.17,65.67,239.58,0.6185,-1,-1,-1
140,3,1066.91,926.34,76.32,149.70,0.7917,-1,-1,-1
140,4,1720.83,458.37,75.18,208.70,0.6352,-1,-1,-1
140,5,1358.32,576.38,84.71,214.40,0.5493,-1,-1,-1
140,6,143.38,633.67,89.52,206.53,0.4220,-1,-1,-1
140,8,531.93,258.16,56.13,202.72,0.6024,-1,-1,-1
140,17,383.97,741.58,101.76,267.32,0.7963,-1,-1,-1
140,19,889.11,209.78,53.12,183.45,0.4706,-1,-1,-1
140,22,1039.94,140.77,91.43,171.17,0.5768,-1,-1,-1
140,28,578.08,251.67,54.07,180.74,0.4521,-1,-1,-1
141,1,416.69,265.11,79.79,216.88,0.6318,-1,-1,-1
141,2,102.36,545.82,66.25,240.69,0.6445,-1,-1,-1
141,3,1064.89,924.98,75.87,151.60,0.7871,-1,-1,-1
141,4,1721.06,458.29,75.01,207.99,0.6219,-1,-1,-1
141,5,1357.61,575.71,86.13,216.28,0.4985,-1,-1,-1
141,6,145.45,629.17,88.60,207.80,0.5908,-1,-1,-1
141,8,531.75,257.92,55.95,202.02,0.6032,-1,-1,-1
141,17,384.85,739.42,99.94,267.41,0.7963,-1,-1,-1
141,19,886.25,209.70,54.83,187.18,0.5441,-1,-1,-1
141,22,1042.15,140.33,86.03,170.32,0.5570,-1,-1,-1
141,28,579.92,249.50,51.45,183.87,0.4784,-1,-1,-1
141,30,818.17,248.42,57.98,169.30,0.3833,-1,-1,-1
142,1,417.06,264.24,78.51,216.58,0.6327,-1,-1,-1
142,2,103.24,545.90,66.56,241.87,0.6580,-1,-1,-1
142,3,1064.97,924.65,72.93,152.82,0.7774,-1,-1,-1
142,4,1721.43,459.13,74.94,206.99,0.6235,-1,-1,-1
142,5,1357.28,575.97,86.90,217.84,0.4819,-1,-1,-1
142,6,149.28,628.80,83.84,205.06,0.5432,-1,-1,-1
142,8,531.76,257.11,55.89,203.10,0.5994,-1,-1,-1
142,17,387.21,737.19,96.55,268.29,0.7917,-1,-1,-1
142,19,883.06,208.43,54.64,187.37,0.5159,-1,-1,-1
142,22,1039.89,140.54,86.63,169.09,0.5949,-1,-1,-1
142,25,624.03,752.06,58.91,168.51,0.3324,-1,-1,-1
142,28,581.03,249.88,52.39,182.67,0.4965,-1,-1,-1
143,1,415.09,259.18,78.64,221.50,0.6328,-1,-1,-1
143,2,103.57,545.28,67.15,241.29,0.6746,-1,-1,-1
143,3,1063.40,923.46,72.22,153.14,0.7622,-1,-1,-1
143,4,1721.27,459.17,74.86,206.96,0.6333,-1,-1,-1
143,5,1357.82,575.80,85.99,217.81,0.4816,-1,-1,-1
143,6,149.44,629.69,86.08,208.06,0.6519,-1,-1,-1
143,8,530.78,257.42,56.28,203.00,0.5946,-1,-1,-1
143,17,388.54,734.28,94.75,265.63,0.8025,-1,-1,-1
143,19,881.45,206.87,53.59,188.97,0.4785,-1,-1,-1
143,22,1042.02,137.95,81.80,171.55,0.5702,-1,-1,-1
143,28,581.46,247.70,53.42,186.57,0.4530,-1,-1,-1
144,1,414.53,259.25,80.27,217.74,0.6324,-1,-1,-1
144,2,103.33,545.71,68.18,241.10,0.6866,-1,-1,-1
144,3,1062.28,923.06,70.45,153.59,0.7572,-1,-1,-1
144,4,1721.63,459.76,74.57,207.02,0.6214,-1,-1,-1
144,5,1358.44,575.94,85.67,217.20,0.4981,-1,-1,-1
144,6,153.52,630.79,81.65,207.22,0.6813,-1,-1,-1
144,8,530.38,259.69,57.67,202.79,0.6042,-1,-1,-1
144,17,389.48,730.92,93.50,261.86,0.7948,-1,-1,-1
144,19,877.64,206.77,57.25,188.78,0.4732,-1,-1,-1
144,22,1041.41,136.66,78.72,171.91,0.4549,-1,-1,-1
144,24,479.61,184.32,57.87,176.58,0.3204,-1,-1,-1
144,28,581.93,252.28,55.93,183.57,0.4934,-1,-1,-1
145,1,416.41,259.56,77.94,211.25,0.6204,-1,-1,-1
145,2,103.70,545.74,69.13,242.75,0.7088,-1,-1,-1
145,3,1060.90,922.83,67.99,153.82,0.7582,-1,-1,-1
145,4,1721.57,459.25,74.19,206.63,0.6099,-1,-1,-1
145,5,1358.00,575.86,84.77,214.29,0.5396,-1,-1,-1
145,6,157.88,627.53,76.45,211.95,0.7007,-1,-1,-1
145,8,529.56,259.29,56.77,202.60,0.5953,-1,-1,-1
145,17,392.78,729.45,90.86,256.13,0.7985,-1,-1,-1
145,19,872.23,207.21,61.93,186.13,0.5442,-1,-1,-1
145,22,1041.30,136.34,69.54,171.87,0.4216,-1,-1,-1
145,28,583.19,252.52,55.02,183.97,0.5289,-1,-1,-1
146,1,414.80,253.26,76.58,218.40,0.6393,-1,-1,-1
146,2,103.65,545.97,69.67,242.53,0.7156,-1,-1,-1
146,3,1058.60,921.74,66.38,156.81,0.7412,-1,-1,-1
146,4,1721.91,459.60,74.15,207.53,0.6137,-1,-1,-1
146,5,1357.86,575.62,85.03,217.82,0.5126,-1,-1,-1
146,6,159.10,624.42,76.32,214.35,0.7110,-1,-1,-1
146,8,530.34,259.29,57.54,204.75,0.5935,-1,-1,-1
146,17,393.53,726.26,91.09,251.63,0.7770,-1,-1,-1
146,19,872.51,206.43,59.81,185.51,0.4901,-1,-1,-1
146,22,1041.20,136.32,64.04,171.18,0.4843,-1,-1,-1
146,28,584.99,254.31,53.11,186.73,0.5108,-1,-1,-1
147,1,414.44,253.12,77.62,219.31,0.6465,-1,-1,-1
147,2,103.94,546.14,69.69,241.09,0.7131,-1,-1,-1
147,3,1057.08,921.09,63.09,157.60,0.7264,-1,-1,-1
147,4,1721.45,458.83,74.93,207.35,0.6268,-1,-1,-1
147,5,1358.43,574.39,84.52,217.60,0.5407,-1,-1,-1
147,6,160.86,619.98,75.38,216.20,0.6894,-1,-1,-1
147,8,530.35,260.20,56.69,206.36,0.6095,-1,-1,-1
147,17,394.37,718.81,91.28,256.07,0.7796,-1,-1,-1
147,19,869.58,205.73,62.02,185.19,0.4783,-1,-1,-1
147,22,1040.41,135.30,60.98,171.14,0.4764,-1,-1,-1
147,28,584.86,254.97,54.30,188.40,0.5380,-1,-1,-1
148,1,413.92,252.79,78.31,219.28,0.6339,-1,-1,-1
148,2,103.69,545.47,70.55,241.83,0.7135,-1,-1,-1
148,3,1055.15,919.38,62.76,157.33,0.7273,-1,-1,-1
148,4,1721.47,458.38,74.84,208.72,0.6466,-1,-1,-1
148,5,1357.78,575.33,83.75,216.24,0.5588,-1,-1,-1
148,6,163.82,616.51,75.57,215.32,0.7078,-1,-1,-1
148,8,530.30,261.55,59.27,206.99,0.5946,-1,-1,-1
148,17,394.53,717.01,92.39,255.53,0.7777,-1,-1,-1
148,19,867.01,204.95,63.04,191.81,0.4446,-1,-1,-1
148,22,1038.50,134.83,56.28,171.29,0.4424,-1,-1,-1
148,28,585.63,255.54,54.24,188.96,0.4954,-1,-1,-1
149,1,416.13,257.04,77.20,213.61,0.6248,-1,-1,-1
149,2,103.88,545.72,70.35,241.39,0.7151,-1,-1,-1
149,3,1054.27,918.13,62.43,158.97,0.7264,-1,-1,-1
149,4,1721.03,458.92,74.41,207.52,0.6218,-1,-1,-1
149,5,1357.90,575.36,84.77,215.38,0.5452,-1,-1,-1
149,6,168.40,614.66,72.48,214.57,0.6958,-1,-1,-1
149,8,531.11,263.32,59.33,206.07,0.6301,-1,-1,-1
149,17,396.18,712.60,93.32,260.33,0.7879,-1,-1,-1
149,19,865.94,204.46,61.87,192.81,0.4432,-1,-1,-1
149,22,1036.96,135.45,54.04,169.31,0.3608,-1,-1,-1
149,25,624.25,751.43,59.14,167.23,0.3254,-1,-1,-1
149,28,586.33,256.25,54.81,189.98,0.4500,-1,-1,-1
150,1,416.48,256.85,76.93,213.22,0.6198,-1,-1,-1
150,2,103.54,545.60,70.76,242.95,0.7131,-1,-1,-1
150,3,1052.20,916.27,61.34,161.70,0.7368,-1,-1,-1
150,4,1721.21,458.51,74.61,208.19,0.6385,-1,-1,-1
150,5,1356.95,574.97,85.57,217.19,0.5402,-1,-1,-1
150,6,175.81,613.77,65.34,213.45,0.6570,-1,-1,-1
150,8,531.39,265.40,57.55,207.58,0.6155,-1,-1,-1
150,17,394.61,710.80,97.02,263.22,0.7855,-1,-1,-1
150,19,865.89,205.47,63.16,192.71,0.4056,-1,-1,-1
150,22,1033.56,134.41,56.23,172.11,0.4901,-1,-1,-1
150,25,625.63,751.65,56.79,166.97,0.3234,-1,-1,-1
150,28,586.93,256.92,55.37,190.70,0.4352,-1,-1,-1
151,1,417.13,255.91,75.28,214.41,0.6157,-1,-1,-1
151,2,103.26,546.78,71.43,243.37,0.7216,-1,-1,-1
151,3,1051.40,913.41,60.92,164.01,0.7371,-1,-1,-1
151,4,1722.11,458.31,73.02,207.52,0.6249,-1,-1,-1
151,5,1367.33,574.52,75.63,223.70,0.4863,-1,-1,-1
151,6,180.72,611.80,68.78,215.01,0.6707,-1,-1,-1
151,8,531.38,266.27,56.22,209.38,0.6117,-1,-1,-1
151,17,396.21,710.47,95.85,263.37,0.7809,-1,-1,-1
151,19,864.47,205.11,62.83,191.16,0.4592,-1,-1,-1
151,22,1030.14,132.35,57.03,173.59,0.4879,-1,-1,-1
151,25,625.39,751.21,57.14,167.12,0.3577,-1,-1,-1
151,28,587.90,259.96,55.12,190.78,0.4180,-1,-1,-1
152,1,417.47,255.15,75.37,215.30,0.6061,-1,-1,-1
152,2,102.65,546.95,72.52,242.75,0.7175,-1,-1,-1
152,3,1049.56,913.43,60.41,164.60,0.7421,-1,-1,-1
152,4,1721.86,458.08,73.67,208.49,0.6152,-1,-1,-1
152,5,1360.01,576.26,82.07,214.34,0.5299,-1,-1,-1
152,6,182.82,610.38,67.40,216.37,0.6899,-1,-1,-1
152,8,531.95,272.01,54.28,205.63,0.5926,-1,-1,-1
152,17,396.62,708.21,97.78,264.77,0.7669,-1,-1,-1
152,19,863.61,205.81,62.70,190.22,0.5191,-1,-1,-1
152,22,1024.83,130.19,59.98,172.61,0.4077,-1,-1,-1
152,25,624.67,751.73,56.63,166.43,0.4327,-1,-1,-1
152,28,588.57,260.86,55.53,191.18,0.4119,-1,-1,-1
153,1,417.47,254.21,74.38,215.72,0.5831,-1,-1,-1
153,2,103.63,548.03,71.20,245.22,0.7265,-1,-1,-1
153,3,1047.65,912.21,60.42,166.69,0.7304,-1,-1,-1
153,4,1721.54,457.45,73.93,209.04,0.6099,-1,-1,-1
153,5,1360.43,575.49,80.63,215.46,0.5163,-1,-1,-1
153,6,184.78,610.68,69.51,215.28,0.7364,-1,-1,-1
153,8,531.69,275.29,54.73,201.90,0.5870,-1,-1,-1
153,17,396.43,709.18,99.52,264.17,0.7589,-1,-1,-1
153,19,862.14,204.82,63.53,191.46,0.4964,-1,-1,-1
153,22,1022.78,131.77,60.26,170.99,0.4118,-1,-1,-1
153,25,625.94,751.23,54.56,166.79,0.4101,-1,-1,-1
153,28,591.43,267.09,53.57,184.22,0.3229,-1,-1,-1
154,1,415.10,253.08,75.63,216.83,0.6003,-1,-1,-1
154,2,103.92,547.08,71.20,246.07,0.7199,-1,-1,-1
154,3,1046.85,911.67,59.39,167.57,0.7146,-1,-1,-1
154,4,1721.51,459.77,73.73,206.44,0.5869,-1,-1,-1
154,5,1359.90,576.54,81.81,215.44,0.5207,-1,-1,-1
154,6,187.76,610.96,68.89,213.65,0.7530,-1,-1,-1
154,8,532.68,277.14,54.48,200.09,0.5632,-1,-1,-1
154,17,396.78,709.13,100.65,263.20,0.7634,-1,-1,-1
154,19,860.18,205.25,64.40,191.32,0.5085,-1,-1,-1
154,22,1016.52,131.69,62.94,171.69,0.3510,-1,-1,-1
154,25,624.90,752.02,57.75,167.34,0.3307,-1,-1,-1
155,1,415.96,251.67,74.31,218.49,0.6029,-1,-1,-1
155,2,103.05,545.63,71.58,247.72,0.6968,-1,-1,-1
155,3,1044.90,911.16,59.68,167.75,0.7279,-1,-1,-1
155,4,1722.67,459.15,72.66,206.70,0.5962,-1,-1,-1
155,5,1359.37,576.21,82.71,213.17,0.5691,-1,-1,-1
155,6,192.80,610.95,67.03,213.08,0.7611,-1,-1,-1
155,8,532.62,278.77,55.82,198.07,0.5144,-1,-1,-1
155,17,397.88,706.04,101.92,265.97,0.7629,-1,-1,-1
155,19,857.30,205.12,66.36,189.39,0.5120,-1,-1,-1
155,22,999.96,132.78,76.23,172.65,0.3938,-1,-1,-1
155,25,625.86,751.33,55.60,166.64,0.3380,-1,-1,-1
156,1,416.74,251.42,74.88,214.77,0.6179,-1,-1,-1
156,2,102.55,545.37,72.14,247.32,0.6976,-1,-1,-1
156,3,1042.94,910.60,60.28,169.37,0.7072,-1,-1,-1
156,4,1722.33,459.63,73.18,205.78,0.5857,-1,-1,-1
156,5,1357.39,578.86,82.59,211.79,0.5199,-1,-1,-1
156,6,194.89,608.97,67.41,213.95,0.7525,-1,-1,-1
156,8,532.63,274.72,56.76,200.96,0.4659,-1,-1,-1
156,17,398.47,702.54,100.66,266.98,0.7607,-1,-1,-1
156,19,855.79,204.14,67.36,187.85,0.5456,-1,-1,-1
156,22,992.11,133.71,80.67,171.72,0.4380,-1,-1,-1
157,1,416.59,251.75,74.34,213.03,0.6182,-1,-1,-1
157,2,102.69,545.72,72.24,247.02,0.6958,-1,-1,-1
157,3,1041.82,910.03,59.71,169.43,0.7011,-1,-1,-1
157,4,1722.75,460.09,72.59,205.55,0.5926,-1,-1,-1
157,5,1356.87,578.69,83.32,210.59,0.5215,-1,-1,-1
157,6,197.40,608.40,66.52,214.64,0.7420,-1,-1,-1
157,8,532.44,273.94,57.26,199.45,0.4364,-1,-1,-1
157,17,399.54,704.99,100.08,264.10,0.7720,-1,-1,-1
157,19,855.91,202.95,66.85,184.87,0.5671,-1,-1,-1
157,22,987.58,133.84,82.80,171.54,0.4656,-1,-1,-1
157,25,625.06,747.89,56.79,170.56,0.3370,-1,-1,-1
158,1,417.02,249.34,76.17,215.43,0.6446,-1,-1,-1
158,2,102.50,546.29,72.23,246.21,0.6986,-1,-1,-1
158,3,1039.07,909.72,62.49,170.28,0.7158,-1,-1,-1
158,4,1722.07,459.95,73.64,206.55,0.6106,-1,-1,-1
158,5,1357.03,577.32,83.28,210.62,0.5366,-1,-1,-1
158,6,198.26,606.83,65.61,212.86,0.7153,-1,-1,-1
158,8,530.07,272.24,60.70,200.23,0.4534,-1,-1,-1
158,17,398.89,704.61,98.41,261.68,0.7844,-1,-1,-1
158,19,853.22,201.28,68.54,184.43,0.5558,-1,-1,-1
158,22,987.90,132.64,81.61,172.18,0.3917,-1,-1,-1
159,1,417.90,249.94,75.92,212.25,0.6106,-1,-1,-1
159,2,102.62,546.28,72.03,246.53,0.6950,-1,-1,-1
159,3,1037.57,908.62,61.72,170.55,0.6983,-1,-1,-1
159,4,1722.25,461.53,73.58,204.72,0.6000,-1,-1,-1
159,5,1356.59,578.61,84.55,212.36,0.5145,-1,-1,-1
159,6,199.69,604.31,65.76,212.69,0.6951,-1,-1,-1
159,8,526.94,279.86,64.30,194.84,0.4321,-1,-1,-1
159,17,402.49,703.19,91.15,260.12,0.7611,-1,-1,-1
159,19,851.31,200.42,69.70,188.93,0.5482,-1,-1,-1
159,22,984.80,133.13,82.69,171.41,0.4133,-1,-1,-1
160,1,418.69,247.73,74.34,214.23,0.6440,-1,-1,-1
160,2,102.53,546.85,71.80,246.25,0.6985,-1,-1,-1
160,3,1037.22,908.91,60.85,171.10,0.6799,-1,-1,-1
160,4,1721.43,461.29,73.73,204.74,0.5705,-1,-1,-1
160,5,1357.43,579.83,85.90,217.36,0.4776,-1,-1,-1
160,6,201.21,602.42,65.43,215.52,0.7002,-1,-1,-1
160,8,526.32,285.89,65.28,190.22,0.4709,-1,-1,-1
160,17,401.82,697.50,92.26,256.82,0.7656,-1,-1,-1
160,19,851.58,198.82,68.74,192.17,0.5134,-1,-1,-1
160,22,981.46,132.51,84.09,170.09,0.4722,-1,-1,-1
161,1,417.69,246.79,76.77,211.79,0.6232,-1,-1,-1
161,2,102.35,546.67,72.02,247.24,0.6866,-1,-1,-1
161,3,1033.62,908.19,63.07,171.81,0.6929,-1,-1,-1
161,4,1721.91,460.92,73.42,205.83,0.5775,-1,-1,-1
161,5,1357.19,579.79,84.88,216.55,0.5265,-1,-1,-1
161,6,206.90,598.71,60.58,213.35,0.6675,-1,-1,-1
161,8,525.78,287.57,68.45,190.48,0.4184,-1,-1,-1
161,17,402.45,691.79,91.11,252.76,0.7744,-1,-1,-1
161,19,850.39,196.33,69.74,191.38,0.4850,-1,-1,-1
161,22,982.26,132.53,82.07,170.38,0.4897,-1,-1,-1
162,1,418.83,246.15,76.02,210.24,0.6233,-1,-1,-1
162,2,102.10,546.28,71.74,247.87,0.6726,-1,-1,-1
162,3,1033.13,907.32,61.80,172.68,0.7115,-1,-1,-1
162,4,1721.98,461.74,73.36,205.62,0.5775,-1,-1,-1
162,5,1364.06,577.79,80.46,223.33,0.4897,-1,-1,-1
162,6,210.99,598.06,61.58,207.35,0.6741,-1,-1,-1
162,17,403.19,687.60,91.37,253.63,0.7652,-1,-1,-1
162,19,849.75,195.74,69.22,190.98,0.4876,-1,-1,-1
162,22,982.15,133.67,79.56,169.79,0.3936,-1,-1,-1
163,1,418.60,244.78,77.74,209.58,0.6178,-1,-1,-1
163,2,102.20,546.38,72.22,247.75,0.6631,-1,-1,-1
163,3,1031.43,906.35,62.59,173.64,0.6839,-1,-1,-1
163,4,1721.69,460.71,73.72,206.76,0.5791,-1,-1,-1
163,5,1357.04,579.89,88.63,225.04,0.5055,-1,-1,-1
163,6,212.74,595.56,62.47,207.50,0.6715,-1,-1,-1
163,8,519.92,289.98,71.13,194.43,0.3767,-1,-1,-1
163,17,403.38,683.84,90.46,255.77,0.7710,-1,-1,-1
163,19,850.26,194.26,68.70,188.24,0.4677,-1,-1,-1
163,22,983.16,130.59,75.17,173.07,0.3591,-1,-1,-1
163,28,598.08,272.63,64.05,180.78,0.3019,-1,-1,-1
164,1,417.96,244.33,78.71,208.32,0.6263,-1,-1,-1
164,2,102.09,546.54,71.84,246.87,0.6805,-1,-1,-1
164,3,1030.27,907.39,60.82,172.08,0.7307,-1,-1,-1
164,4,1721.62,460.56,73.97,206.77,0.5990,-1,-1,-1
164,5,1357.00,579.73,88.26,222.95,0.4790,-1,-1,-1
164,6,215.00,594.01,63.21,209.39,0.7065,-1,-1,-1
164,8,519.26,290.97,72.86,194.65,0.3107,-1,-1,-1
164,17,402.35,682.25,91.84,254.79,0.7738,-1,-1,-1
164,19,852.96,192.30,68.45,194.13,0.4605,-1,-1,-1
164,22,983.98,128.74,69.56,172.74,0.3058,-1,-1,-1
165,1,418.50,242.38,79.04,210.13,0.6170,-1,-1,-1
165,2,102.20,546.32,71.59,246.62,0.6766,-1,-1,-1
165,3,1028.56,907.98,61.01,171.54,0.7265,-1,-1,-1
165,4,1721.72,460.24,74.34,206.50,0.5945,-1,-1,-1
165,5,1357.52,580.68,86.31,218.71,0.5013,-1,-1,-1
165,6,212.84,592.11,65.53,209.67,0.7327,-1,-1,-1
165,17,400.48,680.59,94.10,256.79,0.7917,-1,-1,-1
165,19,853.65,191.50,68.31,194.63,0.4859,-1,-1,-1
166,1,418.97,241.58,76.12,210.58,0.5914,-1,-1,-1
166,2,102.04,546.15,71.46,246.78,0.6849,-1,-1,-1
166,3,1026.53,907.53,61.82,171.91,0.6855,-1,-1,-1
166,4,1722.19,460.78,73.16,207.10,0.6247,-1,-1,-1
166,5,1357.14,579.75,84.55,215.08,0.5031,-1,-1,-1
166,6,214.84,590.58,71.05,211.86,0.7025,-1,-1,-1
166,17,399.47,679.07,94.57,259.50,0.7914,-1,-1,-1
166,19,852.94,190.96,69.40,191.62,0.4911,-1,-1,-1
166,28,601.50,274.73,56.03,181.24,0.3005,-1,-1,-1
167,1,418.65,240.56,76.09,212.40,0.5753,-1,-1,-1
167,2,101.77,546.37,72.06,247.26,0.6872,-1,-1,-1
167,3,1023.47,906.64,64.50,173.04,0.6849,-1,-1,-1
167,4,1722.37,460.39,72.68,207.09,0.6082,-1,-1,-1
167,5,1356.78,579.60,84.68,217.65,0.4910,-1,-1,-1
167,6,214.70,589.72,74.97,214.44,0.7071,-1,-1,-1
167,17,399.89,675.49,93.39,261.26,0.7967,-1,-1,-1
167,19,853.25,190.74,69.66,188.50,0.4849,-1,-1,-1
167,28,602.34,276.57,57.04,179.48,0.3135,-1,-1,-1
168,1,417.65,239.52,76.99,213.58,0.5939,-1,-1,-1
168,2,101.78,546.61,72.30,246.87,0.6861,-1,-1,-1
168,3,1020.94,907.20,65.19,172.03,0.7042,-1,-1,-1
168,4,1721.69,458.75,73.65,209.35,0.6115,-1,-1,-1
168,5,1357.53,578.61,82.38,217.35,0.4972,-1,-1,-1
168,6,217.59,589.65,79.20,212.23,0.7157,-1,-1,-1
168,17,398.48,675.85,94.63,261.15,0.7840,-1,-1,-1
168,19,853.50,191.16,69.94,190.21,0.5117,-1,-1,-1
168,22,979.00,123.29,56.06,170.32,0.3000,-1,-1,-1
168,28,601.87,276.62,59.38,178.12,0.3066,-1,-1,-1
169,1,418.20,238.69,78.30,214.15,0.6112,-1,-1,-1
169,2,101.46,545.63,73.21,248.69,0.6516,-1,-1,-1
169,3,1020.48,908.49,65.00,170.59,0.7078,-1,-1,-1
169,4,1721.52,459.98,73.95,208.02,0.6104,-1,-1,-1
169,5,1357.27,578.87,85.57,218.00,0.4622,-1,-1,-1
169,6,220.66,589.20,77.75,213.43,0.6902,-1,-1,-1
169,17,399.15,674.82,94.69,260.78,0.7770,-1,-1,-1
169,19,852.66,190.70,71.20,188.89,0.5304,-1,-1,-1
169,28,601.84,277.23,60.66,177.26,0.3113,-1,-1,-1
170,1,417.99,237.93,78.49,215.40,0.6154,-1,-1,-1
170,2,101.37,546.54,73.80,246.54,0.6539,-1,-1,-1
170,3,1018.67,908.81,62.61,170.99,0.7220,-1,-1,-1
170,4,1720.98,460.78,74.51,207.37,0.6201,-1,-1,-1
170,5,1368.68,577.60,74.56,221.03,0.4458,-1,-1,-1
170,6,221.03,588.87,75.00,213.81,0.6627,-1,-1,-1
170,8,523.94,290.71,66.08,203.03,0.3580,-1,-1,-1
170,17,400.19,673.72,92.65,260.87,0.7748,-1,-1,-1
170,19,856.33,189.79,67.69,188.29,0.5096,-1,-1,-1
171,1,417.57,238.13,78.72,215.17,0.6221,-1,-1,-1
171,2,101.15,546.47,74.89,247.36,0.6602,-1,-1,-1
171,3,1017.95,909.26,61.32,170.75,0.7228,-1,-1,-1
171,4,1721.67,459.80,74.05,208.23,0.6031,-1,-1,-1
171,5,1366.01,577.09,76.36,222.35,0.4551,-1,-1,-1
171,6,219.51,588.65,76.29,212.86,0.6914,-1,-1,-1
171,8,526.08,295.66,62.12,198.48,0.4481,-1,-1,-1
171,17,400.12,672.81,92.43,259.88,0.7746,-1,-1,-1
171,19,860.17,192.13,62.17,183.62,0.4111,-1,-1,-1
171,32,753.18,260.17,58.00,192.70,0.3134,-1,-1,-1
172,1,417.66,237.88,78.33,216.83,0.6276,-1,-1,-1
172,2,100.61,546.67,74.31,246.01,0.6623,-1,-1,-1
172,3,1015.96,910.05,61.41,169.46,0.7436,-1,-1,-1
172,4,1721.87,460.38,73.83,207.37,0.5985,-1,-1,-1
172,5,1357.19,578.11,84.27,216.40,0.4744,-1,-1,-1
172,6,218.72,586.95,77.57,213.77,0.6431,-1,-1,-1
172,8,526.24,291.68,61.21,202.08,0.4288,-1,-1,-1
172,17,400.61,670.71,91.65,259.72,0.7812,-1,-1,-1
172,19,860.40,190.23,65.48,185.32,0.5030,-1,-1,-1
173,1,417.76,237.27,78.20,216.61,0.6146,-1,-1,-1
173,2,100.98,546.20,73.84,247.07,0.6574,-1,-1,-1
173,3,1012.55,910.22,62.73,169.42,0.7341,-1,-1,-1
173,4,1721.01,460.94,74.56,206.38,0.5928,-1,-1,-1
173,5,1357.30,578.67,83.25,214.33,0.5034,-1,-1,-1
173,6,219.23,583.47,76.36,215.68,0.6587,-1,-1,-1
173,8,521.09,295.41,66.46,199.33,0.3301,-1,-1,-1
173,17,403.27,668.63,88.23,259.03,0.7742,-1,-1,-1
173,19,860.78,188.85,66.09,186.93,0.4489,-1,-1,-1
173,32,753.18,260.19,56.74,194.01,0.3908,-1,-1,-1
174,1,417.57,236.64,77.32,217.31,0.6205,-1,-1,-1
174,2,100.42,546.87,74.15,246.56,0.6518,-1,-1,-1
174,3,1009.93,911.86,63.58,168.17,0.7399,-1,-1,-1
174,4,1721.24,459.50,74.27,208.00,0.5966,-1,-1,-1
174,5,1357.25,578.99,82.97,211.56,0.4983,-1,-1,-1
174,6,222.60,583.05,75.21,213.52,0.6752,-1,-1,-1
174,8,522.64,293.88,66.70,200.85,0.4238,-1,-1,-1
174,17,405.93,666.63,85.56,259.84,0.7818,-1,-1,-1
174,19,861.74,186.14,65.26,186.74,0.4383,-1,-1,-1
174,32,752.75,261.67,55.81,192.36,0.3572,-1,-1,-1
175,1,416.83,235.66,77.15,216.49,0.6517,-1,-1,-1
175,2,100.12,546.60,73.89,246.25,0.6572,-1,-1,-1
175,3,1006.63,913.35,64.08,166.69,0.7263,-1,-1,-1
175,4,1721.80,459.92,73.46,207.99,0.5931,-1,-1,-1
175,5,1357.43,578.65,83.49,208.82,0.5184,-1,-1,-1
175,6,225.74,578.84,70.18,214.39,0.6874,-1,-1,-1
175,8,521.78,293.26,66.80,200.84,0.3845,-1,-1,-1
175,17,406.42,663.46,85.46,261.41,0.8043,-1,-1,-1
175,19,863.12,185.63,66.03,182.96,0.4610,-1,-1,-1
175,22,945.54,123.15,73.04,174.25,0.3177,-1,-1,-1
175,32,752.62,261.23,56.90,195.02,0.4064,-1,-1,-1
176,1,417.19,232.74,75.59,218.03,0.6333,-1,-1,-1
176,2,100.29,546.87,73.06,246.43,0.6576,-1,-1,-1
176,3,1006.10,913.22,62.33,166.77,0.7290,-1,-1,-1
176,4,1721.43,459.58,73.39,208.31,0.5885,-1,-1,-1
176,5,1357.42,578.86,82.41,207.12,0.5145,-1,-1,-1
176,6,227.35,576.61,68.00,213.18,0.6685,-1,-1,-1
176,8,512.77,241.38,76.99,249.42,0.3236,-1,-1,-1
176,17,407.23,658.35,83.56,259.00,0.7913,-1,-1,-1
176,19,863.18,184.25,66.19,185.46,0.5037,-1,-1,-1
176,22,939.39,123.06,77.27,175.07,0.3969,-1,-1,-1
176,32,753.17,262.06,55.77,196.19,0.4104,-1,-1,-1
177,1,416.82,232.86,74.98,217.87,0.6375,-1,-1,-1
177,2,100.22,546.90,73.10,245.95,0.6565,-1,-1,-1
177,3,1004.87,912.99,63.21,164.77,0.7308,-1,-1,-1
177,4,1721.07,459.73,74.16,208.07,0.5823,-1,-1,-1
177,5,1357.28,579.26,82.96,209.80,0.4843,-1,-1,-1
177,6,227.27,575.04,68.03,211.18,0.6766,-1,-1,-1
177,8,516.81,248.34,73.57,246.15,0.3778,-1,-1,-1
177,17,408.23,653.39,82.51,253.08,0.7858,-1,-1,-1
177,19,864.14,181.80,66.86,185.25,0.5223,-1,-1,-1
177,22,936.79,123.78,78.27,173.23,0.3620,-1,-1,-1
177,32,752.46,261.46,56.54,198.50,0.3569,-1,-1,-1
178,1,416.27,230.65,74.62,215.06,0.6172,-1,-1,-1
178,2,100.31,547.05,71.77,244.69,0.6539,-1,-1,-1
178,3,1004.28,913.27,62.10,164.60,0.7206,-1,-1,-1
178,4,1721.38,460.28,73.79,207.59,0.5631,-1,-1,-1
178,5,1356.95,577.86,83.20,212.29,0.4804,-1,-1,-1
178,6,227.70,573.16,67.60,206.87,0.6069,-1,-1,-1
178,8,521.36,285.25,67.73,211.34,0.4454,-1,-1,-1
178,17,406.52,650.12,84.97,250.47,0.7857,-1,-1,-1
178,19,864.97,180.80,66.90,184.77,0.4978,-1,-1,-1
178,32,751.86,267.35,57.36,195.43,0.4084,-1,-1,-1
178,34,3.57,614.52,88.51,229.82,0.3779,-1,-1,-1
179,1,415.70,227.91,73.30,215.80,0.5930,-1,-1,-1
179,2,101.04,545.83,70.43,246.92,0.6507,-1,-1,-1
179,3,1003.01,913.55,59.93,164.81,0.7161,-1,-1,-1
179,4,1721.37,460.64,73.28,207.05,0.5469,-1,-1,-1
179,5,1357.39,577.94,83.59,218.77,0.5050,-1,-1,-1
179,6,227.21,571.37,68.58,207.29,0.6183,-1,-1,-1
179,8,522.51,295.50,64.78,199.22,0.4350,-1,-1,-1
179,17,407.52,648.78,85.28,249.48,0.7860,-1,-1,-1
179,19,866.10,180.46,67.11,183.91,0.4839,-1,-1,-1
179,22,936.44,125.53,73.30,169.40,0.3145,-1,-1,-1
179,28,606.88,278.68,58.21,191.83,0.3478,-1,-1,-1
179,32,750.75,271.12,58.85,193.83,0.4042,-1,-1,-1
179,34,-0.54,618.47,96.82,230.25,0.5217,-1,-1,-1
180,1,414.38,227.42,74.97,212.28,0.6236,-1,-1,-1
180,2,100.99,545.88,69.89,246.29,0.6557,-1,-1,-1
180,3,1000.93,913.12,59.76,165.56,0.7209,-1,-1,-1
180,4,1721.95,460.14,73.08,208.13,0.5274,-1,-1,-1
180,5,1357.47,576.47,82.04,211.74,0.5125,-1,-1,-1
180,6,228.96,570.12,68.07,207.08,0.5864,-1,-1,-1
180,8,526.12,295.17,60.68,201.97,0.5224,-1,-1,-1
180,17,409.28,648.48,86.14,248.64,0.7905,-1,-1,-1
180,19,867.24,181.40,67.70,184.43,0.5042,-1,-1,-1
180,28,607.13,278.54,57.55,194.01,0.3532,-1,-1,-1
180,32,750.43,273.11,59.37,192.67,0.4176,-1,-1,-1
180,34,3.09,617.45,81.98,222.26,0.5042,-1,-1,-1
181,1,414.71,227.28,74.10,209.78,0.5963,-1,-1,-1
181,2,100.92,545.29,69.77,248.36,0.6546,-1,-1,-1
181,3,998.46,914.62,59.75,164.62,0.7208,-1,-1,-1
181,4,1721.79,458.81,73.94,209.80,0.5129,-1,-1,-1
181,5,1357.52,577.80,83.73,215.35,0.4994,-1,-1,-1
181,6,229.65,569.23,68.83,205.62,0.5737,-1,-1,-1
181,8,527.64,300.92,58.97,199.33,0.5467,-1,-1,-1
181,17,409.67,646.81,88.21,249.39,0.7886,-1,-1,-1
181,19,868.94,178.89,67.10,184.14,0.5017,-1,-1,-1
181,28,607.08,279.58,58.32,201.12,0.3080,-1,-1,-1
181,32,751.23,273.65,57.23,192.76,0.4249,-1,-1,-1
181,34,1.95,617.67,79.13,224.14,0.4732,-1,-1,-1
182,1,415.11,226.82,74.21,207.92,0.5808,-1,-1,-1
182,2,101.11,545.81,69.53,247.10,0.6712,-1,-1,-1
182,3,996.88,916.23,58.12,162.49,0.7356,-1,-1,-1
182,4,1722.31,459.23,72.68,209.18,0.5284,-1,-1,-1
182,5,1357.71,577.17,83.76,224.50,0.4785,-1,-1,-1
182,6,231.62,567.63,64.36,203.47,0.5869,-1,-1,-1
182,8,525.90,296.56,60.91,200.55,0.4856,-1,-1,-1
182,17,408.49,645.72,90.78,250.88,0.7844,-1,-1,-1
182,19,867.12,177.59,72.87,186.32,0.5388,-1,-1,-1
182,32,751.42,275.18,57.43,193.52,0.3596,-1,-1,-1
182,34,-3.18,619.54,104.30,238.34,0.6071,-1,-1,-1
183,1,416.84,228.94,72.45,205.98,0.5794,-1,-1,-1
183,2,101.24,545.91,69.26,247.88,0.6819,-1,-1,-1
183,3,995.84,916.18,58.20,162.01,0.7283,-1,-1,-1
183,4,1722.38,459.43,72.59,208.58,0.5237,-1,-1,-1
183,5,1357.33,576.87,84.88,223.62,0.4897,-1,-1,-1
183,6,230.67,566.36,66.33,205.31,0.5514,-1,-1,-1
183,8,523.18,295.42,65.10,206.57,0.4062,-1,-1,-1
183,17,408.07,643.87,93.35,252.34,0.7979,-1,-1,-1
183,19,867.90,176.78,72.66,187.38,0.5564,-1,-1,-1
183,28,607.25,280.49,58.69,210.54,0.3247,-1,-1,-1
183,32,749.56,276.59,60.95,194.33,0.3655,-1,-1,-1
183,34,1.46,622.07,102.87,238.06,0.6555,-1,-1,-1
184,1,417.04,227.86,73.33,207.05,0.5791,-1,-1,-1
184,2,100.83,545.87,68.87,248.12,0.6704,-1,-1,-1
184,3,994.97,918.20,57.84,161.38,0.7233,-1,-1,-1
184,4,1721.22,459.25,73.27,208.97,0.5334,-1,-1,-1
184,5,1357.63,576.49,84.80,224.78,0.4653,-1,-1,-1
184,6,232.00,565.96,65.10,209.26,0.5351,-1,-1,-1
184,8,521.77,239.77,65.92,262.00,0.3986,-1,-1,-1
184,17,408.96,642.59,93.63,253.20,0.7735,-1,-1,-1
184,19,867.87,176.90,72.61,187.40,0.5430,-1,-1,-1
184,28,607.60,279.19,60.78,212.54,0.3337,-1,-1,-1
184,32,750.25,278.56,60.60,192.73,0.3489,-1,-1,-1
184,34,6.74,622.21,96.62,234.05,0.6215,-1,-1,-1
185,1,415.76,227.37,74.15,207.46,0.5878,-1,-1,-1
185,2,100.21,546.18,68.69,247.01,0.6464,-1,-1,-1
185,3,993.29,918.33,58.73,159.65,0.7175,-1,-1,-1
185,4,1721.68,459.42,72.82,208.45,0.5027,-1,-1,-1
185,5,1357.68,575.26,84.13,219.83,0.4800,-1,-1,-1
185,6,231.88,565.58,66.32,210.08,0.5680,-1,-1,-1
185,8,520.01,283.71,68.76,224.46,0.4305,-1,-1,-1
185,17,408.28,643.34,95.35,252.52,0.7859,-1,-1,-1
185,19,867.59,178.13,74.95,188.73,0.5879,-1,-1,-1
185,28,606.99,287.41,59.88,207.23,0.3305,-1,-1,-1
185,32,750.74,280.26,62.55,191.74,0.3298,-1,-1,-1
185,34,12.41,621.53,92.12,233.45,0.6221,-1,-1,-1
186,1,415.59,226.75,74.37,207.54,0.5963,-1,-1,-1
186,2,99.56,546.61,69.30,246.20,0.6452,-1,-1,-1
186,3,992.22,918.33,57.83,160.50,0.7341,-1,-1,-1
186,4,1721.92,459.08,72.58,208.75,0.5033,-1,-1,-1
186,5,1357.37,574.70,83.93,224.62,0.4939,-1,-1,-1
186,6,229.97,565.20,67.16,208.23,0.5833,-1,-1,-1
186,8,523.47,300.36,61.89,204.44,0.4266,-1,-1,-1
186,17,408.72,641.16,94.38,255.20,0.7943,-1,-1,-1
186,19,867.57,176.09,74.13,191.07,0.5612,-1,-1,-1
186,28,607.72,284.68,59.42,207.19,0.3588,-1,-1,-1
186,34,15.24,618.99,93.79,235.98,0.6575,-1,-1,-1
186,35,1194.83,150.26,56.21,180.43,0.3235,-1,-1,-1
187,1,416.07,225.11,74.24,209.89,0.6014,-1,-1,-1
187,2,97.84,546.41,71.20,243.29,0.6377,-1,-1,-1
187,3,989.43,918.87,60.44,159.52,0.7347,-1,-1,-1
187,4,1721.78,459.67,72.55,207.99,0.4952,-1,-1,-1
187,5,1357.61,573.27,84.02,224.91,0.5044,-1,-1,-1
187,6,228.99,564.20,67.49,209.60,0.6350,-1,-1,-1
187,8,525.95,301.84,59.36,205.41,0.5400,-1,-1,-1
187,17,408.55,639.15,94.53,256.34,0.7812,-1,-1,-1
187,19,867.23,176.48,74.95,191.54,0.5617,-1,-1,-1
187,28,607.04,286.99,60.51,202.29,0.3475,-1,-1,-1
187,34,20.11,619.98,97.12,239.94,0.6872,-1,-1,-1
187,35,1192.43,149.39,57.97,181.45,0.3554,-1,-1,-1
188,1,415.95,226.06,74.73,207.45,0.5946,-1,-1,-1
188,2,96.86,546.12,71.81,241.69,0.5923,-1,-1,-1
188,3,988.91,919.22,60.54,159.33,0.7218,-1,-1,-1
188,4,1721.25,460.30,73.54,207.28,0.5075,-1,-1,-1
188,5,1357.83,572.47,83.90,226.02,0.4594,-1,-1,-1
188,6,227.98,561.79,68.61,211.53,0.6183,-1,-1,-1
188,8,523.78,300.40,62.44,207.43,0.5397,-1,-1,-1
188,17,410.59,637.48,92.18,256.37,0.7685,-1,-1,-1
188,19,868.01,177.26,74.96,186.14,0.4322,-1,-1,-1
188,28,606.06,289.01,59.94,200.48,0.3350,-1,-1,-1
188,32,752.33,280.85,62.01,191.95,0.3160,-1,-1,-1
188,34,21.62,618.51,104.76,240.68,0.7143,-1,-1,-1
189,1,416.03,224.50,74.24,207.72,0.5819,-1,-1,-1
189,2,95.50,546.40,70.76,238.15,0.5354,-1,-1,-1
189,3,987.63,919.84,59.66,158.93,0.7122,-1,-1,-1
189,4,1720.87,460.76,73.76,207.32,0.4816,-1,-1,-1
189,5,1357.72,572.14,82.23,219.33,0.4582,-1,-1,-1
189,6,229.42,557.18,64.92,209.46,0.5553,-1,-1,-1
189,8,523.06,304.72,63.21,206.61,0.5648,-1,-1,-1
189,17,409.67,633.75,92.23,258.93,0.7985,-1,-1,-1
189,19,866.78,177.29,79.08,186.11,0.4621,-1,-1,-1
189,28,605.05,299.36,60.00,191.87,0.3508,-1,-1,-1
189,34,22.96,619.79,110.19,242.03,0.6902,-1,-1,-1
190,1,417.05,224.40,73.60,207.52,0.5687,-1,-1,-1
190,2,93.81,546.03,71.80,231.46,0.4935,-1,-1,-1
190,3,986.57,920.88,59.38,157.36,0.7264,-1,-1,-1
190,4,1721.55,458.78,73.26,208.92,0.4643,-1,-1,-1
190,5,1357.73,572.18,81.68,218.23,0.4494,-1,-1,-1
190,6,229.58,554.69,64.40,207.25,0.5731,-1,-1,-1
190,8,522.18,303.02,65.40,209.74,0.5938,-1,-1,-1
190,17,412.01,633.95,87.72,255.91,0.7853,-1,-1,-1
190,19,867.18,178.96,82.25,184.58,0.5122,-1,-1,-1
190,28,605.17,297.21,59.93,194.70,0.3469,-1,-1,-1
190,34,26.29,622.00,112.86,245.63,0.6737,-1,-1,-1
191,1,417.64,222.95,73.73,207.71,0.5656,-1,-1,-1
191,2,95.08,543.42,69.76,189.11,0.5734,-1,-1,-1
191,3,985.46,921.97,59.28,155.30,0.7426,-1,-1,-1
191,4,1720.26,459.61,74.69,208.46,0.4924,-1,-1,-1
191,5,1358.33,572.43,86.28,230.04,0.4815,-1,-1,-1
191,6,229.45,551.31,63.25,205.77,0.5918,-1,-1,-1
191,8,522.06,303.11,66.46,210.72,0.5484,-1,-1,-1
191,17,411.95,630.31,86.21,255.18,0.7833,-1,-1,-1
191,19,870.26,174.88,78.19,185.54,0.4829,-1,-1,-1
191,28,604.21,303.61,60.71,189.87,0.3196,-1,-1,-1
191,34,27.75,622.80,120.92,249.91,0.6087,-1,-1,-1
192,1,418.62,222.96,73.67,207.81,0.5437,-1,-1,-1
192,2,95.59,544.98,68.79,182.90,0.5979,-1,-1,-1
192,3,984.79,922.69,58.30,154.54,0.7447,-1,-1,-1
192,4,1720.43,459.91,74.40,207.63,0.5382,-1,-1,-1
192,5,1357.12,570.42,86.04,224.55,0.4981,-1,-1,-1
192,6,227.99,550.32,65.59,204.51,0.6324,-1,-1,-1
192,8,522.46,304.99,66.46,208.67,0.5989,-1,-1,-1
192,17,412.33,624.84,84.92,251.82,0.7717,-1,-1,-1
192,19,872.25,172.65,76.91,185.87,0.5071,-1,-1,-1
192,28,603.43,305.95,60.31,186.87,0.3872,-1,-1,-1
192,34,32.07,625.97,120.94,251.55,0.5943,-1,-1,-1
193,1,417.80,221.01,74.71,208.64,0.5236,-1,-1,-1
193,2,94.89,545.26,68.57,179.72,0.5867,-1,-1,-1
193,3,984.33,922.05,57.25,155.74,0.7164,-1,-1,-1
193,4,1720.76,459.41,73.87,207.52,0.5201,-1,-1,-1
193,5,1357.66,571.04,85.40,228.93,0.4933,-1,-1,-1
193,6,228.43,546.88,64.81,206.95,0.6395,-1,-1,-1
193,8,521.05,308.52,67.94,205.21,0.5524,-1,-1,-1
193,17,412.45,621.80,83.67,248.05,0.7896,-1,-1,-1
193,19,875.26,172.80,74.13,184.79,0.4296,-1,-1,-1
193,28,602.41,307.80,60.81,185.85,0.3524,-1,-1,-1
193,34,38.15,629.27,113.44,246.52,0.5098,-1,-1,-1
194,1,417.88,221.81,75.75,206.74,0.5100,-1,-1,-1
194,2,93.17,544.88,70.48,176.14,0.6222,-1,-1,-1
194,3,981.73,921.64,60.22,156.66,0.7386,-1,-1,-1
194,4,1720.82,459.99,73.92,207.58,0.5017,-1,-1,-1
194,5,1356.81,570.67,85.34,230.77,0.4713,-1,-1,-1
194,6,228.13,545.81,64.79,205.68,0.6429,-1,-1,-1
194,8,519.64,308.96,68.77,205.23,0.5770,-1,-1,-1
194,17,413.52,618.70,79.65,247.85,0.7743,-1,-1,-1
194,19,875.57,172.88,74.52,182.22,0.3923,-1,-1,-1
194,28,601.78,308.16,60.07,186.44,0.3650,-1,-1,-1
194,34,41.42,631.84,111.44,241.67,0.5885,-1,-1,-1
195,1,418.84,219.15,74.91,210.45,0.5585,-1,-1,-1
195,2,93.22,544.76,69.83,175.98,0.6015,-1,-1,-1
195,3,982.38,922.14,58.60,155.91,0.7299,-1,-1,-1
195,4,1721.13,459.45,73.64,208.30,0.5215,-1,-1,-1
195,5,1356.59,569.51,84.60,219.61,0.5590,-1,-1,-1
195,6,228.48,544.69,63.19,207.90,0.6471,-1,-1,-1
195,8,516.79,308.49,72.02,207.21,0.6708,-1,-1,-1
195,17,412.85,617.58,80.62,247.14,0.7846,-1,-1,-1
195,19,878.15,169.91,72.38,178.84,0.3666,-1,-1,-1
195,28,601.09,308.91,60.74,184.78,0.4301,-1,-1,-1
195,34,43.17,633.58,110.28,234.40,0.6656,-1,-1,-1
196,1,419.97,217.58,73.24,209.92,0.5386,-1,-1,-1
196,2,93.54,544.58,68.58,176.59,0.5414,-1,-1,-1
196,3,980.14,921.55,61.48,156.97,0.7311,-1,-1,-1
196,4,1720.75,458.44,73.15,209.91,0.5037,-1,-1,-1
196,5,1356.47,571.92,84.31,219.21,0.5213,-1,-1,-1
196,6,226.83,544.49,63.83,207.30,0.6475,-1,-1,-1
196,8,517.92,310.80,71.38,207.19,0.6012,-1,-1,-1
196,17,408.40,613.96,84.96,248.81,0.7515,-1,-1,-1
196,19,881.53,169.13,67.79,176.39,0.4262,-1,-1,-1
196,28,601.43,310.98,61.10,182.56,0.4007,-1,-1,-1
196,32,752.81,291.30,62.72,190.76,0.3690,-1,-1,-1
196,34,46.97,636.74,106.70,243.29,0.6668,-1,-1,-1
197,1,419.19,216.27,76.47,209.32,0.5739,-1,-1,-1
197,2,94.32,543.97,66.84,171.55,0.5280,-1,-1,-1
197,3,977.35,921.91,63.77,156.65,0.7374,-1,-1,-1
197,4,1721.44,458.79,73.38,209.52,0.5006,-1,-1,-1
197,5,1356.50,571.53,84.08,218.10,0.5401,-1,-1,-1
197,6,226.20,543.89,64.19,209.45,0.6860,-1,-1,-1
197,8,515.05,307.06,74.35,212.30,0.6745,-1,-1,-1
197,17,404.40,610.95,87.95,250.10,0.7413,-1,-1,-1
197,19,882.46,168.31,66.19,176.28,0.4546,-1,-1,-1
197,28,601.08,311.42,60.95,182.52,0.4319,-1,-1,-1
197,32,753.34,293.35,61.00,188.52,0.3260,-1,-1,-1
197,34,50.88,639.95,108.03,248.61,0.6736,-1,-1,-1
197,35,1163.23,143.75,57.64,181.63,0.3170,-1,-1,-1
198,1,420.64,215.26,75.77,208.48,0.5656,-1,-1,-1
198,2,96.12,544.18,64.17,170.62,0.5198,-1,-1,-1
198,3,976.39,921.13,61.88,157.70,0.7018,-1,-1,-1
198,4,1720.90,459.00,73.63,208.63,0.4964,-1,-1,-1
198,5,1356.58,572.02,84.91,219.10,0.5586,-1,-1,-1
198,6,225.94,542.83,64.92,210.00,0.6939,-1,-1,-1
198,8,515.58,312.64,73.05,210.54,0.6261,-1,-1,-1
198,17,400.51,611.50,90.76,251.54,0.7492,-1,-1,-1
198,19,885.99,159.83,63.05,184.37,0.4296,-1,-1,-1
198,28,600.89,312.50,60.56,182.42,0.4362,-1,-1,-1
198,32,754.55,294.82,63.13,189.55,0.3059,-1,-1,-1
198,34,54.87,642.26,107.32,247.59,0.6953,-1,-1,-1
199,1,418.98,214.07,77.38,205.67,0.5663,-1,-1,-1
199,2,95.87,544.73,64.26,170.97,0.5182,-1,-1,-1
199,3,973.45,921.18,64.59,157.64,0.7289,-1,-1,-1
199,4,1720.78,458.72,73.12,209.10,0.5286,-1,-1,-1
199,5,1355.05,571.11,85.92,222.43,0.5205,-1,-1,-1
199,6,226.34,543.23,64.47,208.94,0.7028,-1,-1,-1
199,8,516.39,315.22,71.77,209.95,0.6018,-1,-1,-1
199,17,398.16,610.75,93.12,253.39,0.7422,-1,-1,-1
199,19,885.52,157.25,66.11,187.17,0.3958,-1,-1,-1
199,28,601.45,313.41,59.89,179.97,0.4473,-1,-1,-1
199,34,57.27,644.25,106.96,247.81,0.7226,-1,-1,-1
199,35,1159.89,142.01,57.88,182.67,0.3185,-1,-1,-1
199,38,522.45,142.94,64.85,157.09,0.3082,-1,-1,-1
200,1,418.94,212.19,77.64,205.45,0.5739,-1,-1,-1
200,2,95.65,543.61,64.40,166.75,0.5372,-1,-1,-1
200,3,972.50,920.08,63.62,157.83,0.7147,-1,-1,-1
200,4,1720.98,458.69,72.66,208.68,0.5340,-1,-1,-1
200,5,1355.94,571.08,82.28,217.42,0.5400,-1,-1,-1
200,6,226.01,542.27,63.32,208.42,0.7167,-1,-1,-1
200,8,518.22,318.77,67.97,209.17,0.5842,-1,-1,-1
200,17,397.57,610.11,92.27,252.21,0.7471,-1,-1,-1
200,19,884.51,159.39,68.87,187.17,0.4004,-1,-1,-1
200,28,601.74,315.13,59.88,178.53,0.4225,-1,-1,-1
200,32,751.72,295.97,63.20,194.41,0.3102,-1,-1,-1
200,34,60.70,648.97,102.45,243.37,0.7122,-1,-1,-1
200,35,1157.65,141.23,58.76,182.31,0.3478,-1,-1,-1
201,1,419.33,211.36,79.06,206.21,0.5669,-1,-1,-1
201,2,94.77,544.20,64.55,166.39,0.4987,-1,-1,-1
201,3,971.98,919.78,62.78,158.20,0.7218,-1,-1,-1
201,4,1720.97,458.16,72.64,209.11,0.5539,-1,-1,-1
201,5,1355.80,571.18,81.61,219.55,0.5451,-1,-1,-1
201,6,226.17,541.41,62.75,209.14,0.7041,-1,-1,-1
201,8,516.23,318.92,70.49,212.86,0.5941,-1,-1,-1
201,17,395.48,609.66,93.51,252.18,0.7428,-1,-1,-1
201,19,886.04,158.75,70.48,187.25,0.4226,-1,-1,-1
201,28,601.92,318.35,58.42,172.91,0.4311,-1,-1,-1
201,34,65.11,654.56,97.26,238.37,0.7342,-1,-1,-1
201,35,1156.70,139.89,57.71,182.03,0.3180,-1,-1,-1
202,1,419.55,210.16,79.92,205.50,0.5610,-1,-1,-1
202,2,96.54,542.01,62.88,155.69,0.4446,-1,-1,-1
202,3,971.25,919.22,61.85,159.05,0.7279,-1,-1,-1
202,4,1721.51,458.42,72.62,209.63,0.5819,-1,-1,-1
202,5,1355.06,570.86,81.40,216.00,0.5172,-1,-1,-1
202,6,225.23,539.98,63.94,210.79,0.7057,-1,-1,-1
202,8,516.25,317.70,72.24,215.70,0.6122,-1,-1,-1
202,17,396.56,608.84,92.11,250.25,0.7354,-1,-1,-1
202,19,888.06,157.93,71.01,185.62,0.4323,-1,-1,-1
202,28,601.96,322.63,57.63,167.98,0.4481,-1,-1,-1
202,34,67.11,656.18,95.21,236.40,0.7427,-1,-1,-1
202,35,1155.22,139.30,57.65,182.58,0.3837,-1,-1,-1
203,1,421.45,208.86,78.07,206.77,0.4910,-1,-1,-1
203,2,97.31,542.87,60.89,151.81,0.3301,-1,-1,-1
203,3,970.56,918.71,63.10,159.17,0.7357,-1,-1,-1
203,4,1720.84,458.36,73.17,209.62,0.5910,-1,-1,-1
203,5,1356.47,572.15,81.43,211.17,0.5458,-1,-1,-1
203,6,223.09,537.22,65.56,212.13,0.6996,-1,-1,-1
203,8,515.92,317.83,72.30,216.29,0.5676,-1,-1,-1
203,17,395.03,607.00,91.78,248.52,0.7339,-1,-1,-1
203,19,887.17,156.67,70.95,186.29,0.4726,-1,-1,-1
203,28,602.14,322.46,57.30,167.24,0.4457,-1,-1,-1
203,34,68.87,657.15,95.12,234.52,0.6964,-1,-1,-1
203,35,1154.07,138.33,55.89,183.63,0.3753,-1,-1,-1
204,1,423.76,208.65,76.72,206.85,0.4480,-1,-1,-1
204,2,97.44,543.44,60.38,149.25,0.3513,-1,-1,-1
204,3,968.16,915.81,63.05,161.91,0.7307,-1,-1,-1
204,4,1721.00,459.05,73.24,209.08,0.5781,-1,-1,-1
204,5,1356.92,571.67,82.83,213.92,0.5603,-1,-1,-1
204,6,222.87,534.95,64.64,211.06,0.6727,-1,-1,-1
204,8,512.53,317.73,74.43,218.48,0.5869,-1,-1,-1
204,17,397.30,602.25,88.87,250.30,0.7216,-1,-1,-1
204,19,887.10,156.99,71.91,186.10,0.5037,-1,-1,-1
204,28,602.77,324.69,56.77,167.05,0.3988,-1,-1,-1
204,34,70.08,658.06,95.70,232.92,0.6856,-1,-1,-1
204,35,1153.10,140.55,54.35,180.09,0.3813,-1,-1,-1
204,39,-5.05,606.16,58.23,232.81,0.3084,-1,-1,-1
205,1,424.28,208.48,77.34,207.08,0.4663,-1,-1,-1
205,2,97.26,542.72,60.20,146.39,0.3398,-1,-1,-1
205,3,967.21,915.30,62.19,162.88,0.7310,-1,-1,-1
205,4,1720.21,458.80,74.16,209.95,0.5665,-1,-1,-1
205,5,1356.25,571.76,82.65,214.83,0.5317,-1,-1,-1
205,6,220.07,530.69,66.43,209.95,0.6652,-1,-1,-1
205,8,514.52,317.91,73.78,218.34,0.5049,-1,-1,-1
205,17,394.32,599.65,91.04,251.82,0.7193,-1,-1,-1
205,19,888.88,155.42,68.83,187.42,0.4669,-1,-1,-1
205,28,604.10,324.63,55.78,167.46,0.3882,-1,-1,-1
205,32,756.32,299.42,59.50,195.81,0.3386,-1,-1,-1
205,34,70.66,656.32,98.99,234.99,0.7375,-1,-1,-1
205,35,1151.66,139.17,55.16,181.32,0.3937,-1,-1,-1
205,39,-6.52,598.99,65.31,240.80,0.3527,-1,-1,-1
206,1,422.95,205.41,79.21,208.38,0.5126,-1,-1,-1
206,2,97.21,543.31,61.23,146.20,0.3889,-1,-1,-1
206,3,965.28,914.82,63.00,163.06,0.7458,-1,-1,-1
206,4,1720.32,459.05,74.63,209.59,0.5679,-1,-1,-1
206,5,1355.38,571.44,82.05,215.71,0.5380,-1,-1,-1
206,6,221.16,528.53,63.67,202.79,0.6692,-1,-1,-1
206,8,512.74,319.57,75.13,217.83,0.5080,-1,-1,-1
206,17,396.00,597.76,88.17,252.37,0.7334,-1,-1,-1
206,19,890.57,156.06,68.50,184.40,0.5184,-1,-1,-1
206,28,604.18,324.71,55.82,167.00,0.4112,-1,-1,-1
206,32,758.50,299.22,58.04,195.83,0.3774,-1,-1,-1
206,34,75.20,656.33,98.27,234.81,0.7627,-1,-1,-1
206,35,1149.93,137.97,55.28,182.41,0.4033,-1,-1,-1
206,39,-8.40,600.92,79.37,238.32,0.4629,-1,-1,-1
207,1,422.96,205.10,79.79,207.33,0.4888,-1,-1,-1
207,2,98.11,543.81,60.74,147.26,0.4421,-1,-1,-1
207,3,964.27,913.18,62.30,164.93,0.7476,-1,-1,-1
207,4,1720.74,458.84,73.68,208.78,0.5735,-1,-1,-1
207,5,1357.44,570.55,80.11,213.67,0.4978,-1,-1,-1
207,6,221.89,526.59,62.53,201.57,0.6494,-1,-1,-1
207,8,510.91,319.55,75.66,217.00,0.5340,-1,-1,-1
207,17,396.44,596.40,87.02,246.85,0.7456,-1,-1,-1
207,19,890.92,154.62,71.38,189.60,0.5108,-1,-1,-1
207,28,604.09,325.21,56.03,167.66,0.4119,-1,-1,-1
207,32,759.11,298.36,58.19,195.47,0.3295,-1,-1,-1
207,34,79.78,659.11,104.40,236.11,0.7234,-1,-1,-1
207,35,1147.08,137.43,55.39,183.35,0.3708,-1,-1,-1
208,1,424.47,206.28,77.78,207.75,0.4770,-1,-1,-1
208,2,98.28,543.91,61.22,147.51,0.3912,-1,-1,-1
208,3,961.44,912.62,63.78,165.89,0.7408,-1,-1,-1
208,4,1721.53,458.84,73.06,209.75,0.5807,-1,-1,-1
208,5,1357.48,570.48,79.91,214.14,0.5151,-1,-1,-1
208,6,220.09,524.82,64.53,202.48,0.6129,-1,-1,-1
208,8,508.24,323.29,76.35,212.66,0.5138,-1,-1,-1
208,17,398.46,593.23,84.41,244.36,0.7482,-1,-1,-1
208,19,893.00,152.82,68.25,191.39,0.4737,-1,-1,-1
208,28,603.02,324.11,57.05,167.31,0.4063,-1,-1,-1
208,32,758.32,298.50,59.11,195.82,0.3510,-1,-1,-1
208,34,84.25,660.31,108.72,241.26,0.7345,-1,-1,-1
208,35,1144.49,136.87,56.16,183.88,0.3935,-1,-1,-1
208,39,-4.54,605.22,86.13,235.49,0.3637,-1,-1,-1
209,1,425.47,206.24,77.03,208.86,0.4398,-1,-1,-1
209,2,98.94,545.87,61.19,149.28,0.3752,-1,-1,-1
209,3,961.08,912.50,61.54,166.15,0.7305,-1,-1,-1
209,4,1721.63,457.54,72.83,210.53,0.5548,-1,-1,-1
209,5,1357.38,570.97,77.37,215.36,0.4956,-1,-1,-1
209,6,220.44,523.24,63.51,202.46,0.6256,-1,-1,-1
209,8,508.57,323.44,74.58,212.65,0.5572,-1,-1,-1
209,17,399.34,590.84,82.07,240.33,0.7519,-1,-1,-1
209,19,893.69,151.50,68.61,189.93,0.4535,-1,-1,-1
209,28,601.82,323.97,57.19,168.43,0.3730,-1,-1,-1
209,32,758.62,301.28,59.52,195.10,0.3531,-1,-1,-1
209,34,86.10,665.45,115.10,239.99,0.7617,-1,-1,-1
209,35,1142.05,137.62,57.17,182.28,0.3427,-1,-1,-1
209,39,0.07,606.13,84.26,236.35,0.5766,-1,-1,-1
210,1,425.45,205.54,76.30,209.99,0.4219,-1,-1,-1
210,2,99.97,543.52,60.68,151.33,0.3845,-1,-1,-1
210,3,957.87,912.15,63.38,167.05,0.7292,-1,-1,-1
210,4,1721.14,458.25,73.30,210.42,0.5698,-1,-1,-1
210,5,1356.96,571.01,78.52,215.14,0.5190,-1,-1,-1
210,6,219.04,522.54,65.30,203.70,0.6205,-1,-1,-1
210,8,508.45,323.73,73.40,213.28,0.5971,-1,-1,-1
210,17,400.77,590.08,80.51,237.66,0.7551,-1,-1,-1
210,19,894.19,151.04,67.55,189.50,0.4767,-1,-1,-1
210,28,602.35,323.88,56.85,176.75,0.3335,-1,-1,-1
210,32,759.87,304.59,61.00,195.96,0.3198,-1,-1,-1
210,34,85.18,667.00,120.56,240.53,0.7543,-1,-1,-1
210,35,1141.20,137.66,56.36,181.72,0.3409,-1,-1,-1
210,39,1.57,607.02,86.34,234.23,0.5913,-1,-1,-1
211,1,426.94,205.01,76.09,209.71,0.4367,-1,-1,-1
211,2,100.00,543.94,62.75,152.79,0.3776,-1,-1,-1
211,3,955.62,912.38,64.48,166.25,0.7376,-1,-1,-1
211,4,1720.78,459.09,73.73,208.03,0.5500,-1,-1,-1
211,5,1356.30,570.56,78.19,219.24,0.5124,-1,-1,-1
211,6,217.66,521.07,65.73,205.00,0.5994,-1,-1,-1
211,8,508.35,323.79,72.75,211.59,0.5998,-1,-1,-1
211,17,401.10,587.04,79.70,238.44,0.7515,-1,-1,-1
211,19,894.77,150.33,69.39,186.05,0.4973,-1,-1,-1
211,32,758.62,306.01,64.48,197.78,0.3100,-1,-1,-1
211,34,92.20,668.91,113.71,241.37,0.7521,-1,-1,-1
211,35,1138.78,137.66,56.56,182.50,0.3332,-1,-1,-1
211,39,1.68,612.10,89.27,229.28,0.5870,-1,-1,-1
212,1,425.99,203.33,77.35,210.10,0.4024,-1,-1,-1
212,2,101.35,544.36,62.87,157.58,0.4590,-1,-1,-1
212,3,954.00,910.91,64.71,169.02,0.7329,-1,-1,-1
212,4,1720.62,459.59,74.14,209.59,0.5753,-1,-1,-1
212,5,1356.42,571.12,78.20,219.67,0.5009,-1,-1,-1
212,6,216.53,519.72,66.03,206.01,0.6211,-1,-1,-1
212,8,507.53,325.50,72.34,210.47,0.5918,-1,-1,-1
212,17,399.93,585.28,81.69,239.25,0.7133,-1,-1,-1
212,19,898.21,147.62,67.89,183.71,0.4892,-1,-1,-1
212,34,98.14,669.96,108.21,244.66,0.7423,-1,-1,-1
212,39,11.80,609.94,82.95,233.98,0.5596,-1,-1,-1
213,1,425.74,201.86,77.35,210.19,0.4076,-1,-1,-1
213,2,102.03,545.21,62.98,171.14,0.4890,-1,-1,-1
213,3,951.71,909.89,65.12,170.10,0.7463,-1,-1,-1
213,4,1720.58,459.01,74.66,209.90,0.5666,-1,-1,-1
213,5,1355.90,570.62,78.73,221.25,0.5398,-1,-1,-1
213,6,215.80,519.26,65.71,204.49,0.6150,-1,-1,-1
213,8,507.79,325.97,70.83,211.41,0.6299,-1,-1,-1
213,17,400.16,582.84,82.23,242.44,0.7104,-1,-1,-1
213,19,899.28,145.00,67.18,183.70,0.5013,-1,-1,-1
213,28,600.75,328.09,60.02,186.38,0.3035,-1,-1,-1
213,34,100.88,669.06,106.27,249.86,0.7477,-1,-1,-1
213,39,21.04,609.98,76.66,234.41,0.5290,-1,-1,-1
213,41,808.46,321.16,71.77,188.24,0.3330,-1,-1,-1
214,1,425.61,201.28,75.93,210.40,0.3946,-1,-1,-1
214,2,101.35,547.09,66.11,173.76,0.4908,-1,-1,-1
214,3,951.46,908.66,64.01,171.32,0.7357,-1,-1,-1
214,4,1721.51,459.37,73.61,207.41,0.5645,-1,-1,-1
214,5,1355.13,571.09,78.87,218.09,0.5271,-1,-1,-1
214,6,215.83,518.87,65.95,203.28,0.5915,-1,-1,-1
214,8,508.79,324.36,71.68,211.36,0.7047,-1,-1,-1
214,17,398.91,580.08,85.65,244.86,0.6935,-1,-1,-1
214,19,901.09,141.97,66.02,185.56,0.4662,-1,-1,-1
214,28,600.99,331.86,58.68,193.74,0.3601,-1,-1,-1
214,34,106.18,665.77,101.85,254.48,0.7556,-1,-1,-1
214,39,32.25,613.65,67.14,232.79,0.5563,-1,-1,-1
214,41,819.21,324.88,62.14,187.17,0.3310,-1,-1,-1
215,1,427.03,200.56,74.88,209.47,0.3773,-1,-1,-1
215,2,101.42,547.81,68.76,171.69,0.4498,-1,-1,-1
215,3,949.93,909.11,63.07,170.92,0.7452,-1,-1,-1
215,4,1721.46,459.71,73.63,207.55,0.5782,-1,-1,-1
215,5,1356.30,571.53,78.57,215.10,0.5403,-1,-1,-1
215,6,216.11,517.87,65.15,203.76,0.5843,-1,-1,-1
215,8,509.20,325.25,70.75,214.03,0.6742,-1,-1,-1
215,17,398.40,578.97,87.64,245.69,0.7152,-1,-1,-1
215,19,901.65,141.98,66.31,185.70,0.4448,-1,-1,-1
215,28,600.87,333.33,61.24,198.98,0.3784,-1,-1,-1
215,32,759.14,312.29,70.54,192.03,0.3765,-1,-1,-1
215,34,111.41,664.50,96.16,257.47,0.7662,-1,-1,-1
215,39,37.72,612.56,71.11,235.47,0.5209,-1,-1,-1
215,41,811.65,323.49,70.98,187.54,0.3430,-1,-1,-1
216,1,426.61,201.19,74.41,204.54,0.3520,-1,-1,-1
216,2,102.01,547.89,70.20,172.98,0.4643,-1,-1,-1
216,3,949.88,909.20,62.22,170.82,0.7376,-1,-1,-1
216,4,1721.74,458.88,72.85,208.90,0.5417,-1,-1,-1
216,5,1355.88,571.23,79.74,217.81,0.5404,-1,-1,-1
216,6,214.85,516.83,65.26,201.48,0.5842,-1,-1,-1
216,8,508.32,327.40,70.43,216.50,0.6221,-1,-1,-1
216,17,399.42,578.71,87.65,246.41,0.7187,-1,-1,-1
216,19,901.44,140.97,66.30,186.49,0.5114,-1,-1,-1
216,28,599.40,333.10,63.53,200.35,0.3830,-1,-1,-1
216,32,755.87,313.65,73.41,192.10,0.3829,-1,-1,-1
216,34,115.13,662.69,92.20,259.72,0.7806,-1,-1,-1
216,35,1128.78,132.69,56.80,185.12,0.3453,-1,-1,-1
216,39,43.63,610.95,71.28,240.46,0.6183,-1,-1,-1
216,41,811.97,322.58,75.56,190.09,0.3305,-1,-1,-1
217,1,426.86,199.39,73.00,203.23,0.3484,-1,-1,-1
217,2,102.30,548.84,68.14,171.75,0.3979,-1,-1,-1
217,3,949.78,908.84,60.86,171.17,0.7374,-1,-1,-1
217,4,1721.08,459.05,73.62,209.00,0.5315,-1,-1,-1
217,5,1354.91,571.76,82.04,218.47,0.5258,-1,-1,-1
217,6,218.55,516.08,60.26,204.01,0.5800,-1,-1,-1
217,8,509.10,329.65,69.55,217.86,0.5991,-1,-1,-1
217,17,398.86,577.13,89.29,246.86,0.7099,-1,-1,-1
217,19,901.02,140.90,67.83,185.36,0.4604,-1,-1,-1
217,28,600.94,336.72,58.80,200.43,0.3870,-1,-1,-1
217,32,756.25,315.23,75.65,190.35,0.3677,-1,-1,-1
217,34,114.40,662.69,94.18,259.52,0.7908,-1,-1,-1
217,39,47.92,613.74,74.38,239.72,0.6280,-1,-1,-1
218,1,426.41,198.57,74.93,201.36,0.3752,-1,-1,-1
218,2,100.73,544.44,72.39,144.77,0.3216,-1,-1,-1
218,3,946.46,908.32,63.97,171.69,0.7344,-1,-1,-1
218,4,1721.52,459.38,73.06,209.53,0.5225,-1,-1,-1
218,5,1354.92,571.33,80.94,218.84,0.4938,-1,-1,-1
218,6,219.52,514.22,57.61,206.06,0.5482,-1,-1,-1
218,8,510.20,330.37,67.49,220.20,0.6173,-1,-1,-1
218,17,398.25,576.80,90.30,246.39,0.7189,-1,-1,-1
218,19,901.40,141.16,67.24,183.57,0.3776,-1,-1,-1
218,28,598.72,339.75,60.23,198.35,0.4311,-1,-1,-1
218,32,761.27,314.97,69.03,192.22,0.3127,-1,-1,-1
218,34,118.45,664.06,92.52,257.78,0.7803,-1,-1,-1
218,39,49.89,617.81,84.02,237.24,0.4969,-1,-1,-1
219,1,427.81,196.81,73.49,199.16,0.3551,-1,-1,-1
219,2,100.09,548.31,73.05,134.42,0.3710,-1,-1,-1
219,3,942.72,907.38,66.79,172.61,0.7538,-1,-1,-1
219,4,1721.29,458.82,73.20,210.03,0.5485,-1,-1,-1
219,5,1354.89,571.84,81.52,217.07,0.5037,-1,-1,-1
219,6,216.86,511.37,58.64,203.06,0.5354,-1,-1,-1
219,8,510.76,331.95,66.52,220.13,0.6280,-1,-1,-1
219,17,399.68,575.43,88.08,245.41,0.6946,-1,-1,-1
219,19,899.94,140.79,69.82,187.19,0.4737,-1,-1,-1
219,28,597.82,341.65,59.65,199.08,0.4980,-1,-1,-1
219,34,121.84,662.56,90.83,257.73,0.7718,-1,-1,-1
219,35,1125.29,128.33,56.21,189.38,0.3216,-1,-1,-1
219,39,55.37,625.61,83.41,225.14,0.5830,-1,-1,-1
220,1,428.26,196.61,71.98,198.50,0.3742,-1,-1,-1
220,2,95.07,550.03,77.98,134.06,0.3996,-1,-1,-1
220,3,941.01,905.49,68.13,174.47,0.7481,-1,-1,-1
220,4,1721.29,459.00,73.57,209.24,0.5642,-1,-1,-1
220,5,1354.55,570.86,83.17,218.50,0.5130,-1,-1,-1
220,6,214.31,507.09,59.07,201.89,0.5506,-1,-1,-1
220,8,510.47,334.48,65.36,217.57,0.6369,-1,-1,-1
220,17,398.14,572.05,88.40,247.33,0.7156,-1,-1,-1
220,19,898.51,141.40,72.76,187.82,0.5145,-1,-1,-1
220,28,598.20,341.98,58.25,200.22,0.5147,-1,-1,-1
220,32,758.47,317.36,75.68,189.40,0.3103,-1,-1,-1
220,34,122.59,665.94,96.65,250.13,0.7425,-1,-1,-1
220,39,57.74,631.06,87.11,221.22,0.6052,-1,-1,-1
221,1,429.05,195.25,71.49,199.35,0.3794,-1,-1,-1
221,2,90.12,551.24,84.14,137.09,0.4767,-1,-1,-1
221,3,937.73,904.80,69.37,175.20,0.7478,-1,-1,-1
221,4,1720.87,458.44,73.53,209.28,0.5864,-1,-1,-1
221,5,1354.47,571.49,82.90,218.07,0.5156,-1,-1,-1
221,6,212.55,504.04,60.64,201.32,0.5997,-1,-1,-1
221,8,510.47,336.72,66.98,218.51,0.6034,-1,-1,-1
221,17,399.68,569.13,85.60,248.45,0.6923,-1,-1,-1
221,19,901.12,141.54,69.89,188.20,0.5417,-1,-1,-1
221,28,597.71,344.11,58.01,200.09,0.5801,-1,-1,-1
221,32,762.05,314.64,70.72,191.81,0.3331,-1,-1,-1
221,34,126.51,667.78,98.05,251.47,0.7301,-1,-1,-1
221,35,1122.34,126.64,57.07,186.40,0.3121,-1,-1,-1
221,39,61.85,634.90,88.15,219.20,0.6305,-1,-1,-1
222,1,429.52,193.93,71.34,200.03,0.3578,-1,-1,-1
222,2,94.57,553.13,78.34,153.12,0.3797,-1,-1,-1
222,3,935.67,905.10,72.28,174.93,0.7533,-1,-1,-1
222,4,1721.49,458.50,73.68,208.82,0.5638,-1,-1,-1
222,5,1354.70,571.79,83.94,219.89,0.4860,-1,-1,-1
222,6,208.43,503.54,65.74,200.70,0.5618,-1,-1,-1
222,8,511.65,336.60,65.18,218.88,0.5869,-1,-1,-1
222,17,399.37,565.18,84.51,250.65,0.7094,-1,-1,-1
222,19,901.69,140.78,68.33,186.99,0.4980,-1,-1,-1
222,28,596.48,345.35,59.16,199.27,0.5701,-1,-1,-1
222,34,129.44,669.24,108.61,251.44,0.7160,-1,-1,-1
222,39,64.78,631.49,93.66,225.36,0.5137,-1,-1,-1
223,1,431.75,193.99,69.63,201.64,0.3377,-1,-1,-1
223,2,93.96,551.16,81.40,142.36,0.4595,-1,-1,-1
223,3,935.06,904.76,72.27,175.25,0.7456,-1,-1,-1
223,4,1722.35,457.80,72.03,209.29,0.5424,-1,-1,-1
223,5,1354.80,571.80,84.65,221.24,0.4526,-1,-1,-1
223,6,208.60,502.64,65.42,200.21,0.5643,-1,-1,-1
223,8,511.18,337.15,66.67,218.43,0.5835,-1,-1,-1
223,17,399.02,564.01,83.86,245.30,0.7257,-1,-1,-1
223,19,900.23,140.71,68.98,185.53,0.4489,-1,-1,-1
223,28,595.42,346.12,59.36,198.48,0.5594,-1,-1,-1
223,32,770.83,315.45,66.26,194.25,0.3005,-1,-1,-1
223,34,131.47,671.02,113.69,257.46,0.6903,-1,-1,-1
223,35,1119.24,128.12,54.48,179.56,0.3350,-1,-1,-1
223,39,69.32,633.73,89.27,225.58,0.5791,-1,-1,-1
224,1,432.69,193.60,69.90,202.33,0.3577,-1,-1,-1
224,2,96.19,552.67,78.62,142.60,0.3632,-1,-1,-1
224,3,935.27,904.45,71.12,175.56,0.7161,-1,-1,-1
224,4,1721.48,459.07,73.46,208.90,0.5487,-1,-1,-1
224,5,1355.01,572.19,88.19,227.94,0.4353,-1,-1,-1
224,6,212.76,501.01,58.20,201.85,0.5535,-1,-1,-1
224,8,511.57,337.99,67.99,218.14,0.5859,-1,-1,-1
224,17,398.50,560.26,82.31,239.41,0.7171,-1,-1,-1
224,19,902.54,137.63,70.87,186.35,0.4197,-1,-1,-1
224,28,594.65,346.44,59.76,198.10,0.5603,-1,-1,-1
224,34,133.65,676.02,119.00,259.68,0.7254,-1,-1,-1
224,35,1117.96,127.90,53.71,179.26,0.3189,-1,-1,-1
224,39,73.98,634.82,83.72,222.80,0.5422,-1,-1,-1
225,1,430.53,192.08,71.90,204.28,0.3693,-1,-1,-1
225,2,97.91,553.88,76.39,148.22,0.3705,-1,-1,-1
225,3,934.95,903.23,71.28,176.66,0.7277,-1,-1,-1
225,4,1721.08,458.79,74.15,209.59,0.5840,-1,-1,-1
225,5,1355.08,572.56,89.30,231.46,0.4103,-1,-1,-1
225,6,212.10,499.58,59.25,200.94,0.6084,-1,-1,-1
225,8,511.91,338.52,69.58,217.49,0.5865,-1,-1,-1
225,17,397.58,557.54,80.65,236.59,0.7170,-1,-1,-1
225,19,903.73,137.12,71.70,185.60,0.3902,-1,-1,-1
225,28,594.03,347.83,59.41,195.98,0.5705,-1,-1,-1
225,32,772.21,316.74,71.82,195.57,0.3959,-1,-1,-1
225,34,136.16,678.35,118.19,264.31,0.7732,-1,-1,-1
225,35,1115.19,127.29,55.38,179.29,0.3688,-1,-1,-1
225,39,80.43,639.13,76.86,226.82,0.5941,-1,-1,-1
226,1,431.27,190.36,71.92,205.33,0.3925,-1,-1,-1
226,2,99.00,554.93,77.75,153.20,0.4247,-1,-1,-1
226,3,932.43,902.08,73.89,177.90,0.7226,-1,-1,-1
226,4,1721.26,458.10,74.32,210.59,0.5769,-1,-1,-1
226,5,1354.62,573.43,91.88,225.98,0.4488,-1,-1,-1
226,6,206.13,499.73,67.10,201.77,0.6060,-1,-1,-1
226,8,509.00,339.46,73.33,217.05,0.6155,-1,-1,-1
226,17,392.49,555.48,85.83,238.19,0.7250,-1,-1,-1
226,19,906.72,135.37,66.31,184.77,0.3656,-1,-1,-1
226,28,592.03,347.42,60.78,196.25,0.5807,-1,-1,-1
226,32,776.48,316.31,67.41,197.64,0.3801,-1,-1,-1
226,34,138.73,680.82,116.53,265.09,0.7539,-1,-1,-1
226,35,1113.36,126.72,55.71,176.13,0.3614,-1,-1,-1
226,39,84.57,640.20,77.63,227.59,0.6079,-1,-1,-1
226,41,842.42,327.48,55.61,186.19,0.3173,-1,-1,-1
227,1,432.20,188.57,72.01,207.77,0.4145,-1,-1,-1
227,2,100.32,554.72,78.57,156.45,0.4687,-1,-1,-1
227,3,932.66,902.05,72.72,177.97,0.7081,-1,-1,-1
227,4,1721.48,458.22,73.49,209.95,0.5957,-1,-1,-1
227,5,1354.87,573.95,89.85,225.64,0.4627,-1,-1,-1
227,6,207.54,498.40,65.97,203.91,0.6048,-1,-1,-1
227,8,509.11,343.04,73.65,212.63,0.6181,-1,-1,-1
227,17,390.96,553.14,85.86,239.41,0.7344,-1,-1,-1
227,19,909.51,133.80,62.88,186.91,0.3490,-1,-1,-1
227,28,589.77,347.39,62.98,197.46,0.5905,-1,-1,-1
227,32,777.31,318.12,75.86,200.53,0.3027,-1,-1,-1
227,34,143.57,683.15,113.43,269.13,0.7643,-1,-1,-1
227,35,1112.43,125.52,55.20,178.06,0.3726,-1,-1,-1
227,39,91.87,638.35,75.45,228.56,0.5921,-1,-1,-1
228,1,433.01,188.32,71.94,207.73,0.4362,-1,-1,-1
228,2,100.67,553.98,80.10,147.23,0.4599,-1,-1,-1
228,3,932.83,901.03,72.34,178.93,0.6954,-1,-1,-1
228,4,1721.50,459.54,73.83,208.13,0.5956,-1,-1,-1
228,5,1354.64,576.11,95.51,229.77,0.4474,-1,-1,-1
228,6,208.07,497.07,66.18,203.94,0.6215,-1,-1,-1
228,8,509.46,341.43,71.26,213.80,0.6387,-1,-1,-1
228,17,386.47,552.31,89.93,239.99,0.7352,-1,-1,-1
228,19,909.91,132.61,66.54,181.58,0.3559,-1,-1,-1
228,28,588.78,348.87,63.36,195.50,0.5721,-1,-1,-1
228,32,777.74,319.16,74.15,204.33,0.3923,-1,-1,-1
228,34,148.59,687.63,103.79,265.83,0.7345,-1,-1,-1
228,35,1108.81,125.31,57.28,179.55,0.3302,-1,-1,-1
228,39,95.88,639.67,77.86,231.59,0.6010,-1,-1,-1
229,1,434.15,188.04,70.30,208.76,0.4224,-1,-1,-1
229,2,101.87,555.61,80.76,141.25,0.4673,-1,-1,-1
229,3,931.90,900.28,73.02,179.72,0.7155,-1,-1,-1
229,4,1720.67,459.42,74.34,208.90,0.6028,-1,-1,-1
229,5,1354.02,575.51,92.59,222.03,0.4909,-1,-1,-1
229,6,206.91,496.07,66.95,205.32,0.5912,-1,-1,-1
229,8,509.14,343.88,72.87,212.07,0.6495,-1,-1,-1
229,17,383.93,549.69,92.31,242.88,0.7255,-1,-1,-1
229,19,912.95,131.89,66.18,177.64,0.3882,-1,-1,-1
229,28,588.47,349.60,63.19,194.62,0.5615,-1,-1,-1
229,32,776.52,318.31,71.12,209.54,0.3436,-1,-1,-1
229,34,149.20,690.35,100.82,264.83,0.7290,-1,-1,-1
229,35,1103.95,125.02,61.09,180.27,0.3414,-1,-1,-1
229,39,102.83,642.85,75.48,225.05,0.5913,-1,-1,-1
230,1,435.38,187.51,70.11,206.14,0.4565,-1,-1,-1
230,2,101.62,555.56,83.97,130.76,0.4543,-1,-1,-1
230,3,932.60,899.68,72.19,180.32,0.7126,-1,-1,-1
230,4,1720.93,459.61,74.18,208.39,0.5841,-1,-1,-1
230,5,1354.64,575.52,96.07,228.17,0.4598,-1,-1,-1
230,6,205.56,494.62,68.35,204.69,0.5886,-1,-1,-1
230,8,509.81,344.37,72.35,213.57,0.6390,-1,-1,-1
230,17,382.20,546.43,94.00,247.68,0.7325,-1,-1,-1
230,19,916.20,130.40,65.67,174.61,0.3404,-1,-1,-1
230,28,587.54,351.27,64.29,193.55,0.5281,-1,-1,-1
230,32,779.60,319.09,73.05,211.63,0.3199,-1,-1,-1
230,34,147.36,693.60,107.35,263.73,0.7489,-1,-1,-1
230,35,1094.27,125.90,70.29,179.29,0.3479,-1,-1,-1
230,39,108.08,644.79,73.59,216.19,0.5594,-1,-1,-1
230,43,791.81,110.21,69.59,216.79,0.3006,-1,-1,-1
231,1,436.01,186.91,70.90,204.22,0.4376,-1,-1,-1
231,2,102.27,556.59,82.72,127.78,0.4820,-1,-1,-1
231,3,931.60,899.40,73.24,180.54,0.7279,-1,-1,-1
231,4,1721.38,458.50,73.96,209.89,0.6109,-1,-1,-1
231,5,1354.70,577.62,96.04,223.76,0.4701,-1,-1,-1
231,6,210.98,493.32,64.23,204.35,0.5610,-1,-1,-1
231,8,508.04,345.38,73.81,213.09,0.6584,-1,-1,-1
231,17,380.06,545.51,95.38,248.60,0.7377,-1,-1,-1
231,19,917.98,129.65,67.12,177.47,0.3072,-1,-1,-1
231,28,586.31,349.95,66.18,193.51,0.5485,-1,-1,-1
231,32,780.04,327.36,59.40,202.91,0.3281,-1,-1,-1
231,34,153.13,695.41,101.32,262.21,0.7687,-1,-1,-1
231,35,1093.36,126.20,69.76,178.57,0.3567,-1,-1,-1
231,39,110.78,638.71,75.63,158.48,0.4767,-1,-1,-1
231,41,844.86,335.14,56.73,191.29,0.3368,-1,-1,-1
232,1,437.56,186.65,69.93,205.35,0.4461,-1,-1,-1
232,2,103.35,557.40,81.09,128.94,0.4507,-1,-1,-1
232,3,931.77,899.52,73.24,180.50,0.7215,-1,-1,-1
232,4,1721.94,457.75,73.15,210.50,0.6170,-1,-1,-1
232,5,1356.28,579.03,96.10,228.92,0.4679,-1,-1,-1
232,6,216.40,492.26,59.73,203.16,0.5231,-1,-1,-1
232,8,508.34,345.81,71.20,215.98,0.6662,-1,-1,-1
232,17,376.45,545.36,97.99,248.38,0.7132,-1,-1,-1
232,19,919.02,127.01,68.11,180.26,0.3077,-1,-1,-1
232,28,587.61,351.95,64.12,190.75,0.5231,-1,-1,-1
232,34,162.61,697.67,93.42,258.99,0.7634,-1,-1,-1
232,35,1094.92,125.85,66.01,178.21,0.4092,-1,-1,-1
232,39,118.98,651.32,65.47,222.07,0.5335,-1,-1,-1
232,41,844.40,335.52,59.66,190.92,0.3275,-1,-1,-1
232,44,1176.37,125.75,59.13,161.86,0.3465,-1,-1,-1
233,1,439.20,184.58,69.16,207.50,0.4114,-1,-1,-1
233,2,104.52,558.47,81.10,132.65,0.4187,-1,-1,-1
233,3,933.00,899.10,71.53,180.90,0.7089,-1,-1,-1
233,4,1721.66,458.44,73.72,209.30,0.5951,-1,-1,-1
233,5,1355.91,577.77,98.50,234.89,0.4534,-1,-1,-1
233,6,212.14,490.58,65.91,203.58,0.5892,-1,-1,-1
233,8,507.78,346.91,71.51,219.51,0.6781,-1,-1,-1
233,17,375.15,544.95,97.83,246.47,0.6917,-1,-1,-1
233,28,587.53,353.85,63.75,190.87,0.5164,-1,-1,-1
233,34,166.55,699.83,91.65,256.74,0.7783,-1,-1,-1
233,35,1094.39,125.93,64.85,176.14,0.4655,-1,-1,-1
233,39,118.81,648.23,67.22,226.86,0.5440,-1,-1,-1
233,41,844.14,337.43,63.04,189.83,0.3757,-1,-1,-1
233,44,1173.85,124.03,59.76,162.63,0.3516,-1,-1,-1
234,1,440.35,183.49,69.79,208.62,0.4265,-1,-1,-1
234,2,111.53,568.38,68.33,211.82,0.3856,-1,-1,-1
234,3,935.51,900.44,68.17,179.63,0.6985,-1,-1,-1
234,4,1722.28,458.25,73.42,209.72,0.6140,-1,-1,-1
234,5,1354.77,575.62,101.64,239.43,0.5107,-1,-1,-1
234,6,215.11,488.15,63.32,199.24,0.5975,-1,-1,-1
234,8,507.14,347.79,70.46,221.17,0.6880,-1,-1,-1
234,17,373.92,542.87,98.25,244.24,0.7133,-1,-1,-1
234,19,921.06,123.70,68.22,181.48,0.3618,-1,-1,-1
234,28,587.32,354.63,63.75,193.85,0.5440,-1,-1,-1
234,34,167.79,700.85,92.00,256.70,0.7941,-1,-1,-1
234,35,1092.99,126.94,65.16,176.76,0.4582,-1,-1,-1
234,39,117.09,649.89,71.43,225.61,0.4359,-1,-1,-1
234,41,844.47,339.23,62.85,188.75,0.3161,-1,-1,-1
234,44,1171.55,123.88,61.17,161.12,0.3480,-1,-1,-1
235,1,442.45,182.22,68.92,207.44,0.4530,-1,-1,-1
235,2,100.79,551.43,91.24,154.62,0.4372,-1,-1,-1
235,3,935.21,900.81,67.10,179.22,0.6793,-1,-1,-1
235,4,1722.32,458.91,72.76,209.20,0.5925,-1,-1,-1
235,5,1356.38,576.17,103.31,238.38,0.4402,-1,-1,-1
235,6,216.68,485.64,61.50,197.81,0.5967,-1,-1,-1
235,8,506.51,350.70,70.19,220.93,0.6852,-1,-1,-1
235,17,373.50,541.87,96.22,245.23,0.7200,-1,-1,-1
235,19,922.76,123.21,66.39,185.63,0.3726,-1,-1,-1
235,28,588.25,356.82,62.83,192.60,0.5304,-1,-1,-1
235,32,781.28,338.21,64.88,199.25,0.3723,-1,-1,-1
235,34,172.63,702.21,87.05,253.37,0.7767,-1,-1,-1
235,35,1092.84,126.69,63.57,176.24,0.4523,-1,-1,-1
235,39,119.17,652.65,69.66,221.22,0.5006,-1,-1,-1
235,41,844.55,345.03,55.41,185.84,0.3318,-1,-1,-1
235,44,1170.08,122.96,61.63,162.17,0.3524,-1,-1,-1
236,1,443.88,182.45,68.20,203.13,0.4484,-1,-1,-1
236,2,105.78,559.08,84.14,144.22,0.5192,-1,-1,-1
236,3,936.04,900.52,66.09,179.48,0.6705,-1,-1,-1
236,4,1722.28,459.30,72.37,208.94,0.6041,-1,-1,-1
236,5,1358.21,576.48,103.09,238.50,0.4502,-1,-1,-1
236,6,216.42,483.60,63.20,196.65,0.5818,-1,-1,-1
236,8,506.25,353.40,68.86,218.11,0.6844,-1,-1,-1
236,17,373.57,541.24,95.00,243.76,0.7202,-1,-1,-1
236,19,923.11,122.13,68.31,187.00,0.3631,-1,-1,-1
236,28,587.58,358.68,61.46,187.82,0.5084,-1,-1,-1
236,32,782.51,339.39,62.32,197.55,0.4095,-1,-1,-1
236,34,176.03,702.42,85.55,253.82,0.7783,-1,-1,-1
236,35,1091.73,125.90,65.05,176.47,0.4149,-1,-1,-1
236,39,122.36,657.25,69.71,219.57,0.5671,-1,-1,-1
236,41,843.27,348.04,58.11,184.18,0.3304,-1,-1,-1
236,44,1167.43,122.90,62.23,161.01,0.3315,-1,-1,-1
237,1,443.11,181.43,69.93,200.78,0.3803,-1,-1,-1
237,2,107.19,559.78,82.35,143.79,0.5160,-1,-1,-1
237,3,936.63,900.49,64.78,179.51,0.6756,-1,-1,-1
237,4,1721.71,458.25,73.07,209.68,0.5917,-1,-1,-1
237,5,1361.79,577.61,101.93,238.57,0.4263,-1,-1,-1
237,6,217.90,482.52,62.67,196.34,0.5577,-1,-1,-1
237,8,503.94,356.02,70.19,216.52,0.6776,-1,-1,-1
237,17,374.87,537.50,92.44,245.09,0.7035,-1,-1,-1
237,19,925.65,122.93,66.07,186.80,0.3100,-1,-1,-1
237,28,587.56,361.25,61.40,188.74,0.5128,-1,-1,-1
237,32,783.44,338.44,62.77,198.56,0.4106,-1,-1,-1
237,34,178.20,703.16,85.80,250.97,0.7906,-1,-1,-1
237,35,1091.12,124.62,63.21,177.74,0.3747,-1,-1,-1
237,39,126.70,653.86,69.03,222.36,0.6008,-1,-1,-1
238,1,443.01,180.38,70.62,200.36,0.3879,-1,-1,-1
238,2,112.68,567.65,77.19,216.54,0.4703,-1,-1,-1
238,3,936.28,900.48,63.70,179.53,0.6801,-1,-1,-1
238,4,1721.37,459.93,73.16,207.92,0.6043,-1,-1,-1
238,5,1365.50,578.99,102.42,239.57,0.4166,-1,-1,-1
238,6,217.52,480.22,63.12,197.33,0.5441,-1,-1,-1
238,8,502.94,357.08,70.35,218.32,0.6982,-1,-1,-1
238,17,376.97,535.24,90.08,243.45,0.7075,-1,-1,-1
238,19,925.96,120.42,67.81,188.18,0.3607,-1,-1,-1
238,28,587.39,362.11,62.00,188.00,0.5444,-1,-1,-1
238,32,784.24,339.52,63.85,198.32,0.4495,-1,-1,-1
238,34,182.23,703.25,85.72,253.23,0.7751,-1,-1,-1
238,35,1090.79,124.43,57.85,181.01,0.4178,-1,-1,-1
238,39,134.89,657.93,64.68,215.92,0.4653,-1,-1,-1
239,1,443.75,178.99,71.57,200.38,0.4008,-1,-1,-1
239,2,111.44,562.84,81.01,237.05,0.4800,-1,-1,-1
239,3,936.53,900.16,62.51,179.83,0.7089,-1,-1,-1
239,4,1722.08,458.58,72.88,209.43,0.6240,-1,-1,-1
239,5,1357.69,576.56,111.56,240.51,0.4685,-1,-1,-1
239,6,218.32,480.00,62.92,197.85,0.5839,-1,-1,-1
239,8,501.31,357.71,71.00,216.07,0.6809,-1,-1,-1
239,17,381.13,530.44,85.37,239.36,0.7622,-1,-1,-1
239,19,925.70,120.42,67.68,183.36,0.4367,-1,-1,-1
239,28,587.76,362.24,62.99,187.76,0.5599,-1,-1,-1
239,32,783.24,339.68,64.64,198.48,0.4084,-1,-1,-1
239,34,185.31,705.61,86.31,251.14,0.7562,-1,-1,-1
239,35,1089.80,122.54,57.46,182.46,0.4246,-1,-1,-1
239,39,138.37,656.82,66.52,218.95,0.5325,-1,-1,-1
239,44,1160.19,120.46,63.28,165.67,0.3050,-1,-1,-1
240,1,443.30,177.45,73.84,201.40,0.3619,-1,-1,-1
240,2,104.27,554.52,95.40,165.53,0.4946,-1,-1,-1
240,3,936.98,900.41,61.54,179.03,0.7054,-1,-1,-1
240,4,1721.05,459.20,74.57,208.94,0.5960,-1,-1,-1
240,5,1357.39,576.07,113.47,240.09,0.4574,-1,-1,-1
240,6,218.03,478.52,63.44,199.79,0.5943,-1,-1,-1
240,8,498.85,358.38,73.58,218.38,0.6509,-1,-1,-1
240,17,385.51,528.11,80.72,235.28,0.7467,-1,-1,-1
240,19,924.83,118.93,66.23,185.03,0.4095,-1,-1,-1
240,28,589.31,363.84,57.98,184.99,0.5469,-1,-1,-1
240,32,783.77,340.04,65.75,197.57,0.4282,-1,-1,-1
240,34,186.63,707.11,95.09,255.17,0.7576,-1,-1,-1
240,35,1088.23,122.10,57.35,180.75,0.3917,-1,-1,-1
240,39,142.44,654.20,69.50,221.89,0.5604,-1,-1,-1
241,1,444.44,178.41,74.39,200.76,0.3664,-1,-1,-1
241,2,109.85,561.41,84.73,152.42,0.5324,-1,-1,-1
241,3,936.43,900.34,61.16,179.64,0.7162,-1,-1,-1
241,4,1721.93,458.62,72.73,208.88,0.6290,-1,-1,-1
241,5,1356.29,572.17,120.28,242.11,0.5078,-1,-1,-1
241,6,217.87,476.79,63.77,202.42,0.6210,-1,-1,-1
241,8,497.24,358.75,73.79,219.19,0.6603,-1,-1,-1
241,17,388.03,525.81,78.38,233.60,0.7304,-1,-1,-1
241,19,923.92,118.35,67.45,183.03,0.4465,-1,-1,-1
241,28,588.96,365.68,59.13,182.38,0.5622,-1,-1,-1
241,32,784.27,340.36,68.98,197.27,0.4428,-1,-1,-1
241,34,188.90,709.82,100.53,257.52,0.7769,-1,-1,-1
241,35,1085.96,121.36,57.85,178.03,0.4318,-1,-1,-1
241,39,145.12,643.71,74.76,157.88,0.4031,-1,-1,-1
241,45,783.89,147.05,70.96,176.53,0.3238,-1,-1,-1
242,1,446.36,177.31,72.22,203.10,0.3642,-1,-1,-1
242,2,111.54,564.85,82.60,175.97,0.4398,-1,-1,-1
242,3,936.34,900.86,62.08,179.16,0.7259,-1,-1,-1
242,4,1721.59,459.45,72.61,208.36,0.6144,-1,-1,-1
242,5,1356.56,569.94,121.27,243.80,0.5357,-1,-1,-1
242,6,217.90,475.13,63.86,202.03,0.5969,-1,-1,-1
242,8,495.45,360.94,74.20,217.56,0.6504,-1,-1,-1
242,17,387.40,522.77,79.59,233.92,0.6991,-1,-1,-1
242,19,930.65,120.97,61.18,180.58,0.4581,-1,-1,-1
242,28,587.59,365.40,61.12,188.19,0.5493,-1,-1,-1
242,32,785.28,342.37,68.08,196.64,0.4306,-1,-1,-1
242,34,194.35,712.21,98.19,256.59,0.7483,-1,-1,-1
242,35,1083.75,118.80,59.46,178.85,0.4118,-1,-1,-1
242,39,153.68,650.73,67.86,168.01,0.4305,-1,-1,-1
242,41,853.41,347.98,63.02,187.44,0.3627,-1,-1,-1
242,44,1155.85,119.24,62.41,160.42,0.3191,-1,-1,-1
242,45,782.96,151.14,72.27,171.67,0.3251,-1,-1,-1
243,1,448.17,176.42,70.44,204.50,0.3479,-1,-1,-1
243,2,113.87,563.47,79.89,226.18,0.5381,-1,-1,-1
243,3,935.74,900.40,61.37,179.58,0.7104,-1,-1,-1
243,4,1721.17,458.77,73.79,207.51,0.6317,-1,-1,-1
243,5,1356.90,568.00,118.99,246.38,0.5380,-1,-1,-1
243,6,217.49,474.72,64.66,202.61,0.6049,-1,-1,-1
243,8,493.93,360.57,73.37,218.45,0.6476,-1,-1,-1
243,17,389.08,520.03,77.74,236.18,0.6883,-1,-1,-1
243,19,931.60,119.98,60.95,179.13,0.5040,-1,-1,-1
243,28,587.23,365.51,62.01,194.30,0.5771,-1,-1,-1
243,32,786.19,341.34,67.80,197.94,0.4228,-1,-1,-1
243,34,197.55,717.80,99.90,255.65,0.6950,-1,-1,-1
243,35,1082.20,118.09,59.59,179.63,0.4664,-1,-1,-1
243,39,155.48,650.86,74.04,163.40,0.4760,-1,-1,-1
243,44,1155.37,118.21,63.87,158.65,0.3099,-1,-1,-1
243,45,787.80,152.18,65.61,168.94,0.3728,-1,-1,-1
244,1,446.70,175.91,75.57,204.50,0.3518,-1,-1,-1
244,2,113.59,562.81,83.15,244.92,0.5662,-1,-1,-1
244,3,935.42,901.35,62.61,178.66,0.7835,-1,-1,-1
244,4,1720.97,458.87,73.35,207.74,0.6061,-1,-1,-1
244,5,1356.69,570.02,118.00,244.11,0.5077,-1,-1,-1
244,6,216.99,472.39,64.32,199.27,0.5755,-1,-1,-1
244,8,492.07,361.43,72.95,215.46,0.6436,-1,-1,-1
244,17,389.20,518.14,78.40,237.52,0.6919,-1,-1,-1
244,19,932.82,118.18,60.00,179.03,0.4405,-1,-1,-1
244,28,585.87,367.10,60.88,197.97,0.5805,-1,-1,-1
244,32,789.68,342.38,63.06,196.76,0.3871,-1,-1,-1
244,34,199.52,728.66,98.99,248.86,0.7041,-1,-1,-1
244,35,1080.63,118.00,60.29,179.77,0.4479,-1,-1,-1
244,39,158.20,653.72,84.24,158.52,0.5560,-1,-1,-1
244,41,852.55,352.74,66.96,182.80,0.3908,-1,-1,-1
244,44,1155.14,114.60,57.20,159.36,0.3156,-1,-1,-1
244,45,786.90,152.41,68.87,169.82,0.3411,-1,-1,-1
245,1,447.50,175.86,74.28,203.83,0.3196,-1,-1,-1
245,2,116.10,565.67,82.11,247.21,0.6233,-1,-1,-1
245,3,934.92,902.86,63.71,177.16,0.7905,-1,-1,-1
245,4,1720.70,459.05,73.63,208.05,0.5892,-1,-1,-1
245,5,1360.28,570.14,114.98,244.26,0.4324,-1,-1,-1
245,6,216.94,471.50,64.16,201.06,0.5674,-1,-1,-1
245,8,491.84,361.80,72.44,219.26,0.6682,-1,-1,-1
245,17,388.85,518.63,79.68,237.99,0.6787,-1,-1,-1
245,19,934.60,116.29,58.81,178.92,0.4541,-1,-1,-1
245,28,586.02,369.59,59.84,199.47,0.5897,-1,-1,-1
245,32,790.11,343.48,63.90,196.67,0.3798,-1,-1,-1
245,34,197.66,729.62,99.90,250.59,0.7023,-1,-1,-1
245,35,1080.42,117.46,58.44,179.28,0.4497,-1,-1,-1
245,39,163.96,655.26,78.80,151.84,0.5935,-1,-1,-1
245,41,855.27,353.40,66.30,185.16,0.3902,-1,-1,-1
245,45,787.05,152.75,69.02,169.66,0.3184,-1,-1,-1
246,1,447.89,176.42,74.54,204.25,0.3246,-1,-1,-1
246,2,118.61,563.54,80.96,249.06,0.6373,-1,-1,-1
246,3,935.38,903.66,64.17,176.35,0.7800,-1,-1,-1
246,4,1720.92,458.38,74.01,209.93,0.6068,-1,-1,-1
246,5,1369.64,571.93,105.30,242.16,0.4674,-1,-1,-1
246,6,219.97,470.68,62.31,204.39,0.5838,-1,-1,-1
246,8,488.52,363.39,74.03,214.68,0.6925,-1,-1,-1
246,17,388.90,517.93,80.76,239.69,0.6971,-1,-1,-1
246,19,936.35,115.75,56.98,179.54,0.4114,-1,-1,-1
246,28,584.85,371.01,60.96,200.53,0.6292,-1,-1,-1
246,32,791.21,345.02,63.38,195.88,0.3963,-1,-1,-1
246,34,202.61,731.00,94.69,256.45,0.6849,-1,-1,-1
246,35,1079.70,117.73,59.02,178.52,0.4121,-1,-1,-1
246,39,171.73,655.32,75.12,152.33,0.6018,-1,-1,-1
246,41,861.26,352.21,63.37,187.25,0.3856,-1,-1,-1
246,45,784.32,152.88,72.13,169.92,0.3275,-1,-1,-1
247,1,447.87,175.71,76.73,204.76,0.3373,-1,-1,-1
247,2,119.33,562.78,84.64,252.52,0.6223,-1,-1,-1
247,3,935.93,903.90,63.62,176.10,0.7677,-1,-1,-1
247,4,1719.96,458.37,74.73,208.83,0.6209,-1,-1,-1
247,5,1371.36,567.87,105.66,248.39,0.5719,-1,-1,-1
247,6,219.39,469.06,62.39,205.96,0.5815,-1,-1,-1
247,8,487.47,364.42,73.93,214.82,0.7434,-1,-1,-1
247,17,389.30,517.68,81.01,240.84,0.7037,-1,-1,-1
247,19,936.52,114.34,57.55,177.41,0.4336,-1,-1,-1
247,28,584.30,372.59,61.95,204.35,0.6803,-1,-1,-1
247,32,788.83,345.36,65.60,195.77,0.4094,-1,-1,-1
247,34,204.24,732.94,95.71,256.80,0.6711,-1,-1,-1
247,35,1078.05,116.50,57.99,179.28,0.4382,-1,-1,-1
247,39,175.07,656.33,81.44,145.90,0.4376,-1,-1,-1
247,41,863.41,352.50,58.65,188.17,0.3747,-1,-1,-1
247,44,1150.77,113.02,56.28,162.53,0.3185,-1,-1,-1
247,45,787.69,152.99,68.77,168.77,0.3060,-1,-1,-1
248,1,448.49,173.80,76.90,209.55,0.3513,-1,-1,-1
248,2,123.08,562.79,83.11,249.16,0.6796,-1,-1,-1
248,3,936.14,905.27,64.79,174.65,0.7521,-1,-1,-1
248,4,1718.99,459.58,75.64,208.30,0.6282,-1,-1,-1
248,5,1375.19,569.83,102.75,245.92,0.5477,-1,-1,-1
248,6,220.78,467.47,60.00,203.37,0.5748,-1,-1,-1
248,8,487.42,366.04,72.08,214.92,0.7417,-1,-1,-1
248,17,389.32,517.17,81.16,240.73,0.6928,-1,-1,-1
248,19,938.36,113.58,57.03,175.89,0.4607,-1,-1,-1
248,28,584.39,374.85,60.22,206.65,0.6461,-1,-1,-1
248,32,791.57,345.87,65.07,199.66,0.4234,-1,-1,-1
248,34,203.66,734.63,94.40,257.86,0.5897,-1,-1,-1
248,35,1077.21,116.42,57.25,180.89,0.4956,-1,-1,-1
248,39,179.68,663.82,81.00,145.73,0.3692,-1,-1,-1
248,41,862.89,353.30,64.26,190.01,0.4156,-1,-1,-1
248,44,1149.97,113.36,56.46,164.27,0.3311,-1,-1,-1
249,1,449.27,171.87,77.08,210.75,0.3885,-1,-1,-1
249,2,125.69,563.80,80.71,250.98,0.6679,-1,-1,-1
249,3,936.34,905.37,65.68,174.62,0.7497,-1,-1,-1
249,4,1720.45,459.61,73.56,207.59,0.5910,-1,-1,-1
249,5,1382.31,570.38,92.84,247.34,0.5262,-1,-1,-1
249,6,220.68,466.54,59.61,195.14,0.5555,-1,-1,-1
249,8,486.84,367.37,72.02,216.07,0.7132,-1,-1,-1
249,17,388.22,516.18,83.55,240.28,0.6853,-1,-1,-1
249,19,939.35,111.11,58.27,179.04,0.5151,-1,-1,-1
249,28,583.56,378.67,59.90,204.80,0.6023,-1,-1,-1
249,32,790.58,345.60,64.45,195.09,0.3833,-1,-1,-1
249,34,206.07,741.34,89.23,251.80,0.4883,-1,-1,-1
249,35,1075.96,116.15,57.13,182.76,0.4615,-1,-1,-1
249,39,182.99,672.40,84.04,226.55,0.4981,-1,-1,-1
249,41,861.04,352.89,68.54,190.28,0.3774,-1,-1,-1
249,44,1148.91,111.52,56.33,166.20,0.3423,-1,-1,-1
250,1,449.63,170.19,76.44,211.45,0.3735,-1,-1,-1
250,2,128.06,565.75,81.40,247.07,0.6766,-1,-1,-1
250,3,936.46,905.77,66.91,174.23,0.7302,-1,-1,-1
250,4,1721.12,458.22,73.53,209.01,0.5973,-1,-1,-1
250,5,1386.21,569.64,88.59,246.39,0.5921,-1,-1,-1
250,6,222.16,464.89,59.30,195.21,0.5543,-1,-1,-1
250,8,486.81,369.27,72.14,218.77,0.6858,-1,-1,-1
250,17,388.47,516.10,84.54,238.87,0.6793,-1,-1,-1
250,19,937.29,109.68,60.62,180.61,0.4961,-1,-1,-1
250,28,582.21,381.30,60.59,202.50,0.6331,-1,-1,-1
250,32,792.15,348.33,66.23,194.62,0.3414,-1,-1,-1
250,34,210.48,746.10,90.27,244.62,0.4586,-1,-1,-1
250,35,1073.91,115.35,57.82,183.38,0.4139,-1,-1,-1
250,39,177.89,662.04,100.79,166.08,0.4681,-1,-1,-1
250,41,854.52,355.71,72.55,191.01,0.3943,-1,-1,-1
250,44,1147.52,110.76,56.98,166.21,0.3421,-1,-1,-1
251,1,450.27,168.28,74.24,211.48,0.3775,-1,-1,-1
251,2,131.64,564.97,80.92,249.90,0.7000,-1,-1,-1
251,3,938.18,907.68,66.32,172.36,0.7400,-1,-1,-1
251,4,1719.78,459.24,75.50,207.84,0.6042,-1,-1,-1
251,5,1387.76,568.62,88.91,247.18,0.6259,-1,-1,-1
251,6,222.22,461.25,59.44,197.04,0.5620,-1,-1,-1
251,8,490.52,369.30,68.18,226.00,0.6535,-1,-1,-1
251,17,388.19,512.57,85.24,239.75,0.6654,-1,-1,-1
251,19,935.34,110.16,65.00,180.89,0.4688,-1,-1,-1
251,28,581.69,383.19,60.28,203.10,0.6521,-1,-1,-1
251,32,791.65,351.13,66.10,191.92,0.3647,-1,-1,-1
251,34,211.51,744.24,88.92,247.88,0.5578,-1,-1,-1
251,35,1073.06,114.93,57.75,183.83,0.3954,-1,-1,-1
251,39,183.83,672.28,93.93,143.35,0.5093,-1,-1,-1
251,41,861.21,355.85,67.84,193.06,0.3471,-1,-1,-1
252,1,449.95,167.19,74.50,208.57,0.3792,-1,-1,-1
252,2,133.65,565.86,83.21,247.64,0.7027,-1,-1,-1
252,3,938.49,908.10,66.94,171.90,0.7127,-1,-1,-1
252,4,1720.58,459.66,74.06,207.22,0.5840,-1,-1,-1
252,5,1386.99,569.75,88.83,243.21,0.5677,-1,-1,-1
252,6,221.39,456.04,59.47,201.86,0.5736,-1,-1,-1
252,8,489.91,372.48,68.48,227.33,0.6547,-1,-1,-1
252,17,389.87,509.79,83.27,241.03,0.6639,-1,-1,-1
252,19,936.33,107.17,64.58,182.54,0.4819,-1,-1,-1
252,28,580.66,383.63,61.49,205.08,0.6667,-1,-1,-1
252,34,209.54,740.86,97.60,250.21,0.6631,-1,-1,-1
252,35,1072.16,114.34,57.83,184.16,0.3638,-1,-1,-1
252,39,185.97,675.81,91.63,140.79,0.4683,-1,-1,-1
252,41,863.65,359.44,61.14,189.91,0.3575,-1,-1,-1
252,44,1145.91,108.95,57.27,171.40,0.3290,-1,-1,-1
253,1,452.22,166.63,71.30,207.92,0.3854,-1,-1,-1
253,2,135.91,565.59,84.64,246.01,0.6960,-1,-1,-1
253,3,938.65,908.17,68.43,171.82,0.7335,-1,-1,-1
253,4,1721.37,458.06,73.53,209.14,0.5705,-1,-1,-1
253,5,1388.42,570.77,88.00,246.51,0.6154,-1,-1,-1
253,6,221.08,457.00,62.13,198.76,0.6017,-1,-1,-1
253,8,489.15,374.48,69.63,225.95,0.6621,-1,-1,-1
253,17,389.21,507.04,83.44,239.84,0.6689,-1,-1,-1
253,19,934.80,108.84,66.74,181.59,0.4965,-1,-1,-1
253,28,578.80,383.47,62.13,207.96,0.6810,-1,-1,-1
253,34,217.11,737.54,91.54,251.79,0.7348,-1,-1,-1
253,35,1069.55,114.46,59.38,182.80,0.3580,-1,-1,-1
253,39,194.36,676.74,80.72,136.49,0.4555,-1,-1,-1
253,44,1145.16,108.23,56.09,171.13,0.3577,-1,-1,-1
254,1,452.50,165.94,70.91,204.83,0.3664,-1,-1,-1
254,2,137.33,565.38,85.60,244.18,0.6677,-1,-1,-1
254,3,939.76,909.60,68.28,170.43,0.7320,-1,-1,-1
254,4,1720.65,458.78,73.67,208.73,0.5815,-1,-1,-1
254,5,1389.55,570.01,87.54,245.78,0.6186,-1,-1,-1
254,6,220.92,456.22,62.30,198.70,0.5801,-1,-1,-1
254,8,488.95,373.77,69.03,230.36,0.6529,-1,-1,-1
254,17,390.48,504.46,80.31,238.25,0.6362,-1,-1,-1
254,19,934.88,109.07,68.48,181.71,0.4886,-1,-1,-1
254,28,577.56,385.84,62.77,207.29,0.6923,-1,-1,-1
254,32,795.10,350.66,68.46,193.37,0.3483,-1,-1,-1
254,34,222.13,736.61,87.77,254.38,0.7766,-1,-1,-1
254,35,1069.29,114.14,56.45,183.15,0.3857,-1,-1,-1
254,39,194.17,677.95,82.39,137.11,0.4664,-1,-1,-1
254,41,866.67,361.65,59.53,190.31,0.3532,-1,-1,-1
254,44,1144.17,107.98,54.82,169.78,0.3485,-1,-1,-1
255,1,455.50,165.30,65.20,201.49,0.3485,-1,-1,-1
255,2,139.70,563.48,84.85,244.05,0.6900,-1,-1,-1
255,3,939.30,909.59,70.46,169.57,0.7317,-1,-1,-1
255,4,1721.19,459.29,72.73,207.50,0.6054,-1,-1,-1
255,5,1390.49,569.52,87.17,248.94,0.6545,-1,-1,-1
255,6,220.71,455.76,63.24,197.83,0.6188,-1,-1,-1
255,8,488.34,374.62,69.66,230.61,0.6682,-1,-1,-1
255,17,391.44,501.87,80.68,232.66,0.6715,-1,-1,-1
255,19,933.61,108.82,70.54,180.37,0.4828,-1,-1,-1
255,28,576.63,385.75,62.47,207.86,0.7296,-1,-1,-1
255,32,798.12,351.72,68.95,199.64,0.3302,-1,-1,-1
255,34,221.34,735.41,92.00,261.66,0.7280,-1,-1,-1
255,35,1067.00,113.33,57.01,183.44,0.4076,-1,-1,-1
255,39,198.28,680.13,81.95,136.74,0.4729,-1,-1,-1
255,41,865.65,360.16,70.37,193.52,0.3658,-1,-1,-1
255,44,1142.21,107.01,55.28,171.38,0.3294,-1,-1,-1
256,1,454.62,164.45,67.41,199.08,0.3199,-1,-1,-1
256,2,140.70,564.39,85.65,243.15,0.6533,-1,-1,-1
256,3,939.19,909.86,71.68,170.11,0.7425,-1,-1,-1
256,4,1720.05,459.09,74.25,208.59,0.5660,-1,-1,-1
256,5,1392.12,568.44,88.00,246.20,0.6370,-1,-1,-1
256,6,220.94,455.02,62.88,196.45,0.5989,-1,-1,-1
256,8,489.98,375.33,67.73,229.88,0.6657,-1,-1,-1
256,17,391.74,498.27,79.39,230.89,0.6527,-1,-1,-1
256,19,934.60,107.84,69.95,180.52,0.4858,-1,-1,-1
256,28,575.99,386.77,62.46,207.21,0.7454,-1,-1,-1
256,34,227.95,736.47,87.75,267.52,0.7174,-1,-1,-1
256,35,1066.27,113.16,56.39,183.18,0.3978,-1,-1,-1
256,39,202.91,678.19,88.56,146.76,0.5373,-1,-1,-1
256,41,869.97,362.35,64.67,192.44,0.3302,-1,-1,-1
256,44,1140.17,106.15,56.14,171.61,0.3385,-1,-1,-1
257,1,455.33,163.22,67.14,196.83,0.3063,-1,-1,-1
257,2,140.64,564.28,89.71,243.37,0.6210,-1,-1,-1
257,3,938.94,911.18,73.78,168.56,0.7509,-1,-1,-1
257,4,1719.96,459.94,73.84,207.29,0.5789,-1,-1,-1
257,5,1394.24,567.30,86.77,244.59,0.6262,-1,-1,-1
257,6,220.32,454.41,64.82,197.78,0.5734,-1,-1,-1
257,8,487.94,378.67,70.09,227.21,0.6771,-1,-1,-1
257,17,392.17,494.24,80.10,232.31,0.6817,-1,-1,-1
257,19,934.99,106.95,69.18,181.30,0.4313,-1,-1,-1
257,28,575.11,387.01,62.36,205.85,0.7588,-1,-1,-1
257,32,799.23,350.95,74.66,201.31,0.3213,-1,-1,-1
257,34,234.18,746.15,85.16,267.40,0.7338,-1,-1,-1
257,35,1063.91,112.59,57.06,184.14,0.3663,-1,-1,-1
257,39,203.99,678.59,88.28,153.04,0.5771,-1,-1,-1
257,41,870.07,363.29,57.27,186.96,0.3794,-1,-1,-1
257,44,1138.42,105.80,58.04,170.49,0.3210,-1,-1,-1
258,1,455.83,163.24,68.05,196.07,0.3235,-1,-1,-1
258,2,142.54,564.40,90.85,246.41,0.5900,-1,-1,-1
258,3,938.72,912.82,74.26,165.90,0.7498,-1,-1,-1
258,4,1720.53,459.42,73.80,207.61,0.5669,-1,-1,-1
258,5,1395.51,566.37,86.12,240.74,0.6219,-1,-1,-1
258,6,221.45,453.17,64.30,197.61,0.5340,-1,-1,-1
258,8,489.61,376.85,68.00,228.76,0.6611,-1,-1,-1
258,17,390.24,492.69,80.77,233.75,0.6806,-1,-1,-1
258,19,937.42,105.61,68.25,179.85,0.4246,-1,-1,-1
258,28,575.42,387.72,61.44,204.32,0.7465,-1,-1,-1
258,32,802.09,352.45,74.53,202.36,0.3331,-1,-1,-1
258,34,233.48,749.10,86.72,269.97,0.7663,-1,-1,-1
258,35,1064.49,112.79,58.69,182.32,0.3173,-1,-1,-1
258,39,212.25,679.86,81.50,156.54,0.5357,-1,-1,-1
258,41,871.84,363.02,55.33,185.46,0.3488,-1,-1,-1
259,1,459.17,162.56,67.48,197.29,0.3507,-1,-1,-1
259,2,144.03,565.68,93.45,244.45,0.6283,-1,-1,-1
259,3,938.63,914.21,76.44,164.39,0.7305,-1,-1,-1
259,4,1719.88,459.37,74.92,208.53,0.5631,-1,-1,-1
259,5,1400.73,566.41,81.74,237.17,0.5865,-1,-1,-1
259,6,222.86,452.35,62.38,196.57,0.5074,-1,-1,-1
259,8,486.85,381.59,70.27,223.87,0.6670,-1,-1,-1
259,17,388.00,491.93,83.02,233.89,0.6567,-1,-1,-1
259,19,939.69,103.48,64.79,179.20,0.4182,-1,-1,-1
259,28,574.23,389.65,62.95,202.01,0.7487,-1,-1,-1
259,32,803.53,353.01,71.58,202.54,0.4110,-1,-1,-1
259,34,234.24,754.68,87.37,263.79,0.7464,-1,-1,-1
259,35,1062.66,112.16,58.40,181.61,0.3247,-1,-1,-1
259,39,209.41,679.06,91.44,131.48,0.4737,-1,-1,-1
259,41,872.16,367.47,51.81,180.92,0.3343,-1,-1,-1
260,1,457.86,162.49,69.39,197.83,0.3750,-1,-1,-1
260,2,151.28,564.66,87.73,245.80,0.6318,-1,-1,-1
260,3,939.53,914.84,78.59,162.33,0.7217,-1,-1,-1
260,4,1719.63,459.34,74.54,208.55,0.5879,-1,-1,-1
260,5,1403.51,565.96,78.96,239.54,0.5573,-1,-1,-1
260,6,222.43,451.43,63.05,194.78,0.5083,-1,-1,-1
260,8,490.19,380.16,67.67,225.96,0.6626,-1,-1,-1
260,17,383.22,490.75,87.62,235.50,0.6631,-1,-1,-1
260,19,939.37,101.20,65.75,174.91,0.4327,-1,-1,-1
260,28,573.66,390.85,62.16,199.48,0.7529,-1,-1,-1
260,32,806.39,354.76,66.35,200.17,0.3902,-1,-1,-1
260,34,237.25,757.85,85.46,266.75,0.7298,-1,-1,-1
260,35,1061.14,110.85,56.05,183.81,0.3457,-1,-1,-1
260,39,215.48,682.09,86.79,124.52,0.5331,-1,-1,-1
261,1,452.08,161.18,76.95,201.59,0.3851,-1,-1,-1
261,2,159.24,564.96,80.01,247.72,0.6509,-1,-1,-1
261,3,939.40,915.04,80.69,163.52,0.7260,-1,-1,-1
261,4,1720.77,459.62,73.57,208.82,0.5983,-1,-1,-1
261,5,1409.58,565.82,74.26,239.90,0.5527,-1,-1,-1
261,6,222.29,450.14,63.00,193.87,0.4815,-1,-1,-1
261,8,487.02,384.03,69.85,220.85,0.6898,-1,-1,-1
261,17,377.78,488.44,92.45,237.89,0.6510,-1,-1,-1
261,19,938.92,99.02,65.54,173.69,0.4453,-1,-1,-1
261,28,573.74,392.78,61.53,196.85,0.7489,-1,-1,-1
261,32,804.04,354.19,71.65,202.23,0.3709,-1,-1,-1
261,34,239.58,763.54,83.24,257.24,0.6983,-1,-1,-1
261,39,217.72,684.67,86.03,126.55,0.6275,-1,-1,-1
262,1,458.64,161.91,69.31,199.12,0.3845,-1,-1,-1
262,2,162.33,565.43,82.98,250.39,0.6473,-1,-1,-1
262,3,937.45,917.39,83.04,159.70,0.7269,-1,-1,-1
262,4,1720.25,460.00,74.30,208.28,0.5945,-1,-1,-1
262,5,1410.16,563.69,77.76,240.33,0.5657,-1,-1,-1
262,6,222.21,448.92,63.24,193.16,0.5126,-1,-1,-1
262,8,488.04,384.73,68.62,220.17,0.7157,-1,-1,-1
262,17,376.25,487.34,93.63,237.84,0.6311,-1,-1,-1
262,19,937.51,98.05,66.64,171.40,0.4972,-1,-1,-1
262,28,573.27,395.40,61.41,196.33,0.7372,-1,-1,-1
262,32,806.31,355.29,67.92,201.84,0.4087,-1,-1,-1
262,34,241.27,764.57,85.87,264.14,0.6922,-1,-1,-1
262,35,1058.32,108.19,57.21,184.16,0.3759,-1,-1,-1
262,39,222.62,687.50,81.74,125.80,0.5634,-1,-1,-1
263,1,455.11,160.47,70.14,201.84,0.3654,-1,-1,-1
263,2,166.53,565.32,79.23,251.15,0.6833,-1,-1,-1
263,3,936.37,918.35,85.25,158.43,0.7392,-1,-1,-1
263,4,1719.81,460.02,74.98,208.12,0.5727,-1,-1,-1
263,5,1410.37,565.24,76.81,236.74,0.5933,-1,-1,-1
263,6,223.87,446.02,62.16,191.19,0.5247,-1,-1,-1
263,8,487.63,384.84,68.96,219.84,0.6995,-1,-1,-1
263,17,375.75,485.86,93.28,238.86,0.6100,-1,-1,-1
263,19,938.82,96.18,65.14,174.71,0.4814,-1,-1,-1
263,28,572.51,396.72,62.44,198.93,0.7084,-1,-1,-1
263,32,803.99,355.45,74.16,205.27,0.4034,-1,-1,-1
263,34,242.86,768.30,86.15,262.75,0.6713,-1,-1,-1
263,35,1056.77,106.91,57.96,184.51,0.3885,-1,-1,-1
263,39,224.31,688.79,84.00,124.63,0.4594,-1,-1,-1
264,1,459.22,160.46,66.50,200.12,0.3312,-1,-1,-1
264,2,169.74,564.30,77.73,252.61,0.6903,-1,-1,-1
264,3,937.24,919.74,84.72,156.26,0.7567,-1,-1,-1
264,4,1720.87,459.74,74.03,208.58,0.5835,-1,-1,-1
264,5,1410.58,565.47,80.55,236.93,0.6156,-1,-1,-1
264,6,225.89,447.82,60.89,187.23,0.5598,-1,-1,-1
264,8,486.14,385.00,70.58,218.14,0.6892,-1,-1,-1
264,17,374.26,485.28,94.10,238.40,0.6064,-1,-1,-1
264,19,937.75,94.36,66.39,177.45,0.4408,-1,-1,-1
264,28,570.75,397.33,62.63,200.28,0.6841,-1,-1,-1
264,32,802.20,358.07,69.75,204.98,0.3898,-1,-1,-1
264,34,245.87,772.00,86.89,260.43,0.7472,-1,-1,-1
264,35,1054.39,106.84,58.07,178.41,0.3527,-1,-1,-1
264,39,233.61,692.13,75.37,119.97,0.6105,-1,-1,-1
265,1,460.12,161.39,63.83,199.34,0.3728,-1,-1,-1
265,2,173.38,565.61,75.53,254.12,0.6907,-1,-1,-1
265,3,938.47,919.91,84.75,156.57,0.7554,-1,-1,-1
265,4,1720.66,460.08,73.94,208.28,0.6007,-1,-1,-1
265,5,1410.92,565.95,79.45,239.85,0.5871,-1,-1,-1
265,6,227.13,444.20,60.53,188.66,0.5294,-1,-1,-1
265,8,486.05,385.29,69.56,218.41,0.6718,-1,-1,-1
265,17,373.61,484.52,94.15,238.50,0.6553,-1,-1,-1
265,19,939.38,93.12,64.07,179.67,0.4708,-1,-1,-1
265,28,569.95,398.97,63.33,198.87,0.7247,-1,-1,-1
265,32,802.61,358.56,73.58,207.89,0.3663,-1,-1,-1
265,34,246.83,771.52,86.12,261.29,0.7680,-1,-1,-1
265,35,1054.17,106.10,56.42,176.07,0.3830,-1,-1,-1
265,39,239.27,695.45,69.97,120.11,0.5715,-1,-1,-1
265,44,1126.89,96.42,56.10,163.47,0.3309,-1,-1,-1
266,1,460.90,160.36,63.76,201.31,0.3284,-1,-1,-1
266,2,175.94,566.35,77.91,255.88,0.6934,-1,-1,-1
266,3,938.09,920.40,85.89,156.20,0.7624,-1,-1,-1
266,4,1720.36,460.42,74.14,208.07,0.5899,-1,-1,-1
266,5,1411.39,565.92,79.71,244.40,0.5707,-1,-1,-1
266,6,225.38,443.89,62.21,183.45,0.4924,-1,-1,-1
266,8,484.56,384.95,69.15,220.57,0.6286,-1,-1,-1
266,17,373.80,484.04,93.99,237.31,0.6407,-1,-1,-1
266,19,939.68,92.59,65.01,179.07,0.4589,-1,-1,-1
266,28,567.81,401.20,64.52,202.55,0.6708,-1,-1,-1
266,32,801.56,359.89,77.96,209.68,0.3991,-1,-1,-1
266,34,249.85,774.11,92.59,258.56,0.7715,-1,-1,-1
266,35,1053.72,105.06,56.24,177.99,0.4406,-1,-1,-1
266,39,246.85,698.80,64.85,117.93,0.5293,-1,-1,-1
266,44,1126.42,96.22,55.00,165.00,0.3526,-1,-1,-1
267,1,461.55,159.64,64.46,201.32,0.3720,-1,-1,-1
267,2,178.83,567.51,77.86,260.36,0.6873,-1,-1,-1
267,3,939.31,920.15,85.19,156.73,0.7636,-1,-1,-1
267,4,1720.19,459.95,75.20,208.19,0.5666,-1,-1,-1
267,5,1412.02,565.30,78.88,244.91,0.5651,-1,-1,-1
267,6,223.82,441.26,64.21,185.16,0.4865,-1,-1,-1
267,8,481.31,385.90,70.74,222.01,0.6257,-1,-1,-1
267,17,373.54,481.15,92.99,238.36,0.6064,-1,-1,-1
267,19,939.86,91.71,65.38,179.90,0.4571,-1,-1,-1
267,28,567.03,402.36,64.87,205.20,0.6510,-1,-1,-1
267,32,802.42,362.09,72.50,211.89,0.3821,-1,-1,-1
267,34,248.36,771.82,94.19,261.65,0.7581,-1,-1,-1
267,35,1051.08,104.25,58.38,179.12,0.4609,-1,-1,-1
267,39,248.85,701.77,67.17,114.52,0.5142,-1,-1,-1
267,44,1124.17,96.11,57.00,166.89,0.3902,-1,-1,-1
268,1,461.98,157.27,65.11,203.18,0.3731,-1,-1,-1
268,2,182.14,569.09,76.12,258.47,0.7073,-1,-1,-1
268,3,941.51,919.94,83.14,157.09,0.7583,-1,-1,-1
268,4,1720.45,460.00,73.81,208.14,0.5799,-1,-1,-1
268,5,1412.57,564.57,78.21,245.29,0.5938,-1,-1,-1
268,6,223.84,439.73,63.89,187.00,0.5369,-1,-1,-1
268,8,478.94,388.52,72.89,223.52,0.6267,-1,-1,-1
268,17,373.76,479.48,91.02,238.98,0.6349,-1,-1,-1
268,19,942.35,92.26,64.94,178.88,0.4517,-1,-1,-1
268,28,565.67,403.14,66.25,206.12,0.6221,-1,-1,-1
268,32,803.88,362.84,70.73,215.17,0.3771,-1,-1,-1
268,34,251.31,768.91,88.27,264.49,0.7429,-1,-1,-1
268,35,1049.85,104.96,59.21,178.04,0.4540,-1,-1,-1
268,39,253.72,704.26,65.69,112.64,0.5485,-1,-1,-1
268,44,1122.63,96.43,57.57,167.56,0.4121,-1,-1,-1
269,1,461.74,158.93,65.94,199.23,0.4035,-1,-1,-1
269,2,183.41,571.57,80.00,252.35,0.7132,-1,-1,-1
269,3,943.68,920.29,82.14,157.14,0.7533,-1,-1,-1
269,4,1720.73,460.62,73.87,206.89,0.5951,-1,-1,-1
269,5,1413.73,566.63,78.90,243.73,0.5817,-1,-1,-1
269,6,224.79,437.54,63.84,189.75,0.5009,-1,-1,-1
269,8,475.62,389.69,75.45,221.86,0.6336,-1,-1,-1
269,17,374.87,477.74,90.00,239.29,0.6510,-1,-1,-1
269,19,942.55,92.21,64.63,178.43,0.4962,-1,-1,-1
269,28,565.62,399.83,67.07,209.33,0.6021,-1,-1,-1
269,32,806.20,365.96,64.52,212.70,0.4108,-1,-1,-1
269,34,251.87,773.70,90.31,260.13,0.7193,-1,-1,-1
269,35,1048.61,104.70,59.18,175.99,0.4450,-1,-1,-1
269,39,256.77,705.77,67.06,113.33,0.5752,-1,-1,-1
269,44,1121.61,95.97,57.73,167.74,0.3738,-1,-1,-1
270,1,462.68,154.91,61.77,201.92,0.3787,-1,-1,-1
270,2,184.89,572.29,83.45,246.76,0.6871,-1,-1,-1
270,3,944.61,920.75,81.46,157.68,0.7538,-1,-1,-1
270,4,1720.62,461.13,73.97,206.51,0.5596,-1,-1,-1
270,5,1416.50,570.36,80.68,240.52,0.5699,-1,-1,-1
270,6,225.52,436.72,62.94,190.71,0.4791,-1,-1,-1
270,8,474.71,392.59,75.35,221.33,0.6353,-1,-1,-1
270,17,375.62,475.19,88.75,235.73,0.6327,-1,-1,-1
270,19,941.44,91.82,67.09,178.66,0.4809,-1,-1,-1
270,28,564.41,401.46,68.36,212.35,0.6105,-1,-1,-1
270,32,806.07,367.49,64.87,211.38,0.3770,-1,-1,-1
270,34,257.02,768.64,86.12,263.98,0.7716,-1,-1,-1
270,35,1046.93,104.22,59.00,176.84,0.4332,-1,-1,-1
270,39,258.93,705.90,70.38,108.86,0.5492,-1,-1,-1
270,44,1120.51,95.99,57.64,167.99,0.3589,-1,-1,-1
271,1,462.71,155.96,64.28,200.96,0.3588,-1,-1,-1
271,2,186.70,574.56,85.45,245.22,0.6547,-1,-1,-1
271,3,945.74,921.54,80.95,156.70,0.7319,-1,-1,-1
271,4,1719.74,460.25,75.06,208.35,0.5710,-1,-1,-1
271,5,1420.18,573.88,79.89,238.44,0.5320,-1,-1,-1
271,6,226.62,435.25,61.59,186.48,0.4749,-1,-1,-1
271,8,473.49,393.78,76.10,219.60,0.6234,-1,-1,-1
271,17,379.50,471.63,84.66,229.31,0.6257,-1,-1,-1
271,19,942.10,91.07,66.63,177.65,0.5078,-1,-1,-1
271,28,565.06,402.16,66.30,209.29,0.6058,-1,-1,-1
271,32,811.57,370.64,60.37,213.13,0.4078,-1,-1,-1
271,34,259.20,771.85,85.34,261.04,0.7423,-1,-1,-1
271,35,1044.94,103.83,59.80,178.37,0.4225,-1,-1,-1
271,39,262.11,708.25,71.58,113.59,0.4877,-1,-1,-1
271,41,879.38,379.26,53.17,186.80,0.3121,-1,-1,-1
271,44,1117.93,95.53,58.44,167.70,0.3163,-1,-1,-1
272,1,463.10,154.23,66.08,201.16,0.3685,-1,-1,-1
272,2,188.61,574.32,87.27,245.98,0.6721,-1,-1,-1
272,3,945.89,921.65,80.83,156.55,0.7196,-1,-1,-1
272,4,1720.01,460.10,74.38,207.18,0.5510,-1,-1,-1
272,5,1422.25,575.69,79.96,240.77,0.5202,-1,-1,-1
272,6,228.28,433.66,59.65,186.66,0.4508,-1,-1,-1
272,8,472.07,395.29,76.37,219.40,0.5954,-1,-1,-1
272,17,386.27,468.11,79.91,226.36,0.5986,-1,-1,-1
272,19,941.39,90.48,68.57,178.54,0.4844,-1,-1,-1
272,28,564.61,402.85,65.78,212.78,0.5543,-1,-1,-1
272,32,810.20,371.88,61.60,214.60,0.3818,-1,-1,-1
272,34,259.20,781.49,88.66,257.53,0.7314,-1,-1,-1
272,35,1042.03,103.58,60.92,178.89,0.3876,-1,-1,-1
272,39,268.30,708.13,71.54,118.54,0.5237,-1,-1,-1
272,41,877.64,380.02,60.07,186.27,0.3475,-1,-1,-1
272,44,1116.19,96.35,55.76,165.88,0.3192,-1,-1,-1
273,1,463.60,152.57,64.41,199.72,0.4018,-1,-1,-1
273,2,190.16,575.34,90.75,245.64,0.6831,-1,-1,-1
273,3,945.50,921.98,81.53,156.43,0.7230,-1,-1,-1
273,4,1720.00,460.57,73.87,207.34,0.5611,-1,-1,-1
273,5,1423.77,580.51,77.92,236.17,0.4939,-1,-1,-1
273,6,229.34,432.68,58.59,184.05,0.4703,-1,-1,-1
273,8,471.33,396.34,74.87,218.57,0.6026,-1,-1,-1
273,17,388.47,464.98,77.42,226.05,0.5863,-1,-1,-1
273,19,942.18,89.27,66.11,178.81,0.4868,-1,-1,-1
273,28,562.22,404.20,67.37,212.40,0.5500,-1,-1,-1
273,32,808.40,372.64,64.30,211.32,0.3547,-1,-1,-1
273,34,257.28,781.77,93.08,262.02,0.7240,-1,-1,-1
273,35,1039.46,102.61,63.16,178.16,0.3629,-1,-1,-1
273,39,273.54,708.42,73.41,126.78,0.5733,-1,-1,-1
273,41,882.54,379.17,55.86,189.82,0.3398,-1,-1,-1
273,44,1113.90,95.27,63.20,166.74,0.3025,-1,-1,-1
274,1,463.02,151.90,63.79,196.05,0.4003,-1,-1,-1
274,2,192.83,576.47,91.35,247.42,0.6954,-1,-1,-1
274,3,945.79,922.19,81.17,156.61,0.7052,-1,-1,-1
274,4,1720.60,460.30,73.53,207.60,0.5941,-1,-1,-1
274,5,1425.18,579.24,78.50,239.80,0.5281,-1,-1,-1
274,6,228.90,431.82,58.67,183.11,0.4639,-1,-1,-1
274,8,470.71,397.33,74.02,218.72,0.6236,-1,-1,-1
274,17,387.37,461.83,78.76,228.36,0.6227,-1,-1,-1
274,19,942.52,88.17,65.23,179.79,0.5138,-1,-1,-1
274,28,560.00,404.82,66.97,211.37,0.5339,-1,-1,-1
274,32,806.26,373.49,63.44,212.16,0.3452,-1,-1,-1
274,34,262.07,786.45,94.11,262.64,0.7130,-1,-1,-1
274,35,1034.96,102.17,68.17,178.52,0.3898,-1,-1,-1
274,39,276.59,708.83,75.00,141.19,0.6443,-1,-1,-1
274,41,884.30,382.27,54.84,188.92,0.3506,-1,-1,-1
274,44,1112.64,94.64,64.23,166.01,0.3419,-1,-1,-1
275,1,463.15,150.94,64.14,194.34,0.4032,-1,-1,-1
275,2,194.34,578.41,94.77,250.29,0.6725,-1,-1,-1
275,3,944.42,922.18,83.10,156.67,0.7234,-1,-1,-1
275,4,1720.47,460.04,73.58,207.60,0.5895,-1,-1,-1
275,5,1428.36,579.93,77.30,239.90,0.5103,-1,-1,-1
275,6,228.47,431.37,59.89,188.84,0.3371,-1,-1,-1
275,8,470.12,397.27,72.77,216.44,0.6620,-1,-1,-1
275,17,386.56,461.72,79.72,226.72,0.6139,-1,-1,-1
275,19,942.28,85.93,65.29,181.29,0.4998,-1,-1,-1
275,28,559.34,405.56,66.33,208.35,0.5952,-1,-1,-1
275,32,812.15,374.03,60.91,210.64,0.3944,-1,-1,-1
275,34,267.04,781.49,91.70,268.95,0.7037,-1,-1,-1
275,35,1031.87,102.51,69.97,179.09,0.3354,-1,-1,-1
275,39,276.31,711.69,84.25,142.07,0.4186,-1,-1,-1
275,41,886.30,380.38,54.33,191.54,0.3567,-1,-1,-1
275,44,1111.14,94.39,64.09,168.39,0.3063,-1,-1,-1
276,1,462.37,149.75,66.05,194.15,0.4030,-1,-1,-1
276,2,195.37,577.46,94.69,249.06,0.6740,-1,-1,-1
276,3,943.66,922.83,83.98,156.11,0.7484,-1,-1,-1
276,4,1719.45,460.50,74.62,206.79,0.5906,-1,-1,-1
276,5,1432.08,578.87,74.80,242.14,0.5310,-1,-1,-1
276,6,228.24,428.84,59.51,192.19,0.3359,-1,-1,-1
276,8,468.37,398.75,73.25,216.78,0.6650,-1,-1,-1
276,17,387.53,460.16,78.68,227.31,0.6325,-1,-1,-1
276,19,943.45,84.42,62.93,180.65,0.4536,-1,-1,-1
276,28,557.55,407.29,67.48,205.81,0.6338,-1,-1,-1
276,32,808.92,373.92,64.33,210.88,0.4044,-1,-1,-1
276,34,271.40,783.01,91.03,272.31,0.6299,-1,-1,-1
276,35,1031.61,102.69,68.38,179.81,0.3314,-1,-1,-1
276,39,279.19,715.21,86.45,142.39,0.3168,-1,-1,-1
276,41,886.13,382.02,56.60,190.95,0.3094,-1,-1,-1
277,1,463.40,147.39,66.04,195.60,0.3743,-1,-1,-1
277,2,196.58,576.66,89.87,249.75,0.6507,-1,-1,-1
277,3,943.49,923.52,84.35,154.81,0.7527,-1,-1,-1
277,4,1719.05,459.75,75.05,208.57,0.5905,-1,-1,-1
277,5,1434.72,579.85,73.82,242.89,0.4950,-1,-1,-1
277,6,228.67,425.68,58.76,185.59,0.3895,-1,-1,-1
277,8,466.62,401.20,72.15,216.35,0.6852,-1,-1,-1
277,17,388.62,459.58,78.70,228.13,0.6088,-1,-1,-1
277,19,943.77,83.83,59.57,175.18,0.4626,-1,-1,-1
277,28,557.22,409.92,66.19,203.50,0.6591,-1,-1,-1
277,32,809.12,374.90,65.35,210.13,0.3811,-1,-1,-1
277,34,273.08,783.72,87.56,278.19,0.6519,-1,-1,-1
277,35,1030.54,102.83,68.55,179.68,0.3398,-1,-1,-1
277,39,281.72,718.89,90.68,142.77,0.5264,-1,-1,-1
277,41,883.73,387.10,64.41,183.93,0.3402,-1,-1,-1
278,1,464.27,146.76,64.44,196.19,0.3478,-1,-1,-1
278,2,198.12,575.81,84.93,251.27,0.6512,-1,-1,-1
278,3,943.43,923.60,84.42,154.08,0.7646,-1,-1,-1
278,4,1719.38,459.39,75.27,209.30,0.5593,-1,-1,-1
278,5,1436.03,582.57,74.51,242.25,0.4393,-1,-1,-1
278,6,228.33,423.91,59.48,178.33,0.4276,-1,-1,-1
278,8,465.93,401.20,70.21,217.07,0.6676,-1,-1,-1
278,17,388.55,459.48,79.97,226.83,0.5992,-1,-1,-1
278,19,942.21,81.83,62.71,176.03,0.4516,-1,-1,-1
278,28,555.22,411.38,67.28,204.40,0.6520,-1,-1,-1
278,32,813.52,376.30,62.03,208.62,0.3481,-1,-1,-1
278,34,275.16,789.46,82.08,273.80,0.6252,-1,-1,-1
278,35,1032.10,101.93,62.95,178.16,0.3738,-1,-1,-1
278,39,283.27,721.78,98.87,144.23,0.6426,-1,-1,-1
278,41,884.23,388.29,63.90,183.49,0.3889,-1,-1,-1
279,1,463.85,146.78,64.89,196.75,0.3521,-1,-1,-1
279,2,202.30,577.21,77.38,250.54,0.5896,-1,-1,-1
279,3,942.64,923.92,85.17,154.10,0.7570,-1,-1,-1
279,4,1720.95,459.35,73.27,209.45,0.5667,-1,-1,-1
279,6,229.22,422.94,58.87,176.03,0.4414,-1,-1,-1
279,8,465.59,404.08,69.29,212.18,0.6848,-1,-1,-1
279,17,387.60,458.88,81.85,229.02,0.5898,-1,-1,-1
279,19,942.04,79.10,60.91,177.82,0.4324,-1,-1,-1
279,28,554.73,413.01,66.58,204.26,0.6604,-1,-1,-1
279,32,816.78,378.32,58.70,207.34,0.3967,-1,-1,-1
279,34,276.69,794.25,83.22,278.55,0.6414,-1,-1,-1
279,35,1031.21,101.55,62.21,176.92,0.3994,-1,-1,-1
279,39,285.68,726.08,105.44,142.13,0.6490,-1,-1,-1
279,41,884.36,390.76,61.61,185.58,0.3319,-1,-1,-1
279,47,748.35,333.36,54.96,188.73,0.4048,-1,-1,-1
280,1,463.46,144.95,66.53,199.18,0.3234,-1,-1,-1
280,2,209.34,582.72,65.79,243.59,0.5344,-1,-1,-1
280,3,941.73,924.42,86.60,153.24,0.7599,-1,-1,-1
280,4,1720.76,459.00,72.96,209.50,0.5722,-1,-1,-1
280,5,1437.07,588.09,72.95,238.74,0.3337,-1,-1,-1
280,6,229.52,421.25,58.39,178.69,0.4718,-1,-1,-1
280,8,466.08,405.06,66.71,212.83,0.7120,-1,-1,-1
280,17,388.60,457.84,80.58,230.78,0.6086,-1,-1,-1
280,19,941.87,78.44,61.23,178.22,0.4328,-1,-1,-1
280,28,554.22,415.39,66.13,206.98,0.6500,-1,-1,-1
280,32,818.14,379.50,57.11,205.07,0.3634,-1,-1,-1
280,34,277.01,797.17,83.27,278.59,0.6422,-1,-1,-1
280,35,1028.00,100.29,69.39,180.04,0.4261,-1,-1,-1
280,39,289.23,726.56,107.77,143.06,0.6615,-1,-1,-1
280,41,883.15,392.24,63.61,188.42,0.3277,-1,-1,-1
280,47,748.86,338.65,60.77,187.80,0.4455,-1,-1,-1
281,1,463.62,143.96,66.89,200.10,0.3407,-1,-1,-1
281,2,209.05,581.04,70.51,249.76,0.5730,-1,-1,-1
281,3,941.24,923.60,86.65,154.58,0.7632,-1,-1,-1
281,4,1719.71,459.80,74.43,208.90,0.5691,-1,-1,-1
281,5,1438.55,586.76,75.48,239.50,0.4650,-1,-1,-1
281,6,228.76,419.80,60.75,185.45,0.4025,-1,-1,-1
281,8,465.18,405.34,66.36,213.14,0.6512,-1,-1,-1
281,17,390.62,457.00,77.87,230.11,0.6385,-1,-1,-1
281,19,941.31,77.46,60.61,178.38,0.4340,-1,-1,-1
281,28,553.64,417.97,65.03,206.76,0.6400,-1,-1,-1
281,32,818.79,380.05,57.54,200.68,0.3211,-1,-1,-1
281,34,279.90,798.24,83.87,277.48,0.6532,-1,-1,-1
281,35,1028.04,100.54,62.42,176.17,0.4628,-1,-1,-1
281,39,293.16,730.01,106.69,141.26,0.6484,-1,-1,-1
281,41,886.41,394.87,63.33,185.56,0.3181,-1,-1,-1
281,44,1102.34,93.29,57.53,158.90,0.3382,-1,-1,-1
281,47,752.77,340.44,56.96,182.70,0.3421,-1,-1,-1
282,1,463.83,143.21,67.61,200.85,0.3178,-1,-1,-1
282,2,216.20,585.03,63.71,243.83,0.6071,-1,-1,-1
282,3,940.57,923.86,87.34,153.85,0.7612,-1,-1,-1
282,4,1719.76,460.51,73.67,209.05,0.6168,-1,-1,-1
282,5,1438.80,585.04,76.17,240.53,0.4946,-1,-1,-1
282,6,228.35,416.63,61.56,190.30,0.4559,-1,-1,-1
282,8,465.70,406.02,64.41,211.12,0.6620,-1,-1,-1
282,17,390.43,455.43,76.31,228.77,0.6571,-1,-1,-1
282,19,940.08,77.46,61.73,177.82,0.4612,-1,-1,-1
282,28,552.42,419.25,64.63,204.46,0.6606,-1,-1,-1
282,32,819.54,381.07,58.86,188.05,0.3030,-1,-1,-1
282,34,281.70,800.13,84.12,276.22,0.7255,-1,-1,-1
282,35,1025.84,99.70,62.57,174.98,0.4269,-1,-1,-1
282,39,298.66,733.97,106.34,144.96,0.6510,-1,-1,-1
282,44,1101.75,92.47,56.07,160.69,0.3526,-1,-1,-1
282,47,755.97,341.77,57.00,177.98,0.4132,-1,-1,-1
283,1,463.98,144.09,68.07,199.84,0.3090,-1,-1,-1
283,2,219.09,584.10,64.54,245.05,0.5963,-1,-1,-1
283,3,940.72,923.67,87.51,153.91,0.7738,-1,-1,-1
283,4,1720.72,459.46,73.37,209.47,0.6041,-1,-1,-1
283,5,1439.91,583.46,76.74,242.16,0.4685,-1,-1,-1
283,6,228.31,414.31,62.33,184.68,0.4088,-1,-1,-1
283,8,466.00,407.59,64.41,212.53,0.6540,-1,-1,-1
283,17,388.77,451.41,78.50,231.63,0.6525,-1,-1,-1
283,19,940.52,79.11,58.73,171.74,0.4838,-1,-1,-1
283,28,553.21,421.15,61.53,205.89,0.6496,-1,-1,-1
283,32,819.86,383.86,58.28,195.04,0.3062,-1,-1,-1
283,34,282.95,799.19,85.15,277.22,0.7057,-1,-1,-1
283,35,1023.41,98.62,63.01,175.23,0.4518,-1,-1,-1
283,39,302.64,736.09,106.07,138.49,0.5674,-1,-1,-1
283,44,1100.53,92.16,57.16,161.96,0.3741,-1,-1,-1
283,47,759.79,343.89,56.92,175.27,0.3830,-1,-1,-1
284,1,462.90,143.14,67.57,200.09,0.3430,-1,-1,-1
284,2,223.35,579.74,63.65,254.35,0.5659,-1,-1,-1
284,3,938.68,922.80,89.42,155.06,0.7676,-1,-1,-1
284,4,1720.19,460.15,74.12,208.89,0.5969,-1,-1,-1
284,5,1440.66,581.14,77.27,244.71,0.4534,-1,-1,-1
284,6,228.65,411.80,60.51,177.91,0.3737,-1,-1,-1
284,8,464.61,409.49,66.86,216.11,0.6215,-1,-1,-1
284,17,391.80,449.31,74.80,232.51,0.6483,-1,-1,-1
284,19,940.87,78.94,58.98,171.73,0.4619,-1,-1,-1
284,28,552.26,423.65,63.14,209.70,0.6629,-1,-1,-1
284,34,282.75,800.74,86.97,276.58,0.7167,-1,-1,-1
284,35,1021.20,97.16,63.02,177.47,0.4284,-1,-1,-1
284,39,307.62,738.53,102.20,137.48,0.5649,-1,-1,-1
284,44,1098.65,92.23,57.06,163.05,0.3392,-1,-1,-1
284,47,763.62,345.95,57.30,174.53,0.3533,-1,-1,-1
285,1,463.06,143.07,65.31,200.07,0.3239,-1,-1,-1
285,2,227.04,579.07,63.84,255.06,0.5491,-1,-1,-1
285,3,937.91,922.22,89.55,155.22,0.7723,-1,-1,-1
285,4,1720.51,460.35,74.25,208.20,0.5914,-1,-1,-1
285,5,1444.74,579.15,78.88,246.21,0.5650,-1,-1,-1
285,6,227.59,413.82,62.74,184.49,0.3838,-1,-1,-1
285,8,464.72,409.99,66.47,218.41,0.6051,-1,-1,-1
285,17,392.08,448.21,74.02,232.14,0.6452,-1,-1,-1
285,19,940.60,79.14,60.75,173.91,0.4665,-1,-1,-1
285,28,551.26,423.95,61.12,211.47,0.6517,-1,-1,-1
285,32,824.53,384.67,57.23,203.42,0.3094,-1,-1,-1
285,34,283.65,801.88,88.07,275.59,0.6994,-1,-1,-1
285,35,1019.66,97.08,66.70,176.55,0.4519,-1,-1,-1
285,39,306.99,740.78,104.13,137.77,0.5574,-1,-1,-1
285,44,1095.92,91.20,57.12,162.62,0.3303,-1,-1,-1
285,47,766.54,351.32,58.93,185.48,0.3533,-1,-1,-1
286,1,463.02,144.18,62.98,197.84,0.3005,-1,-1,-1
286,2,231.20,577.71,63.43,256.77,0.5470,-1,-1,-1
286,3,939.91,921.95,86.28,155.80,0.7622,-1,-1,-1
286,4,1721.03,459.97,72.83,208.51,0.6184,-1,-1,-1
286,5,1447.09,579.83,78.69,247.77,0.4795,-1,-1,-1
286,6,229.51,413.15,61.15,198.25,0.3329,-1,-1,-1
286,8,464.17,411.29,66.56,223.77,0.6053,-1,-1,-1
286,17,392.11,445.66,73.49,231.01,0.6347,-1,-1,-1
286,19,940.44,78.69,60.84,174.85,0.4634,-1,-1,-1
286,28,548.36,425.15,63.46,211.71,0.6244,-1,-1,-1
286,32,825.71,386.27,57.10,204.59,0.3702,-1,-1,-1
286,34,283.83,804.16,91.89,272.47,0.7233,-1,-1,-1
286,35,1018.52,97.19,59.16,178.37,0.4906,-1,-1,-1
286,39,307.30,742.57,103.58,137.52,0.5544,-1,-1,-1
286,41,893.98,398.60,65.66,196.17,0.3613,-1,-1,-1
286,44,1095.29,89.98,52.60,165.23,0.3440,-1,-1,-1
287,1,461.64,143.69,64.55,198.08,0.3315,-1,-1,-1
287,2,232.93,579.95,64.35,254.84,0.5447,-1,-1,-1
287,3,939.48,922.16,86.04,155.82,0.7800,-1,-1,-1
287,4,1720.48,459.67,73.25,209.09,0.6068,-1,-1,-1
287,5,1449.85,579.54,79.84,247.25,0.5470,-1,-1,-1
287,6,229.97,413.48,61.84,210.08,0.3092,-1,-1,-1
287,8,464.15,412.26,65.76,224.78,0.5960,-1,-1,-1
287,17,392.12,443.56,74.15,224.08,0.6042,-1,-1,-1
287,19,939.99,78.08,61.32,176.72,0.4507,-1,-1,-1
287,28,544.51,425.59,65.82,211.10,0.6319,-1,-1,-1
287,32,822.56,391.98,71.15,204.73,0.3712,-1,-1,-1
287,34,285.19,808.85,94.00,266.66,0.7517,-1,-1,-1
287,35,1018.05,96.89,59.82,178.13,0.4811,-1,-1,-1
287,39,309.69,741.68,101.55,139.36,0.5582,-1,-1,-1
287,41,893.13,399.09,63.44,196.00,0.3728,-1,-1,-1
287,44,1092.83,90.55,55.97,164.47,0.3661,-1,-1,-1
288,1,462.52,144.09,66.63,197.12,0.3234,-1,-1,-1
288,2,233.19,579.26,67.29,255.48,0.5792,-1,-1,-1
288,3,940.59,921.66,83.88,156.03,0.7600,-1,-1,-1
288,4,1720.58,460.10,73.04,208.47,0.6026,-1,-1,-1
288,5,1450.61,583.21,81.72,240.46,0.5275,-1,-1,-1
288,6,229.95,409.80,63.44,202.69,0.3249,-1,-1,-1
288,8,461.78,407.92,66.36,228.49,0.5782,-1,-1,-1
288,17,393.25,441.21,72.41,221.64,0.6231,-1,-1,-1
288,19,938.48,74.87,58.87,176.31,0.5023,-1,-1,-1
288,28,542.21,426.20,67.22,210.40,0.6145,-1,-1,-1
288,32,824.32,394.43,72.30,203.22,0.4151,-1,-1,-1
288,34,286.24,812.19,94.82,266.70,0.7661,-1,-1,-1
288,35,1017.67,95.92,59.71,176.62,0.5123,-1,-1,-1
288,39,309.73,742.57,96.71,138.69,0.5782,-1,-1,-1
288,41,893.83,400.02,63.82,195.83,0.3706,-1,-1,-1
288,44,1091.74,90.24,56.58,164.57,0.4101,-1,-1,-1
289,1,462.92,143.66,64.32,197.97,0.3106,-1,-1,-1
289,2,234.65,580.20,69.27,253.57,0.5509,-1,-1,-1
289,3,941.19,921.02,80.87,156.47,0.7492,-1,-1,-1
289,4,1719.82,459.07,74.25,210.69,0.5915,-1,-1,-1
289,5,1451.88,581.87,83.47,239.70,0.4919,-1,-1,-1
289,6,231.58,407.75,61.83,187.45,0.4105,-1,-1,-1
289,8,461.85,411.81,65.24,227.71,0.6396,-1,-1,-1
289,17,393.35,439.22,72.61,221.04,0.6236,-1,-1,-1
289,19,938.08,73.66,57.67,175.41,0.5159,-1,-1,-1
289,28,540.37,427.08,68.24,210.06,0.6193,-1,-1,-1
289,32,825.56,394.40,70.61,202.95,0.3776,-1,-1,-1
289,34,289.15,812.26,95.68,266.73,0.7543,-1,-1,-1
289,35,1016.35,94.86,62.30,177.53,0.4767,-1,-1,-1
289,39,309.54,743.09,97.56,143.08,0.5943,-1,-1,-1
289,41,895.97,400.11,64.99,194.77,0.3241,-1,-1,-1
289,44,1091.47,91.14,56.27,164.01,0.3941,-1,-1,-1
289,47,782.80,351.57,55.90,192.41,0.3081,-1,-1,-1
290,2,236.40,581.84,67.70,252.85,0.5761,-1,-1,-1
290,3,941.82,920.10,78.38,156.80,0.7535,-1,-1,-1
290,4,1720.23,459.42,74.02,209.41,0.5992,-1,-1,-1
290,5,1451.74,589.10,87.56,230.07,0.4023,-1,-1,-1
290,6,233.86,408.52,59.52,182.56,0.4551,-1,-1,-1
290,8,460.13,411.70,66.50,231.14,0.6796,-1,-1,-1
290,17,389.01,437.59,76.86,224.68,0.6009,-1,-1,-1
290,19,938.18,72.30,55.99,175.60,0.5210,-1,-1,-1
290,28,539.35,427.07,68.20,209.78,0.6300,-1,-1,-1
290,32,825.50,394.99,74.96,203.58,0.4387,-1,-1,-1
290,34,290.63,816.08,97.22,263.98,0.7199,-1,-1,-1
290,35,1015.54,93.85,61.31,177.92,0.4978,-1,-1,-1
290,39,312.38,744.09,90.96,144.70,0.6312,-1,-1,-1
290,41,897.34,401.93,63.30,194.07,0.3320,-1,-1,-1
290,44,1088.79,90.52,57.71,164.69,0.4081,-1,-1,-1
290,47,787.02,352.83,52.91,190.29,0.3684,-1,-1,-1
291,2,238.60,580.88,67.90,254.09,0.5583,-1,-1,-1
291,3,942.06,919.72,77.40,157.01,0.7535,-1,-1,-1
291,4,1721.62,459.90,73.17,208.82,0.5849,-1,-1,-1
291,5,1452.90,593.94,87.84,221.88,0.3740,-1,-1,-1
291,6,233.08,408.37,60.97,181.89,0.4341,-1,-1,-1
291,8,460.40,412.67,66.52,230.91,0.6569,-1,-1,-1
291,17,384.78,435.57,81.39,227.21,0.5969,-1,-1,-1
291,19,938.17,70.88,55.86,178.30,0.5073,-1,-1,-1
291,28,536.58,427.87,69.03,209.30,0.6354,-1,-1,-1
291,32,830.43,398.54,67.33,203.30,0.3208,-1,-1,-1
291,34,293.06,820.57,95.67,259.55,0.7040,-1,-1,-1
291,35,1014.91,92.94,61.09,177.85,0.4531,-1,-1,-1
291,39,312.58,746.15,90.22,143.89,0.6181,-1,-1,-1
291,41,896.37,402.22,63.25,193.12,0.3259,-1,-1,-1
291,44,1087.04,89.21,57.04,165.58,0.3653,-1,-1,-1
291,47,790.28,353.68,56.39,194.25,0.4370,-1,-1,-1
292,1,457.64,139.81,61.39,195.31,0.3082,-1,-1,-1
292,2,240.49,581.16,73.31,253.05,0.5465,-1,-1,-1
292,3,942.23,919.73,75.72,157.52,0.7396,-1,-1,-1
292,4,1719.88,460.68,74.66,208.47,0.5782,-1,-1,-1
292,5,1464.03,600.06,79.04,222.51,0.4207,-1,-1,-1
292,6,232.60,407.80,60.50,183.68,0.4539,-1,-1,-1
292,8,460.56,414.27,66.37,230.16,0.5968,-1,-1,-1
292,17,383.76,435.47,81.45,227.89,0.5705,-1,-1,-1
292,19,937.81,69.86,56.81,175.51,0.5262,-1,-1,-1
292,28,537.66,429.80,68.47,207.37,0.6525,-1,-1,-1
292,32,832.10,398.44,64.03,206.37,0.4409,-1,-1,-1
292,34,295.15,827.53,100.16,251.24,0.6388,-1,-1,-1
292,35,1013.86,92.73,61.45,177.51,0.4208,-1,-1,-1
292,39,315.63,749.18,86.75,141.49,0.5284,-1,-1,-1
292,41,897.34,407.80,60.26,186.61,0.3526,-1,-1,-1
292,44,1085.39,88.78,57.95,164.59,0.3721,-1,-1,-1
292,47,790.70,351.89,57.35,202.22,0.3079,-1,-1,-1
293,2,241.89,582.05,82.52,253.64,0.5522,-1,-1,-1
293,3,942.64,918.47,71.23,159.32,0.7357,-1,-1,-1
293,4,1720.85,460.82,73.32,207.82,0.5612,-1,-1,-1
293,5,1463.34,598.48,84.53,225.71,0.4391,-1,-1,-1
293,6,231.95,406.13,60.94,183.86,0.5320,-1,-1,-1
293,8,460.00,414.94,67.97,227.27,0.5789,-1,-1,-1
293,17,381.38,433.35,83.33,228.81,0.5399,-1,-1,-1
293,19,938.15,68.69,56.27,172.65,0.4574,-1,-1,-1
293,28,535.50,432.61,69.03,206.31,0.6788,-1,-1,-1
293,32,832.29,398.43,64.66,205.93,0.3864,-1,-1,-1
293,34,296.20,832.20,92.98,245.45,0.6655,-1,-1,-1
293,35,1012.70,92.05,61.75,178.65,0.3502,-1,-1,-1
293,39,315.06,751.49,87.02,137.25,0.4064,-1,-1,-1
293,41,896.42,412.42,62.53,182.77,0.3423,-1,-1,-1
293,44,1084.61,88.14,56.68,164.73,0.3250,-1,-1,-1
294,1,457.57,137.66,61.60,192.31,0.3339,-1,-1,-1
294,2,242.72,582.73,87.88,253.37,0.6085,-1,-1,-1
294,3,942.50,917.80,67.55,160.39,0.7533,-1,-1,-1
294,4,1720.16,459.61,74.44,209.92,0.5845,-1,-1,-1
294,5,1455.86,593.98,94.26,230.27,0.5253,-1,-1,-1
294,6,232.07,404.52,61.11,180.77,0.5104,-1,-1,-1
294,8,459.06,415.45,69.22,226.60,0.6217,-1,-1,-1
294,17,379.10,433.28,84.59,230.10,0.5556,-1,-1,-1
294,19,938.69,67.43,54.31,170.98,0.4327,-1,-1,-1
294,28,535.60,434.69,69.02,209.20,0.6737,-1,-1,-1
294,32,834.08,400.63,63.19,204.50,0.3705,-1,-1,-1
294,34,298.12,836.87,91.55,241.40,0.7191,-1,-1,-1
294,35,1011.93,91.51,59.26,177.64,0.3570,-1,-1,-1
294,39,326.08,755.64,75.81,135.99,0.4974,-1,-1,-1
294,41,896.77,413.57,62.33,181.63,0.3590,-1,-1,-1
294,44,1083.01,87.81,57.79,164.48,0.4089,-1,-1,-1
294,47,795.07,356.15,61.63,213.47,0.3098,-1,-1,-1
294,49,326.11,753.72,82.63,260.64,0.3935,-1,-1,-1
295,1,458.39,137.75,60.36,191.33,0.3081,-1,-1,-1
295,2,242.95,582.89,92.45,252.27,0.6484,-1,-1,-1
295,3,941.41,916.50,66.34,162.18,0.7396,-1,-1,-1
295,4,1719.73,460.27,74.67,209.33,0.5886,-1,-1,-1
295,5,1457.49,595.36,93.99,228.61,0.4853,-1,-1,-1
295,6,231.69,401.76,60.44,183.49,0.4393,-1,-1,-1
295,8,459.48,415.92,68.45,224.65,0.6009,-1,-1,-1
295,17,376.08,433.66,87.67,230.75,0.5365,-1,-1,-1
295,19,937.69,66.91,54.34,172.67,0.4049,-1,-1,-1
295,28,534.18,436.42,68.68,210.50,0.6699,-1,-1,-1
295,32,833.29,401.51,64.05,203.33,0.3745,-1,-1,-1
295,34,300.66,840.05,89.72,239.32,0.7003,-1,-1,-1
295,35,1011.10,91.62,58.23,178.51,0.3921,-1,-1,-1
295,39,328.69,760.21,75.26,138.10,0.5066,-1,-1,-1
295,41,896.64,411.80,61.97,184.92,0.3723,-1,-1,-1
295,44,1081.66,86.78,56.56,165.85,0.4010,-1,-1,-1
295,49,328.03,757.57,84.53,254.57,0.4057,-1,-1,-1
296,2,243.64,583.43,91.20,251.54,0.6710,-1,-1,-1
296,3,941.28,915.66,63.36,162.71,0.7561,-1,-1,-1
296,4,1720.27,460.01,73.70,209.16,0.5955,-1,-1,-1
296,5,1459.93,598.57,96.04,226.87,0.4934,-1,-1,-1
296,6,231.60,400.54,62.48,181.75,0.5077,-1,-1,-1
296,8,458.04,419.05,71.33,223.00,0.6248,-1,-1,-1
296,17,376.47,431.32,85.65,232.60,0.5342,-1,-1,-1
296,19,937.58,65.93,54.07,172.24,0.4515,-1,-1,-1
296,28,535.06,438.84,67.44,205.77,0.6740,-1,-1,-1
296,32,832.68,401.57,63.40,203.67,0.4096,-1,-1,-1
296,34,301.95,842.76,91.11,236.37,0.7255,-1,-1,-1
296,35,1010.36,90.90,57.26,179.31,0.4056,-1,-1,-1
296,39,329.11,762.00,77.95,139.04,0.4921,-1,-1,-1
296,41,896.55,412.21,62.44,190.78,0.4579,-1,-1,-1
296,44,1080.31,86.45,56.73,165.38,0.4088,-1,-1,-1
296,50,786.95,151.68,68.74,171.07,0.3209,-1,-1,-1
297,2,245.02,585.30,90.94,250.37,0.6618,-1,-1,-1
297,3,941.27,914.98,62.41,164.23,0.7559,-1,-1,-1
297,4,1719.63,460.43,73.77,208.88,0.5756,-1,-1,-1
297,5,1461.22,596.40,100.52,229.73,0.5440,-1,-1,-1
297,6,233.38,400.15,61.03,183.04,0.5714,-1,-1,-1
297,8,457.47,419.52,69.07,221.70,0.6301,-1,-1,-1
297,17,376.86,430.05,84.59,233.45,0.5012,-1,-1,-1
297,19,936.84,64.81,54.33,173.81,0.4155,-1,-1,-1
297,28,535.03,441.18,65.07,205.43,0.6665,-1,-1,-1
297,32,833.39,400.99,62.46,207.44,0.3726,-1,-1,-1
297,34,303.28,842.80,91.49,236.80,0.7409,-1,-1,-1
297,35,1009.30,90.41,57.64,179.81,0.3721,-1,-1,-1
297,39,331.65,765.52,77.32,139.77,0.5168,-1,-1,-1
297,41,895.12,413.07,64.21,195.29,0.4661,-1,-1,-1
297,44,1079.05,87.00,56.87,164.18,0.3425,-1,-1,-1
297,50,789.29,151.12,67.17,170.89,0.3281,-1,-1,-1
298,2,245.86,584.74,90.30,249.80,0.6280,-1,-1,-1
298,3,940.69,914.58,63.10,165.19,0.7687,-1,-1,-1
298,4,1721.17,460.96,73.19,208.05,0.5996,-1,-1,-1
298,5,1462.87,598.82,103.59,229.61,0.5540,-1,-1,-1
298,6,234.46,398.69,61.01,184.74,0.5572,-1,-1,-1
298,8,456.91,419.87,68.83,221.48,0.6303,-1,-1,-1
298,17,376.17,429.59,84.91,229.71,0.5243,-1,-1,-1
298,19,936.54,64.23,55.80,172.20,0.4242,-1,-1,-1
298,28,534.99,442.87,64.99,201.80,0.6479,-1,-1,-1
298,32,830.74,400.40,66.26,209.94,0.3240,-1,-1,-1
298,34,304.59,844.59,93.09,235.39,0.7523,-1,-1,-1
298,35,1010.24,92.03,57.90,174.81,0.3666,-1,-1,-1
298,39,334.04,767.79,78.76,144.09,0.5770,-1,-1,-1
298,41,894.86,414.64,65.10,197.58,0.4875,-1,-1,-1
298,44,1077.68,86.02,57.61,165.25,0.3685,-1,-1,-1
299,2,248.94,583.48,87.75,250.56,0.6829,-1,-1,-1
299,3,940.00,913.59,61.84,165.44,0.7748,-1,-1,-1
299,4,1720.50,461.59,73.43,207.49,0.5952,-1,-1,-1
299,5,1462.76,592.27,104.00,236.51,0.5895,-1,-1,-1
299,6,233.61,397.65,61.79,184.01,0.5951,-1,-1,-1
299,8,456.84,421.20,68.28,223.80,0.6464,-1,-1,-1
299,17,377.89,428.32,82.49,228.07,0.5592,-1,-1,-1
299,19,936.44,63.81,56.58,171.10,0.4305,-1,-1,-1
299,28,535.55,444.45,63.76,203.40,0.6516,-1,-1,-1
299,34,305.43,845.77,93.52,234.21,0.7641,-1,-1,-1
299,35,1009.85,88.82,56.52,182.40,0.3995,-1,-1,-1
299,39,339.47,770.76,77.71,144.69,0.6277,-1,-1,-1
299,41,894.75,415.57,64.78,197.24,0.5023,-1,-1,-1
299,44,1074.62,84.07,57.12,169.14,0.3209,-1,-1,-1
300,2,249.81,583.29,89.49,249.52,0.6895,-1,-1,-1
300,3,940.26,914.15,60.41,164.87,0.7696,-1,-1,-1
300,4,1721.93,460.67,72.01,208.40,0.5807,-1,-1,-1
300,5,1464.34,589.65,104.25,239.78,0.5963,-1,-1,-1
300,6,234.01,397.82,60.27,183.96,0.5750,-1,-1,-1
300,8,456.39,423.73,68.41,224.15,0.6617,-1,-1,-1
300,17,380.17,425.50,80.20,224.02,0.5439,-1,-1,-1
300,19,935.60,63.10,56.70,172.89,0.4551,-1,-1,-1
300,28,534.90,445.69,64.27,204.60,0.6557,-1,-1,-1
300,34,307.02,846.48,94.66,233.49,0.7498,-1,-1,-1
300,35,1008.72,86.55,56.41,185.12,0.4005,-1,-1,-1
300,39,344.57,772.63,75.56,146.55,0.6383,-1,-1,-1
300,41,895.84,416.45,62.93,198.01,0.4480,-1,-1,-1
301,2,251.58,581.22,89.42,250.75,0.6660,-1,-1,-1
301,3,941.78,914.27,57.55,165.05,0.7693,-1,-1,-1
301,4,1721.12,460.88,72.64,207.88,0.5919,-1,-1,-1
301,5,1465.99,587.05,103.90,244.21,0.6005,-1,-1,-1
301,6,234.52,397.10,59.31,184.44,0.5645,-1,-1,-1
301,8,456.46,427.63,68.01,221.59,0.6715,-1,-1,-1
301,17,383.01,422.44,76.69,224.31,0.5512,-1,-1,-1
301,19,934.77,62.96,57.31,174.09,0.4821,-1,-1,-1
301,28,535.27,446.06,63.76,206.75,0.6671,-1,-1,-1
301,32,824.18,403.94,76.85,205.25,0.3055,-1,-1,-1
301,34,307.39,847.24,95.58,232.74,0.7489,-1,-1,-1
301,35,1008.19,85.19,57.47,184.77,0.4183,-1,-1,-1
301,39,346.74,774.27,77.65,143.46,0.5974,-1,-1,-1
301,41,895.60,416.81,62.76,196.62,0.4670,-1,-1,-1
302,2,254.17,580.39,88.93,252.23,0.6766,-1,-1,-1
302,3,941.80,912.25,56.44,167.70,0.7518,-1,-1,-1
302,4,1721.70,459.95,72.26,209.57,0.5722,-1,-1,-1
302,5,1469.00,589.63,101.38,241.56,0.5663,-1,-1,-1
302,6,233.47,396.70,59.72,185.41,0.5497,-1,-1,-1
302,8,456.30,429.34,67.76,221.71,0.6197,-1,-1,-1
302,17,386.56,421.84,72.52,218.97,0.5318,-1,-1,-1
302,19,934.24,62.22,57.19,174.17,0.4793,-1,-1,-1
302,28,535.00,446.64,63.78,204.89,0.6401,-1,-1,-1
302,32,831.05,407.87,72.79,212.31,0.4361,-1,-1,-1
302,34,309.27,847.23,97.92,232.72,0.7381,-1,-1,-1
302,35,1006.11,85.14,59.23,179.66,0.4283,-1,-1,-1
302,39,348.49,775.68,81.82,147.90,0.6332,-1,-1,-1
302,41,895.19,419.10,62.69,198.50,0.5523,-1,-1,-1
303,2,258.34,579.29,88.13,253.73,0.6385,-1,-1,-1
303,3,940.47,912.97,56.72,167.07,0.7241,-1,-1,-1
303,4,1721.27,460.05,72.53,209.46,0.5830,-1,-1,-1
303,5,1472.45,585.58,100.36,245.33,0.4843,-1,-1,-1
303,6,233.85,395.44,59.05,187.16,0.5517,-1,-1,-1
303,8,456.28,430.60,65.84,221.34,0.6295,-1,-1,-1
303,17,387.92,415.32,70.23,218.00,0.5974,-1,-1,-1
303,19,933.70,62.73,57.42,169.97,0.4930,-1,-1,-1
303,28,534.83,447.38,64.52,208.60,0.6541,-1,-1,-1
303,32,836.58,409.70,64.67,215.00,0.4760,-1,-1,-1
303,34,311.58,847.94,97.82,232.04,0.7381,-1,-1,-1
303,35,1006.11,85.32,58.90,174.80,0.4683,-1,-1,-1
303,39,350.55,776.37,86.99,150.34,0.6873,-1,-1,-1
303,41,895.35,421.15,60.98,195.27,0.5198,-1,-1,-1
303,44,1070.79,80.75,55.73,171.02,0.3438,-1,-1,-1
304,2,264.90,579.88,84.44,251.38,0.6160,-1,-1,-1
304,3,939.12,911.86,58.70,168.12,0.7402,-1,-1,-1
304,4,1721.57,460.02,72.57,210.31,0.5905,-1,-1,-1
304,5,1474.62,581.43,99.59,250.20,0.5025,-1,-1,-1
304,6,234.85,393.91,58.85,188.52,0.5433,-1,-1,-1
304,8,455.28,432.44,65.29,219.72,0.6324,-1,-1,-1
304,17,388.82,412.04,69.24,221.26,0.5725,-1,-1,-1
304,19,935.47,62.30,54.96,173.70,0.5339,-1,-1,-1
304,28,534.31,447.97,65.20,207.14,0.6425,-1,-1,-1
304,32,830.49,403.86,80.19,217.65,0.4786,-1,-1,-1
304,34,312.55,849.56,98.61,230.45,0.7474,-1,-1,-1
304,35,1006.28,85.19,57.80,174.54,0.4763,-1,-1,-1
304,39,354.74,777.50,88.20,152.75,0.6167,-1,-1,-1
304,41,898.10,420.81,57.67,195.97,0.4861,-1,-1,-1
304,44,1068.51,80.98,56.73,169.74,0.3091,-1,-1,-1
305,2,274.69,581.28,77.56,248.67,0.5991,-1,-1,-1
305,3,936.97,909.76,60.83,170.20,0.7406,-1,-1,-1
305,4,1720.71,460.36,72.63,209.40,0.5762,-1,-1,-1
305,5,1475.83,587.21,99.32,246.57,0.4534,-1,-1,-1
305,6,233.64,390.86,58.91,192.18,0.5357,-1,-1,-1
305,8,454.34,435.21,65.37,219.08,0.6627,-1,-1,-1
305,17,389.67,409.02,69.04,223.24,0.5620,-1,-1,-1
305,19,934.84,62.08,55.38,173.43,0.4927,-1,-1,-1
305,28,534.20,448.57,65.29,208.21,0.6385,-1,-1,-1
305,32,836.01,404.34,73.45,222.50,0.5170,-1,-1,-1
305,34,316.11,851.54,97.22,228.48,0.7613,-1,-1,-1
305,35,1005.37,85.42,59.44,171.38,0.4897,-1,-1,-1
305,39,354.95,778.88,93.65,157.95,0.6138,-1,-1,-1
305,41,899.71,419.62,55.55,196.24,0.4624,-1,-1,-1
306,2,286.25,581.93,70.71,247.53,0.5436,-1,-1,-1
306,3,935.24,909.14,64.54,170.82,0.7182,-1,-1,-1
306,4,1720.96,460.69,72.72,208.94,0.5687,-1,-1,-1
306,5,1480.23,588.90,98.05,245.51,0.5165,-1,-1,-1
306,6,232.27,389.36,60.54,194.14,0.5649,-1,-1,-1
306,8,453.20,436.41,64.53,219.22,0.6821,-1,-1,-1
306,17,389.56,407.96,68.61,222.74,0.5313,-1,-1,-1
306,19,934.64,59.70,57.50,175.28,0.4716,-1,-1,-1
306,28,532.99,448.89,65.84,204.08,0.6218,-1,-1,-1
306,32,832.42,403.66,78.01,220.79,0.5006,-1,-1,-1
306,34,319.52,858.84,91.95,221.28,0.7690,-1,-1,-1
306,35,1003.87,84.85,60.81,170.11,0.5223,-1,-1,-1
306,39,356.76,779.95,95.85,152.71,0.6553,-1,-1,-1
306,41,897.82,422.70,57.91,192.47,0.4342,-1,-1,-1
307,2,296.03,580.68,69.70,245.42,0.5695,-1,-1,-1
307,3,934.00,908.02,66.43,171.82,0.7119,-1,-1,-1
307,4,1720.91,459.64,73.01,209.99,0.5595,-1,-1,-1
307,5,1482.71,589.02,96.04,245.28,0.5470,-1,-1,-1
307,6,232.49,387.47,59.73,193.31,0.5266,-1,-1,-1
307,8,450.94,438.70,65.55,217.45,0.6757,-1,-1,-1
307,17,391.33,407.95,67.88,222.39,0.5570,-1,-1,-1
307,19,934.68,59.41,56.83,174.18,0.4958,-1,-1,-1
307,28,532.30,449.50,65.49,205.29,0.6415,-1,-1,-1
307,32,833.64,406.53,77.34,218.25,0.3527,-1,-1,-1
307,34,319.73,862.03,94.63,217.99,0.7755,-1,-1,-1
307,35,1003.48,83.41,59.90,169.87,0.5635,-1,-1,-1
307,39,358.60,781.77,99.99,154.97,0.6473,-1,-1,-1
307,41,898.53,425.46,57.16,190.45,0.3656,-1,-1,-1
307,50,794.73,104.19,73.83,218.35,0.3702,-1,-1,-1
308,2,304.13,580.23,70.33,244.16,0.6439,-1,-1,-1
308,3,931.72,908.04,69.39,171.98,0.7209,-1,-1,-1
308,4,1721.20,459.08,72.55,210.41,0.5808,-1,-1,-1
308,5,1484.00,593.37,95.31,241.50,0.6302,-1,-1,-1
308,6,229.94,385.67,62.48,190.98,0.5575,-1,-1,-1
308,8,449.81,440.64,64.37,215.38,0.6790,-1,-1,-1
308,17,390.72,406.75,70.01,224.10,0.5705,-1,-1,-1
308,19,935.38,56.53,55.79,169.80,0.5064,-1,-1,-1
308,28,529.81,451.59,67.89,204.21,0.6571,-1,-1,-1
308,32,833.30,412.99,79.00,213.16,0.3539,-1,-1,-1
308,34,322.01,867.53,95.29,212.53,0.7753,-1,-1,-1
308,35,1002.28,82.87,61.08,172.19,0.6041,-1,-1,-1
308,39,360.61,784.94,103.96,155.91,0.6934,-1,-1,-1
308,41,894.70,427.81,57.91,188.00,0.3305,-1,-1,-1
308,44,1064.48,82.18,55.86,166.55,0.3175,-1,-1,-1
308,50,793.62,103.19,73.79,219.58,0.3291,-1,-1,-1
309,2,308.26,579.87,76.62,247.96,0.6485,-1,-1,-1
309,3,930.04,907.29,71.34,172.64,0.7368,-1,-1,-1
309,4,1720.75,458.46,72.69,211.50,0.5735,-1,-1,-1
309,5,1486.18,589.40,95.22,244.88,0.5929,-1,-1,-1
309,6,230.27,383.45,62.12,189.23,0.5283,-1,-1,-1
309,8,447.77,441.87,64.60,216.38,0.6596,-1,-1,-1
309,17,390.27,407.26,71.33,222.27,0.5209,-1,-1,-1
309,19,935.35,53.31,54.35,170.03,0.4842,-1,-1,-1
309,28,528.78,455.28,67.98,207.65,0.6705,-1,-1,-1
309,32,837.17,417.31,68.82,211.64,0.3831,-1,-1,-1
309,34,324.36,872.07,93.38,207.96,0.7802,-1,-1,-1
309,35,1002.41,81.41,60.99,175.68,0.6234,-1,-1,-1
309,39,364.58,790.34,106.05,152.17,0.6760,-1,-1,-1
309,50,793.35,103.21,73.84,219.88,0.3716,-1,-1,-1
310,1,464.86,128.90,56.39,190.18,0.3100,-1,-1,-1
310,2,311.92,579.51,79.43,249.69,0.6942,-1,-1,-1
310,3,928.15,907.92,74.20,172.12,0.7483,-1,-1,-1
310,4,1720.77,458.30,72.47,210.74,0.5750,-1,-1,-1
310,5,1487.37,587.93,96.22,245.27,0.5556,-1,-1,-1
310,6,231.30,380.29,58.97,186.24,0.5567,-1,-1,-1
310,8,447.78,438.47,63.13,222.51,0.6519,-1,-1,-1
310,17,392.16,406.49,68.53,226.04,0.5017,-1,-1,-1
310,19,934.45,50.71,55.69,171.14,0.5422,-1,-1,-1
310,28,528.02,456.28,67.86,210.50,0.6984,-1,-1,-1
310,34,327.40,873.50,93.31,206.46,0.7566,-1,-1,-1
310,35,1001.11,80.05,62.09,176.38,0.6478,-1,-1,-1
310,39,366.26,794.62,106.58,149.80,0.6772,-1,-1,-1
310,44,1064.19,82.93,55.74,164.52,0.3327,-1,-1,-1
310,50,793.92,103.19,72.33,220.25,0.3229,-1,-1,-1
311,2,315.14,579.77,82.91,247.50,0.7417,-1,-1,-1
311,3,927.64,907.15,74.78,172.85,0.7625,-1,-1,-1
311,4,1720.75,458.27,72.79,210.65,0.5783,-1,-1,-1
311,5,1488.14,589.29,102.68,244.14,0.5832,-1,-1,-1
311,6,232.09,378.92,57.35,186.36,0.5299,-1,-1,-1
311,8,445.58,439.68,64.39,222.29,0.6842,-1,-1,-1
311,17,391.48,407.71,70.27,223.85,0.4722,-1,-1,-1
311,19,933.74,49.31,55.89,171.47,0.5087,-1,-1,-1
311,28,527.65,457.56,66.99,212.65,0.6759,-1,-1,-1
311,32,834.26,421.88,70.56,195.34,0.3110,-1,-1,-1
311,34,330.12,876.30,95.31,203.70,0.7339,-1,-1,-1
311,35,1000.39,79.88,62.56,175.30,0.6266,-1,-1,-1
311,39,367.72,798.87,108.31,146.62,0.6622,-1,-1,-1
311,50,794.33,102.53,71.29,220.86,0.3388,-1,-1,-1
312,1,462.80,127.60,60.57,188.73,0.3059,-1,-1,-1
312,2,316.94,581.62,90.09,243.81,0.7537,-1,-1,-1
312,3,927.78,905.92,74.78,174.06,0.7517,-1,-1,-1
312,4,1721.44,458.85,72.42,209.65,0.5817,-1,-1,-1
312,5,1489.39,593.10,102.03,239.25,0.6264,-1,-1,-1
312,6,231.31,376.12,58.20,188.01,0.5372,-1,-1,-1
312,8,444.18,442.09,64.59,221.59,0.6668,-1,-1,-1
312,17,392.28,407.87,69.13,221.43,0.4320,-1,-1,-1
312,19,933.78,48.71,56.56,172.21,0.5143,-1,-1,-1
312,28,527.33,461.21,66.90,215.95,0.6739,-1,-1,-1
312,34,333.25,879.14,97.05,200.86,0.7442,-1,-1,-1
312,35,1000.32,80.09,63.37,174.51,0.6073,-1,-1,-1
312,39,367.25,801.69,108.40,148.13,0.6513,-1,-1,-1
312,50,792.39,102.90,70.69,220.05,0.3413,-1,-1,-1
313,1,463.67,124.14,60.33,190.59,0.3262,-1,-1,-1
313,2,316.65,584.47,96.87,240.70,0.7642,-1,-1,-1
313,3,927.39,905.46,75.65,174.55,0.7549,-1,-1,-1
313,4,1722.32,457.75,71.81,210.39,0.5767,-1,-1,-1
313,5,1491.39,598.46,103.85,234.50,0.6175,-1,-1,-1
313,6,231.08,374.74,58.23,189.25,0.5227,-1,-1,-1
313,8,441.89,447.61,65.14,221.92,0.6858,-1,-1,-1
313,17,393.29,406.34,68.08,223.97,0.4085,-1,-1,-1
313,19,933.69,47.96,55.78,172.80,0.5205,-1,-1,-1
313,28,527.58,463.57,66.23,214.79,0.6592,-1,-1,-1
313,34,336.81,882.78,99.64,197.24,0.7359,-1,-1,-1
313,35,1000.59,80.54,62.27,173.08,0.5993,-1,-1,-1
313,39,368.17,805.14,108.77,146.87,0.6929,-1,-1,-1
314,1,458.86,125.41,65.07,187.56,0.3019,-1,-1,-1
314,2,316.58,585.05,99.96,240.22,0.7642,-1,-1,-1
314,3,927.55,905.28,76.74,174.74,0.7554,-1,-1,-1
314,4,1722.89,457.93,71.04,211.16,0.5739,-1,-1,-1
314,5,1494.76,599.87,101.38,233.51,0.5484,-1,-1,-1
314,6,230.42,374.25,59.03,189.45,0.5528,-1,-1,-1
314,8,440.43,447.33,65.85,221.83,0.6997,-1,-1,-1
314,17,393.34,404.20,65.96,224.22,0.3840,-1,-1,-1
314,19,932.22,47.22,57.51,173.02,0.5235,-1,-1,-1
314,28,527.20,464.75,65.82,215.53,0.6575,-1,-1,-1
314,32,831.48,426.33,70.95,201.07,0.3154,-1,-1,-1
314,34,341.08,886.78,96.35,193.25,0.7245,-1,-1,-1
314,35,1000.32,80.03,59.15,173.04,0.5512,-1,-1,-1
314,39,369.40,808.46,110.48,148.02,0.6970,-1,-1,-1
315,2,316.29,585.44,108.30,240.47,0.7693,-1,-1,-1
315,3,926.15,905.00,77.52,175.00,0.7592,-1,-1,-1
315,4,1722.31,457.72,71.42,211.54,0.5547,-1,-1,-1
315,5,1498.07,602.26,96.27,231.27,0.5579,-1,-1,-1
315,6,229.76,374.04,61.22,189.41,0.5637,-1,-1,-1
315,8,437.83,447.80,67.92,221.78,0.7304,-1,-1,-1
315,19,931.87,46.66,57.34,173.43,0.5311,-1,-1,-1
315,28,527.64,466.51,62.45,215.95,0.6693,-1,-1,-1
315,34,343.09,889.25,96.99,190.73,0.7273,-1,-1,-1
315,35,999.56,79.60,58.17,173.94,0.5357,-1,-1,-1
315,39,370.89,808.22,109.34,148.49,0.6414,-1,-1,-1
315,47,883.13,371.69,71.45,155.07,0.4120,-1,-1,-1
316,2,317.39,585.27,112.55,239.72,0.7697,-1,-1,-1
316,3,926.47,905.44,77.16,174.59,0.7542,-1,-1,-1
316,4,1721.66,458.45,72.42,211.83,0.5329,-1,-1,-1
316,5,1502.51,602.09,92.33,232.87,0.6161,-1,-1,-1
316,6,230.17,373.06,62.08,189.02,0.5838,-1,-1,-1
316,8,436.10,449.25,68.65,222.57,0.7150,-1,-1,-1
316,19,931.53,46.41,58.72,172.03,0.5317,-1,-1,-1
316,28,526.65,469.61,62.00,219.26,0.6475,-1,-1,-1
316,34,345.20,892.23,95.15,187.77,0.7154,-1,-1,-1
316,35,999.44,80.45,57.66,174.05,0.5942,-1,-1,-1
316,39,372.89,809.21,106.92,152.79,0.6638,-1,-1,-1
316,47,887.42,374.47,64.77,160.50,0.3392,-1,-1,-1
317,1,457.91,121.28,66.70,190.25,0.3003,-1,-1,-1
317,2,317.42,584.60,115.72,242.04,0.7698,-1,-1,-1
317,3,926.60,906.01,77.90,174.02,0.7524,-1,-1,-1
317,4,1721.73,458.17,72.43,211.94,0.5641,-1,-1,-1
317,5,1507.73,611.50,85.69,224.60,0.5588,-1,-1,-1
317,6,230.18,372.38,61.68,187.91,0.5717,-1,-1,-1
317,8,433.83,449.42,68.89,218.87,0.7120,-1,-1,-1
317,17,396.61,393.80,61.79,221.45,0.3272,-1,-1,-1
317,19,931.05,45.69,59.06,172.78,0.5148,-1,-1,-1
317,28,523.42,472.27,63.75,219.20,0.6927,-1,-1,-1
317,34,346.58,887.77,93.88,192.02,0.7233,-1,-1,-1
317,35,996.99,79.54,58.45,173.79,0.5707,-1,-1,-1
317,39,375.00,813.04,103.22,151.16,0.5635,-1,-1,-1
317,41,893.62,440.91,65.04,191.70,0.3049,-1,-1,-1
317,44,1050.89,82.40,59.54,163.43,0.3003,-1,-1,-1
318,2,319.56,585.18,111.42,240.84,0.7562,-1,-1,-1
318,3,926.35,905.65,77.95,174.35,0.7456,-1,-1,-1
318,4,1721.83,458.50,72.40,211.08,0.5710,-1,-1,-1
318,5,1512.21,601.40,84.46,235.73,0.5667,-1,-1,-1
318,6,231.01,371.81,59.85,186.35,0.5601,-1,-1,-1
318,8,433.91,451.45,68.46,218.78,0.7241,-1,-1,-1
318,19,931.14,45.09,59.99,173.78,0.5129,-1,-1,-1
318,28,521.50,471.32,64.80,217.96,0.6656,-1,-1,-1
318,34,349.49,889.20,95.70,190.78,0.7071,-1,-1,-1
318,35,994.31,78.22,60.66,174.54,0.5958,-1,-1,-1
318,39,377.03,812.16,99.14,154.28,0.6272,-1,-1,-1
319,2,319.87,583.80,112.71,242.07,0.7529,-1,-1,-1
319,3,927.93,905.82,76.24,174.20,0.7319,-1,-1,-1
319,4,1723.17,459.15,70.41,210.58,0.5789,-1,-1,-1
319,5,1515.76,601.66,81.53,237.74,0.5144,-1,-1,-1
319,6,231.73,371.03,59.14,188.83,0.5898,-1,-1,-1
319,8,433.31,455.38,68.93,218.70,0.7253,-1,-1,-1
319,19,930.15,43.76,59.73,173.20,0.4965,-1,-1,-1
319,28,516.46,468.70,70.32,217.84,0.6753,-1,-1,-1
319,32,836.05,431.41,65.66,204.66,0.4219,-1,-1,-1
319,34,350.88,890.93,96.52,189.06,0.7008,-1,-1,-1
319,35,993.75,77.15,60.26,174.86,0.5780,-1,-1,-1
319,39,378.52,812.22,96.67,156.18,0.6723,-1,-1,-1
319,44,1049.07,83.67,59.27,159.78,0.3012,-1,-1,-1
320,2,323.66,583.37,112.18,240.67,0.7204,-1,-1,-1
320,3,930.57,906.26,74.17,173.76,0.7356,-1,-1,-1
320,4,1722.58,458.53,71.46,210.46,0.6019,-1,-1,-1
320,5,1517.40,602.91,80.91,234.01,0.3640,-1,-1,-1
320,6,232.64,370.69,58.56,188.67,0.5843,-1,-1,-1
320,8,433.25,461.01,69.08,215.80,0.7187,-1,-1,-1
320,19,929.22,41.84,60.62,175.79,0.5036,-1,-1,-1
320,28,514.12,470.33,70.47,218.74,0.6947,-1,-1,-1
320,32,834.73,432.72,69.29,201.59,0.5107,-1,-1,-1
320,34,352.49,895.56,99.46,184.53,0.7051,-1,-1,-1
320,35,992.61,78.03,60.13,174.04,0.5754,-1,-1,-1
320,39,379.80,813.29,93.64,151.78,0.6427,-1,-1,-1
321,2,326.27,582.26,106.05,241.69,0.6803,-1,-1,-1
321,3,930.05,907.42,74.36,172.34,0.7303,-1,-1,-1
321,4,1722.02,458.79,71.73,210.82,0.5723,-1,-1,-1
321,6,233.92,370.30,56.87,188.13,0.5606,-1,-1,-1
321,8,429.65,458.97,70.95,226.82,0.6417,-1,-1,-1
321,19,929.13,39.38,64.36,179.40,0.4817,-1,-1,-1
321,28,512.63,470.64,70.16,220.46,0.6686,-1,-1,-1
321,32,833.51,432.60,77.93,206.04,0.4893,-1,-1,-1
321,34,355.17,898.52,102.26,181.51,0.7175,-1,-1,-1
321,35,991.41,77.43,62.56,175.14,0.5977,-1,-1,-1
321,39,384.11,816.21,87.66,149.14,0.6005,-1,-1,-1
322,2,331.30,579.82,96.93,244.70,0.7095,-1,-1,-1
322,3,932.99,907.05,71.11,172.93,0.7237,-1,-1,-1
322,4,1721.37,459.42,72.26,209.30,0.5999,-1,-1,-1
322,6,235.05,368.07,55.92,189.39,0.5620,-1,-1,-1
322,8,428.34,459.83,72.52,225.42,0.6778,-1,-1,-1
322,19,927.82,36.79,66.62,182.99,0.4804,-1,-1,-1
322,28,511.37,470.18,70.41,218.77,0.7140,-1,-1,-1
322,32,832.34,432.49,83.36,209.26,0.5745,-1,-1,-1
322,34,357.16,903.93,99.26,176.17,0.7082,-1,-1,-1
322,35,990.43,76.13,60.62,174.75,0.6150,-1,-1,-1
322,39,389.53,817.19,82.10,149.61,0.5596,-1,-1,-1
322,44,1047.64,79.29,50.21,157.80,0.3316,-1,-1,-1
322,47,908.44,376.34,54.03,163.95,0.3712,-1,-1,-1
323,2,340.88,579.11,87.40,244.51,0.6237,-1,-1,-1
323,3,935.96,906.52,66.73,173.24,0.6961,-1,-1,-1
323,4,1721.78,458.82,72.40,210.24,0.6019,-1,-1,-1
323,6,233.87,363.94,57.84,192.31,0.5719,-1,-1,-1
323,8,428.58,462.49,72.01,225.57,0.6871,-1,-1,-1
323,19,927.53,35.79,66.98,179.37,0.4689,-1,-1,-1
323,28,511.60,470.57,70.74,219.60,0.7252,-1,-1,-1
323,32,832.41,432.62,83.55,211.13,0.5686,-1,-1,-1
323,34,359.76,906.29,96.07,173.31,0.7787,-1,-1,-1
323,35,990.10,75.13,61.56,173.01,0.6174,-1,-1,-1
323,39,392.09,820.71,79.05,149.37,0.5613,-1,-1,-1
323,44,1047.27,77.25,50.07,159.48,0.3355,-1,-1,-1
323,47,912.77,379.22,52.80,162.96,0.3912,-1,-1,-1
324,1,453.32,118.19,68.20,190.64,0.3097,-1,-1,-1
324,2,348.88,580.80,81.13,242.34,0.6271,-1,-1,-1
324,3,936.62,905.39,64.19,174.57,0.7032,-1,-1,-1
324,4,1721.65,459.01,71.95,209.69,0.6027,-1,-1,-1
324,6,233.42,361.68,58.29,192.03,0.5171,-1,-1,-1
324,8,425.98,463.26,75.27,227.19,0.7029,-1,-1,-1
324,19,926.62,33.76,69.83,179.08,0.4033,-1,-1,-1
324,28,509.51,471.11,72.39,219.34,0.7513,-1,-1,-1
324,32,832.29,435.27,87.05,209.25,0.4796,-1,-1,-1
324,34,360.71,910.20,96.33,168.82,0.7840,-1,-1,-1
324,35,989.21,73.34,61.59,173.22,0.5738,-1,-1,-1
324,39,396.62,824.82,76.64,147.83,0.5875,-1,-1,-1
325,1,453.87,118.73,68.38,188.44,0.3092,-1,-1,-1
325,2,356.47,580.37,74.68,240.74,0.6582,-1,-1,-1
325,3,937.15,908.06,64.84,171.55,0.7032,-1,-1,-1
325,4,1721.62,459.31,72.47,208.35,0.6108,-1,-1,-1
325,6,232.97,359.69,58.98,189.16,0.4478,-1,-1,-1
325,8,426.63,462.27,75.16,228.97,0.7081,-1,-1,-1
325,19,925.32,35.31,67.47,171.52,0.4013,-1,-1,-1
325,28,509.05,474.49,71.76,217.08,0.7633,-1,-1,-1
325,32,833.96,434.00,85.06,210.09,0.5013,-1,-1,-1
325,34,364.62,915.25,96.50,163.87,0.7716,-1,-1,-1
325,35,988.44,72.06,62.50,172.63,0.5539,-1,-1,-1
325,39,401.06,830.39,72.70,140.37,0.5963,-1,-1,-1
325,47,917.05,385.07,59.32,183.68,0.3282,-1,-1,-1
326,2,370.11,578.28,71.38,242.35,0.6431,-1,-1,-1
326,3,939.11,908.27,60.26,171.72,0.6765,-1,-1,-1
326,4,1721.38,459.58,73.10,208.46,0.6200,-1,-1,-1
326,5,1529.34,607.46,83.82,232.32,0.3944,-1,-1,-1
326,6,233.79,358.43,57.86,188.81,0.5024,-1,-1,-1
326,8,427.58,466.76,73.07,226.08,0.7035,-1,-1,-1
326,19,926.42,34.38,66.04,170.28,0.4110,-1,-1,-1
326,28,508.76,476.52,72.08,216.88,0.7602,-1,-1,-1
326,32,835.79,433.74,87.37,210.07,0.5790,-1,-1,-1
326,34,366.17,917.19,95.27,162.69,0.7177,-1,-1,-1
326,35,986.44,71.20,62.06,172.61,0.5740,-1,-1,-1
326,39,403.09,833.66,72.69,141.95,0.5904,-1,-1,-1
327,1,452.55,115.00,68.60,191.44,0.3648,-1,-1,-1
327,2,376.10,576.04,69.28,244.19,0.5869,-1,-1,-1
327,3,941.67,909.68,56.76,170.26,0.6689,-1,-1,-1
327,4,1721.74,459.70,72.36,207.43,0.6306,-1,-1,-1
327,5,1532.22,611.06,83.22,230.33,0.4213,-1,-1,-1
327,6,233.60,357.00,59.02,188.98,0.5189,-1,-1,-1
327,8,426.48,466.77,73.45,226.06,0.7145,-1,-1,-1
327,19,927.39,32.40,65.42,172.68,0.4311,-1,-1,-1
327,28,509.97,477.99,71.76,219.40,0.7048,-1,-1,-1
327,32,836.66,434.60,86.55,208.11,0.5363,-1,-1,-1
327,34,367.61,917.47,99.05,162.44,0.7018,-1,-1,-1
327,35,986.85,70.19,62.13,171.19,0.5282,-1,-1,-1
327,39,405.64,837.37,73.14,141.61,0.5759,-1,-1,-1
328,1,451.43,113.02,68.24,194.36,0.4532,-1,-1,-1
328,2,384.41,574.63,67.63,246.90,0.5860,-1,-1,-1
328,3,940.77,909.98,56.92,169.30,0.6784,-1,-1,-1
328,4,1722.07,460.74,72.19,207.14,0.6374,-1,-1,-1
328,5,1536.01,610.76,81.17,230.31,0.5006,-1,-1,-1
328,6,231.47,356.20,60.56,187.16,0.5472,-1,-1,-1
328,8,422.77,467.32,78.09,220.90,0.7039,-1,-1,-1
328,19,928.34,31.48,63.47,171.75,0.4210,-1,-1,-1
328,28,509.59,479.18,70.57,221.92,0.7042,-1,-1,-1
328,32,839.75,435.21,88.11,209.36,0.4723,-1,-1,-1
328,34,368.86,921.09,96.13,158.94,0.6851,-1,-1,-1
328,35,985.42,68.03,62.00,172.93,0.4955,-1,-1,-1
328,39,410.49,840.30,72.77,147.72,0.5482,-1,-1,-1
328,47,929.61,387.71,55.24,182.53,0.3264,-1,-1,-1
329,1,449.11,111.56,72.46,194.02,0.3801,-1,-1,-1
329,2,388.12,578.60,68.95,246.89,0.5797,-1,-1,-1
329,3,943.01,912.62,57.46,166.42,0.6978,-1,-1,-1
329,4,1722.28,458.63,71.87,209.10,0.6111,-1,-1,-1
329,5,1536.39,610.07,86.78,231.23,0.3981,-1,-1,-1
329,6,232.04,355.95,59.88,185.99,0.5482,-1,-1,-1
329,8,419.04,469.23,81.35,218.04,0.6909,-1,-1,-1
329,19,929.12,30.78,63.85,171.64,0.3878,-1,-1,-1
329,28,509.17,483.32,69.67,221.06,0.7129,-1,-1,-1
329,32,839.47,435.35,84.94,207.17,0.4003,-1,-1,-1
329,34,370.28,923.22,97.25,156.76,0.6869,-1,-1,-1
329,35,986.48,68.43,59.26,170.44,0.4625,-1,-1,-1
329,39,413.08,843.54,76.91,148.16,0.5571,-1,-1,-1
329,47,936.87,387.63,61.92,191.54,0.4198,-1,-1,-1
330,1,448.42,110.72,74.86,192.72,0.3655,-1,-1,-1
330,2,389.53,596.90,72.79,231.59,0.3995,-1,-1,-1
330,3,941.73,914.49,60.40,164.16,0.6933,-1,-1,-1
330,4,1722.15,460.06,72.28,207.82,0.6315,-1,-1,-1
330,5,1537.29,610.35,85.14,230.65,0.4146,-1,-1,-1
330,6,232.34,354.94,58.21,184.79,0.5660,-1,-1,-1
330,8,411.91,469.84,89.16,224.04,0.6676,-1,-1,-1
330,19,928.73,30.21,64.17,172.01,0.4275,-1,-1,-1
330,28,509.40,485.80,68.76,219.60,0.7320,-1,-1,-1
330,32,842.69,436.09,81.08,206.53,0.3674,-1,-1,-1
330,34,372.64,924.00,94.62,154.54,0.6374,-1,-1,-1
330,35,984.73,67.56,59.80,172.58,0.4712,-1,-1,-1
330,39,418.31,849.41,74.56,223.54,0.5932,-1,-1,-1
330,44,1039.17,75.57,51.20,158.38,0.3093,-1,-1,-1
330,47,939.86,388.36,59.71,193.57,0.4183,-1,-1,-1
331,1,447.77,109.96,74.27,188.11,0.3807,-1,-1,-1
331,3,940.72,913.23,62.03,165.68,0.7369,-1,-1,-1
331,4,1722.26,457.33,72.91,210.78,0.6495,-1,-1,-1
331,5,1538.40,613.29,79.50,229.32,0.5352,-1,-1,-1
331,6,231.39,354.52,58.60,188.45,0.5210,-1,-1,-1
331,8,397.59,477.86,99.78,338.67,0.5987,-1,-1,-1
331,19,927.64,30.31,63.04,172.97,0.4037,-1,-1,-1
331,28,508.80,488.20,67.48,219.55,0.7408,-1,-1,-1
331,32,845.73,439.30,80.55,205.96,0.4881,-1,-1,-1
331,34,373.97,923.50,94.03,149.27,0.6460,-1,-1,-1
331,35,983.08,67.16,61.39,174.58,0.5001,-1,-1,-1
331,39,420.52,847.35,78.25,231.35,0.6612,-1,-1,-1
331,44,1037.39,73.75,54.03,160.98,0.3595,-1,-1,-1
331,47,942.30,388.67,57.07,194.55,0.3407,-1,-1,-1
332,1,447.76,109.13,73.68,185.89,0.3408,-1,-1,-1
332,3,942.02,914.94,61.44,162.97,0.7210,-1,-1,-1
332,4,1722.76,458.93,72.86,210.36,0.6395,-1,-1,-1
332,5,1539.14,612.27,87.89,230.63,0.4485,-1,-1,-1
332,6,229.87,352.78,60.81,190.04,0.5018,-1,-1,-1
332,8,393.76,473.65,104.92,353.71,0.6044,-1,-1,-1
332,17,406.04,371.45,76.73,123.20,0.3852,-1,-1,-1
332,19,926.97,30.08,63.99,173.06,0.4115,-1,-1,-1
332,28,508.11,490.12,69.10,220.40,0.7418,-1,-1,-1
332,32,842.51,437.68,85.87,210.87,0.3811,-1,-1,-1
332,34,376.53,924.65,91.14,145.45,0.6350,-1,-1,-1
332,35,982.63,67.56,61.47,175.48,0.5243,-1,-1,-1
332,39,423.70,848.49,79.75,229.77,0.6643,-1,-1,-1
332,44,1039.09,73.64,51.83,162.41,0.4012,-1,-1,-1
332,47,944.42,390.89,58.53,192.71,0.4154,-1,-1,-1
333,1,446.82,107.86,77.13,187.18,0.3282,-1,-1,-1
333,3,943.67,915.08,60.20,162.71,0.7332,-1,-1,-1
333,4,1723.57,459.07,71.84,209.83,0.6222,-1,-1,-1
333,5,1539.80,612.78,88.82,233.44,0.4466,-1,-1,-1
333,6,229.90,352.48,59.42,190.95,0.5167,-1,-1,-1
333,8,393.08,474.50,107.54,354.47,0.6423,-1,-1,-1
333,17,410.84,366.91,73.08,126.09,0.3254,-1,-1,-1
333,19,928.31,30.35,61.76,171.70,0.4199,-1,-1,-1
333,28,507.29,491.40,69.45,221.43,0.7448,-1,-1,-1
333,32,844.32,438.77,86.49,214.98,0.4332,-1,-1,-1
333,34,378.69,924.81,95.33,147.61,0.6697,-1,-1,-1
333,35,984.89,66.48,56.73,177.46,0.5050,-1,-1,-1
333,39,419.38,844.86,94.66,165.82,0.5855,-1,-1,-1
333,41,909.59,448.76,53.24,195.74,0.3124,-1,-1,-1
333,44,1038.03,73.06,51.79,163.18,0.4111,-1,-1,-1
333,47,949.34,390.52,56.60,191.71,0.4171,-1,-1,-1
334,1,446.74,108.79,73.07,185.78,0.3168,-1,-1,-1
334,3,944.38,916.56,60.63,160.86,0.7180,-1,-1,-1
334,4,1722.00,459.97,72.57,209.36,0.6197,-1,-1,-1
334,5,1539.84,616.18,84.62,231.30,0.5666,-1,-1,-1
334,6,229.73,352.00,59.39,188.03,0.4715,-1,-1,-1
334,8,394.01,474.51,111.28,355.61,0.6301,-1,-1,-1
334,19,928.41,29.45,61.54,172.77,0.3805,-1,-1,-1
334,28,507.28,491.81,68.59,222.93,0.7312,-1,-1,-1
334,32,845.60,438.69,85.44,217.91,0.4892,-1,-1,-1
334,34,380.27,928.13,96.36,144.07,0.6547,-1,-1,-1
334,35,983.73,66.84,56.91,176.45,0.4840,-1,-1,-1
334,39,422.00,850.41,93.83,155.82,0.5495,-1,-1,-1
334,41,911.74,453.58,53.12,193.73,0.3353,-1,-1,-1
334,44,1037.31,72.38,52.05,163.86,0.3881,-1,-1,-1
334,47,953.18,392.11,55.84,192.87,0.4490,-1,-1,-1
335,3,945.07,918.45,61.10,159.77,0.7188,-1,-1,-1
335,4,1722.64,459.79,71.87,208.50,0.6220,-1,-1,-1
335,5,1540.71,614.32,84.69,240.23,0.5471,-1,-1,-1
335,6,227.80,350.53,62.19,191.36,0.4945,-1,-1,-1
335,8,390.06,477.15,119.66,353.80,0.6712,-1,-1,-1
335,19,928.93,27.92,61.72,172.21,0.3671,-1,-1,-1
335,28,505.81,492.62,68.91,222.67,0.7262,-1,-1,-1
335,32,847.87,439.86,80.96,218.00,0.4986,-1,-1,-1
335,34,383.14,931.44,97.69,141.56,0.6631,-1,-1,-1
335,35,982.66,66.72,57.84,175.24,0.4756,-1,-1,-1
335,39,425.44,850.30,97.78,160.26,0.5658,-1,-1,-1
335,41,911.13,452.66,54.32,197.60,0.3360,-1,-1,-1
335,44,1037.43,72.31,51.63,163.62,0.3748,-1,-1,-1
335,47,956.84,393.43,55.83,189.44,0.4978,-1,-1,-1
336,3,945.33,919.03,61.96,159.70,0.7165,-1,-1,-1
336,4,1721.48,459.26,73.14,208.88,0.6377,-1,-1,-1
336,5,1541.40,615.49,83.24,242.12,0.5850,-1,-1,-1
336,6,227.15,349.17,62.71,193.89,0.5092,-1,-1,-1
336,8,397.96,481.69,117.91,346.88,0.7020,-1,-1,-1
336,17,414.82,359.69,75.20,137.55,0.3203,-1,-1,-1
336,19,927.30,27.10,63.44,175.14,0.3710,-1,-1,-1
336,28,504.73,492.76,69.69,221.71,0.7201,-1,-1,-1
336,32,844.45,440.63,81.83,218.77,0.4426,-1,-1,-1
336,34,386.20,936.84,94.71,133.90,0.6730,-1,-1,-1
336,35,982.08,66.21,56.88,176.04,0.4611,-1,-1,-1
336,39,425.08,852.50,104.65,164.35,0.5338,-1,-1,-1
336,41,908.92,454.64,58.78,195.80,0.3786,-1,-1,-1
336,44,1036.85,71.68,52.28,164.06,0.3422,-1,-1,-1
336,47,958.79,392.41,57.02,190.55,0.4313,-1,-1,-1
337,3,948.64,919.52,59.67,158.90,0.6831,-1,-1,-1
337,4,1722.34,459.22,72.42,207.87,0.6125,-1,-1,-1
337,5,1541.58,615.95,81.45,239.12,0.6444,-1,-1,-1
337,6,225.63,347.84,63.53,189.54,0.4995,-1,-1,-1
337,8,399.99,485.87,125.19,341.93,0.7104,-1,-1,-1
337,17,416.63,358.73,76.20,138.64,0.3255,-1,-1,-1
337,19,929.01,25.12,64.37,175.19,0.3797,-1,-1,-1
337,28,504.52,492.95,69.42,221.49,0.7002,-1,-1,-1
337,32,846.84,443.22,74.91,221.01,0.4077,-1,-1,-1
337,34,387.18,942.29,97.21,132.14,0.6905,-1,-1,-1
337,35,981.22,64.88,57.20,176.83,0.4472,-1,-1,-1
337,39,427.44,856.59,110.28,165.97,0.4651,-1,-1,-1
337,41,909.52,456.96,56.39,198.44,0.3670,-1,-1,-1
337,44,1036.44,71.25,52.65,165.57,0.4169,-1,-1,-1
337,47,962.84,391.36,57.92,190.92,0.5608,-1,-1,-1
338,3,948.56,921.67,61.51,156.61,0.7041,-1,-1,-1
338,4,1721.99,458.82,73.02,208.28,0.5862,-1,-1,-1
338,5,1543.00,615.88,79.74,241.62,0.6080,-1,-1,-1
338,6,225.25,346.98,63.45,187.80,0.5266,-1,-1,-1
338,8,401.91,486.99,124.97,340.25,0.7124,-1,-1,-1
338,17,416.04,358.96,77.60,141.47,0.3291,-1,-1,-1
338,19,929.37,23.08,62.14,174.47,0.3624,-1,-1,-1
338,28,503.85,492.96,69.77,220.77,0.6971,-1,-1,-1
338,32,848.72,444.91,76.18,220.38,0.4247,-1,-1,-1
338,34,389.37,945.01,96.97,130.32,0.7150,-1,-1,-1
338,35,980.75,64.15,57.15,176.89,0.4421,-1,-1,-1
338,39,433.03,860.73,111.06,159.47,0.6328,-1,-1,-1
338,41,910.95,458.21,52.18,198.77,0.3365,-1,-1,-1
338,44,1035.83,70.85,53.23,165.87,0.3909,-1,-1,-1
338,47,965.49,392.29,58.69,193.46,0.5275,-1,-1,-1
339,3,950.24,922.35,62.81,154.83,0.7037,-1,-1,-1
339,4,1721.53,459.90,73.88,207.31,0.6069,-1,-1,-1
339,5,1543.42,616.49,80.48,243.05,0.6253,-1,-1,-1
339,6,223.70,345.89,64.21,184.16,0.5265,-1,-1,-1
339,8,402.93,487.00,122.27,338.71,0.7391,-1,-1,-1
339,17,416.75,358.47,80.21,143.06,0.3311,-1,-1,-1
339,19,929.01,22.73,62.12,168.60,0.3569,-1,-1,-1
339,28,503.39,493.98,68.21,221.03,0.6891,-1,-1,-1
339,32,846.03,446.97,76.92,217.54,0.4255,-1,-1,-1
339,34,392.09,948.95,97.40,127.47,0.7279,-1,-1,-1
339,35,979.62,61.66,58.24,178.62,0.4544,-1,-1,-1
339,39,438.72,866.81,108.52,157.89,0.6151,-1,-1,-1
339,41,911.93,459.60,50.76,198.66,0.3260,-1,-1,-1
339,44,1036.76,70.37,51.44,166.30,0.4355,-1,-1,-1
339,47,968.20,394.89,60.00,194.40,0.5963,-1,-1,-1
340,3,950.98,923.04,62.92,154.13,0.6989,-1,-1,-1
340,4,1721.67,457.97,73.09,209.84,0.6069,-1,-1,-1
340,5,1545.12,615.52,79.76,244.33,0.6002,-1,-1,-1
340,6,222.30,343.95,64.13,182.73,0.5185,-1,-1,-1
340,8,403.84,487.87,123.45,338.34,0.6977,-1,-1,-1
340,17,418.03,357.20,81.73,148.13,0.3237,-1,-1,-1
340,19,928.99,21.09,62.75,167.81,0.3433,-1,-1,-1
340,28,500.44,496.83,71.39,216.97,0.6595,-1,-1,-1
340,32,846.80,449.92,74.98,221.23,0.4337,-1,-1,-1
340,34,395.56,950.83,96.22,127.78,0.7110,-1,-1,-1
340,35,979.10,60.82,57.38,179.30,0.4919,-1,-1,-1
340,39,439.75,872.02,113.79,151.11,0.6901,-1,-1,-1
340,41,911.44,459.21,51.84,199.62,0.3370,-1,-1,-1
340,44,1035.19,69.72,53.02,167.68,0.4181,-1,-1,-1
340,47,970.12,397.15,61.36,194.82,0.5861,-1,-1,-1
341,1,441.19,99.07,78.69,192.50,0.3029,-1,-1,-1
341,3,951.05,924.08,63.34,153.11,0.7038,-1,-1,-1
341,4,1721.60,458.78,73.15,209.08,0.6055,-1,-1,-1
341,5,1544.80,616.15,81.79,243.39,0.6541,-1,-1,-1
341,6,221.91,342.33,64.67,183.03,0.5232,-1,-1,-1
341,8,406.75,488.08,119.22,338.99,0.3958,-1,-1,-1
341,17,418.29,357.15,84.80,151.91,0.3039,-1,-1,-1
341,19,928.10,19.90,63.01,165.97,0.3548,-1,-1,-1
341,28,498.62,498.72,70.53,215.18,0.6819,-1,-1,-1
341,32,845.86,451.07,75.97,221.58,0.4574,-1,-1,-1
341,34,399.17,955.10,96.39,123.83,0.6939,-1,-1,-1
341,35,979.19,59.06,55.42,180.17,0.4666,-1,-1,-1
341,39,440.89,875.78,115.46,146.97,0.6956,-1,-1,-1
341,41,911.09,460.24,52.10,201.10,0.3397,-1,-1,-1
341,44,1036.16,68.92,51.53,170.23,0.4608,-1,-1,-1
341,47,974.57,398.23,61.09,195.34,0.5525,-1,-1,-1
342,1,440.27,99.90,79.87,192.14,0.3130,-1,-1,-1
342,3,951.17,924.15,65.75,153.05,0.6960,-1,-1,-1
342,4,1723.19,457.24,72.81,211.47,0.6238,-1,-1,-1
342,5,1545.10,617.90,82.38,239.99,0.6389,-1,-1,-1
342,6,219.73,341.11,66.20,185.23,0.5138,-1,-1,-1
342,8,400.51,483.76,88.10,252.71,0.5927,-1,-1,-1
342,17,420.40,358.90,82.94,181.83,0.3204,-1,-1,-1
342,19,927.33,18.69,62.89,164.31,0.3291,-1,-1,-1
342,28,497.34,500.94,71.77,212.84,0.6917,-1,-1,-1
342,32,844.85,452.14,68.57,220.70,0.3875,-1,-1,-1
342,34,402.34,960.93,97.57,118.43,0.7165,-1,-1,-1
342,35,978.36,57.88,56.05,180.72,0.3981,-1,-1,-1
342,39,441.62,878.79,117.76,145.00,0.6867,-1,-1,-1
342,41,909.37,461.35,54.91,200.98,0.3544,-1,-1,-1
342,44,1035.92,68.31,51.96,169.71,0.4110,-1,-1,-1
342,47,975.50,400.57,62.93,195.88,0.6030,-1,-1,-1
343,1,440.40,101.58,77.83,190.52,0.3001,-1,-1,-1
343,3,951.47,924.97,65.85,151.65,0.7070,-1,-1,-1
343,4,1722.30,457.94,72.32,209.26,0.5943,-1,-1,-1
343,5,1545.24,617.73,83.95,240.54,0.5991,-1,-1,-1
343,6,218.36,339.94,68.63,185.33,0.5042,-1,-1,-1
343,8,399.90,485.67,81.01,243.57,0.5738,-1,-1,-1
343,17,419.11,355.97,87.19,194.64,0.3025,-1,-1,-1
343,19,925.01,16.95,65.60,162.60,0.3083,-1,-1,-1
343,28,494.78,502.30,73.76,213.38,0.6723,-1,-1,-1
343,32,844.15,453.25,65.53,220.04,0.3289,-1,-1,-1
343,34,404.30,963.00,98.46,116.36,0.7208,-1,-1,-1
343,35,976.55,57.87,56.33,177.36,0.3676,-1,-1,-1
343,39,440.39,881.75,120.69,143.96,0.6736,-1,-1,-1
343,41,908.93,462.34,56.08,200.21,0.3303,-1,-1,-1
343,44,1035.16,67.39,51.87,171.28,0.3732,-1,-1,-1
343,47,979.83,401.69,61.95,193.18,0.6358,-1,-1,-1
344,1,438.28,102.07,80.69,188.89,0.3213,-1,-1,-1
344,3,951.49,924.91,67.65,151.12,0.6952,-1,-1,-1
344,4,1721.23,459.33,73.29,207.17,0.6047,-1,-1,-1
344,5,1546.12,617.43,85.18,238.28,0.5899,-1,-1,-1
344,6,220.01,339.42,65.54,186.10,0.5436,-1,-1,-1
344,8,399.48,486.68,77.22,241.27,0.6259,-1,-1,-1
344,17,420.00,354.05,86.43,203.24,0.3321,-1,-1,-1
344,19,922.81,15.00,68.59,166.78,0.3476,-1,-1,-1
344,28,496.25,503.29,70.54,211.16,0.6449,-1,-1,-1
344,32,842.47,453.29,69.53,206.36,0.3306,-1,-1,-1
344,34,407.97,964.34,95.76,113.64,0.7272,-1,-1,-1
344,35,977.58,56.24,55.85,176.51,0.3815,-1,-1,-1
344,39,446.16,883.24,116.94,145.37,0.6799,-1,-1,-1
344,41,908.17,461.98,57.91,195.40,0.3873,-1,-1,-1
344,44,1035.44,66.31,51.69,171.73,0.3337,-1,-1,-1
344,47,982.31,406.13,63.68,191.58,0.5797,-1,-1,-1
345,3,952.21,925.67,68.26,149.97,0.6993,-1,-1,-1
345,4,1720.84,458.57,73.68,206.86,0.6117,-1,-1,-1
345,5,1546.93,618.91,84.86,239.96,0.5660,-1,-1,-1
345,6,219.55,338.73,64.81,185.58,0.5140,-1,-1,-1
345,8,399.09,487.65,78.03,236.98,0.6667,-1,-1,-1
345,17,421.52,350.89,84.74,195.26,0.3747,-1,-1,-1
345,19,923.40,15.37,68.41,165.91,0.3687,-1,-1,-1
345,28,497.67,505.78,67.03,210.74,0.5651,-1,-1,-1
345,32,842.42,455.15,66.90,215.07,0.3401,-1,-1,-1
345,34,410.70,964.16,97.74,113.38,0.7052,-1,-1,-1
345,35,977.15,54.10,55.45,172.80,0.4170,-1,-1,-1
345,39,449.02,884.82,116.18,150.99,0.6598,-1,-1,-1
345,41,908.70,462.90,59.17,194.30,0.3918,-1,-1,-1
345,44,1035.23,66.25,52.32,168.89,0.3405,-1,-1,-1
345,47,984.14,407.35,64.26,193.60,0.5287,-1,-1,-1
346,3,952.37,926.39,69.43,149.51,0.7130,-1,-1,-1
346,4,1722.02,457.76,73.14,207.94,0.6133,-1,-1,-1
346,5,1555.15,620.42,77.42,236.30,0.5691,-1,-1,-1
346,6,218.92,337.73,67.17,187.06,0.5116,-1,-1,-1
346,8,396.56,487.12,80.28,234.29,0.7008,-1,-1,-1
346,17,426.03,349.68,77.16,202.21,0.3211,-1,-1,-1
346,19,923.03,13.90,68.69,170.47,0.3310,-1,-1,-1
346,28,484.99,507.74,77.82,206.58,0.5514,-1,-1,-1
346,32,840.54,452.29,68.37,202.58,0.3789,-1,-1,-1
346,34,411.73,964.76,106.45,114.11,0.7048,-1,-1,-1
346,35,975.46,54.20,57.11,174.53,0.3620,-1,-1,-1
346,39,453.72,885.19,111.44,153.97,0.6693,-1,-1,-1
346,41,903.94,464.07,65.13,197.50,0.4630,-1,-1,-1
346,47,985.08,407.98,65.91,195.04,0.4623,-1,-1,-1
347,3,951.71,927.37,71.83,148.43,0.7031,-1,-1,-1
347,4,1723.20,458.34,72.09,209.14,0.6247,-1,-1,-1
347,5,1550.40,621.42,84.22,235.18,0.5572,-1,-1,-1
347,6,218.29,336.91,67.23,187.40,0.4517,-1,-1,-1
347,8,396.16,489.09,81.09,232.34,0.7110,-1,-1,-1
347,17,428.03,348.44,73.38,207.63,0.3355,-1,-1,-1
347,28,482.31,510.80,79.03,201.22,0.5342,-1,-1,-1
347,32,841.75,454.98,67.34,201.35,0.3360,-1,-1,-1
347,34,413.66,965.37,102.61,113.75,0.6975,-1,-1,-1
347,35,975.11,54.00,57.52,174.33,0.3638,-1,-1,-1
347,39,455.60,887.20,108.36,154.86,0.6729,-1,-1,-1
347,41,907.38,465.57,64.87,196.76,0.4581,-1,-1,-1
347,47,989.29,409.39,64.49,193.33,0.5305,-1,-1,-1
347,54,468.64,583.16,71.72,233.42,0.3937,-1,-1,-1
348,3,951.64,927.38,71.71,149.00,0.7289,-1,-1,-1
348,4,1722.26,457.83,73.39,209.02,0.6153,-1,-1,-1
348,5,1553.15,621.68,83.61,232.99,0.5380,-1,-1,-1
348,6,217.50,336.26,67.26,186.13,0.4055,-1,-1,-1
348,8,394.09,489.83,81.63,232.63,0.7211,-1,-1,-1
348,17,430.01,345.65,72.58,193.05,0.3942,-1,-1,-1
348,28,485.68,512.16,74.50,194.01,0.4439,-1,-1,-1
348,34,415.69,966.98,101.75,111.88,0.7086,-1,-1,-1
348,35,975.06,52.31,55.09,172.33,0.3428,-1,-1,-1
348,39,455.15,890.62,104.34,162.38,0.6440,-1,-1,-1
348,41,907.29,466.26,64.89,197.37,0.5207,-1,-1,-1
348,47,994.68,410.13,61.58,192.82,0.5836,-1,-1,-1
348,54,470.52,570.78,79.25,248.96,0.5979,-1,-1,-1
349,3,951.53,927.78,74.97,147.80,0.7385,-1,-1,-1
349,4,1722.72,457.82,72.55,208.43,0.6026,-1,-1,-1
349,5,1552.41,622.39,86.39,237.20,0.5481,-1,-1,-1
349,6,217.62,333.97,66.91,188.25,0.4351,-1,-1,-1
349,8,393.70,489.40,79.37,233.26,0.7185,-1,-1,-1
349,17,429.59,345.25,72.70,201.54,0.4492,-1,-1,-1
349,34,417.34,969.38,101.29,110.05,0.7049,-1,-1,-1
349,35,974.27,51.62,54.91,173.60,0.4554,-1,-1,-1
349,39,458.16,892.28,99.21,164.64,0.6408,-1,-1,-1
349,41,908.39,469.86,59.62,197.15,0.4722,-1,-1,-1
349,47,996.16,411.30,63.36,193.16,0.6044,-1,-1,-1
349,54,474.49,578.18,75.87,241.85,0.6646,-1,-1,-1
350,3,950.97,928.71,76.69,146.82,0.7283,-1,-1,-1
350,4,1721.89,457.66,73.63,207.44,0.6070,-1,-1,-1
350,5,1554.18,623.58,87.40,240.30,0.5350,-1,-1,-1
350,6,215.64,333.08,67.57,187.09,0.3941,-1,-1,-1
350,8,391.62,491.56,79.61,232.38,0.6654,-1,-1,-1
350,17,429.84,342.26,72.43,204.72,0.4445,-1,-1,-1
350,34,418.18,972.37,103.68,107.55,0.6934,-1,-1,-1
350,35,974.30,49.87,54.28,176.34,0.3872,-1,-1,-1
350,39,462.66,894.14,91.27,159.26,0.6168,-1,-1,-1
350,41,908.05,468.62,64.90,201.70,0.4104,-1,-1,-1
350,47,1000.45,410.50,63.55,194.32,0.6154,-1,-1,-1
350,54,478.55,578.68,77.53,241.05,0.5704,-1,-1,-1
351,3,950.83,929.91,79.19,146.84,0.7362,-1,-1,-1
351,4,1722.46,458.12,72.62,208.74,0.5800,-1,-1,-1
351,5,1550.69,623.65,94.82,237.05,0.5587,-1,-1,-1
351,6,213.54,329.77,67.68,187.15,0.3092,-1,-1,-1
351,8,392.62,494.24,76.58,233.35,0.6816,-1,-1,-1
351,17,429.61,338.77,73.25,205.74,0.4666,-1,-1,-1
351,34,419.65,976.10,103.42,103.63,0.6975,-1,-1,-1
351,35,973.56,49.27,54.46,177.43,0.4682,-1,-1,-1
351,39,466.38,897.99,86.15,154.83,0.5868,-1,-1,-1
351,41,908.61,469.62,66.13,204.01,0.3725,-1,-1,-1
351,47,1001.79,408.39,63.64,195.24,0.5936,-1,-1,-1
351,54,480.69,524.83,89.60,291.03,0.6589,-1,-1,-1
352,3,950.56,929.90,80.13,147.55,0.7255,-1,-1,-1
352,4,1722.94,457.02,72.95,209.51,0.5956,-1,-1,-1
352,5,1550.48,626.13,94.25,238.83,0.5540,-1,-1,-1
352,6,211.44,327.80,67.94,188.61,0.3163,-1,-1,-1
352,8,391.79,495.52,76.44,234.50,0.7085,-1,-1,-1
352,17,429.42,337.70,70.88,211.50,0.3821,-1,-1,-1
352,34,421.60,980.16,107.99,99.78,0.6904,-1,-1,-1
352,35,971.93,47.76,55.02,178.73,0.4320,-1,-1,-1
352,39,468.45,899.75,83.83,150.84,0.5720,-1,-1,-1
352,41,909.84,472.44,65.37,203.08,0.4370,-1,-1,-1
352,47,1007.53,409.99,61.87,194.07,0.5951,-1,-1,-1
352,54,480.35,560.51,104.83,257.57,0.6566,-1,-1,-1
353,3,950.78,930.26,81.59,147.64,0.7475,-1,-1,-1
353,4,1721.94,458.25,73.29,209.80,0.6057,-1,-1,-1
353,5,1565.06,624.60,82.16,240.33,0.5149,-1,-1,-1
353,6,212.17,325.08,66.26,188.26,0.3040,-1,-1,-1
353,8,391.29,497.15,75.80,235.63,0.7021,-1,-1,-1
353,17,429.89,333.51,74.90,202.55,0.4524,-1,-1,-1
353,32,846.21,459.40,69.95,219.63,0.3694,-1,-1,-1
353,34,422.13,983.83,108.43,96.21,0.6864,-1,-1,-1
353,35,968.75,47.18,57.99,179.50,0.3711,-1,-1,-1
353,39,466.96,902.35,86.47,151.18,0.4819,-1,-1,-1
353,41,909.98,473.81,65.34,202.09,0.4823,-1,-1,-1
353,47,1008.72,411.00,64.86,194.30,0.6474,-1,-1,-1
353,54,480.66,574.94,112.43,241.34,0.7219,-1,-1,-1
354,3,951.30,930.75,81.26,147.16,0.7472,-1,-1,-1
354,4,1722.36,458.14,72.50,209.94,0.5894,-1,-1,-1
354,5,1566.79,626.47,83.40,245.61,0.5241,-1,-1,-1
354,6,214.07,324.02,63.41,186.67,0.3003,-1,-1,-1
354,8,389.19,498.67,79.07,235.34,0.6843,-1,-1,-1
354,17,428.16,334.67,77.05,202.77,0.4273,-1,-1,-1
354,32,845.31,461.14,68.88,221.82,0.3659,-1,-1,-1
354,34,425.50,990.11,105.15,90.05,0.6513,-1,-1,-1
354,35,965.47,47.05,61.11,178.99,0.3174,-1,-1,-1
354,39,471.12,908.13,81.34,148.89,0.5197,-1,-1,-1
354,41,908.87,477.48,68.58,200.83,0.4620,-1,-1,-1
354,47,1011.79,413.90,66.55,193.87,0.5958,-1,-1,-1
354,54,480.61,577.44,114.36,238.36,0.7361,-1,-1,-1
355,3,950.95,929.52,82.87,148.11,0.7464,-1,-1,-1
355,4,1723.12,458.20,71.10,208.63,0.6057,-1,-1,-1
355,5,1568.69,628.51,84.18,245.96,0.5546,-1,-1,-1
355,8,388.09,501.24,80.63,236.46,0.6944,-1,-1,-1
355,17,426.24,333.86,79.00,208.66,0.4527,-1,-1,-1
355,32,845.02,463.56,69.19,222.13,0.3724,-1,-1,-1
355,34,431.97,994.67,98.70,84.29,0.6170,-1,-1,-1
355,39,472.63,911.21,82.14,160.40,0.5779,-1,-1,-1
355,41,908.91,480.75,67.28,198.50,0.4022,-1,-1,-1
355,47,1014.39,417.15,66.64,191.28,0.5705,-1,-1,-1
355,54,480.39,579.99,115.10,236.65,0.7571,-1,-1,-1
356,3,951.81,928.70,81.15,147.75,0.7432,-1,-1,-1
356,4,1722.61,458.28,71.57,208.61,0.6058,-1,-1,-1
356,5,1568.93,627.43,85.60,246.53,0.5845,-1,-1,-1
356,8,386.39,503.74,79.69,236.28,0.6989,-1,-1,-1
356,17,425.19,332.53,81.03,210.70,0.4717,-1,-1,-1
356,32,846.27,464.34,68.83,219.79,0.4241,-1,-1,-1
356,34,435.65,998.39,95.24,80.64,0.6165,-1,-1,-1
356,35,962.00,50.70,63.08,173.76,0.3363,-1,-1,-1
356,39,473.08,915.48,84.72,157.95,0.5490,-1,-1,-1
356,41,910.41,482.54,65.23,202.79,0.4206,-1,-1,-1
356,47,1015.49,418.81,68.91,190.54,0.5037,-1,-1,-1
356,54,481.10,575.71,116.05,240.36,0.7304,-1,-1,-1
357,3,952.79,927.63,80.92,149.19,0.7290,-1,-1,-1
357,4,1722.77,458.27,71.49,207.81,0.5888,-1,-1,-1
357,5,1570.61,630.48,85.43,243.96,0.5878,-1,-1,-1
357,8,384.90,505.22,79.56,236.82,0.6875,-1,-1,-1
357,17,423.91,330.66,83.11,213.79,0.4445,-1,-1,-1
357,28,477.99,521.02,59.00,216.40,0.4192,-1,-1,-1
357,32,846.55,466.98,69.82,214.50,0.4765,-1,-1,-1
357,34,439.77,1003.58,93.05,75.52,0.5528,-1,-1,-1
357,39,478.82,919.85,82.05,156.95,0.5160,-1,-1,-1
357,41,910.98,485.01,64.54,198.81,0.4847,-1,-1,-1
357,47,1017.88,421.28,76.39,193.57,0.4390,-1,-1,-1
357,54,483.05,573.56,117.44,242.74,0.7084,-1,-1,-1
358,3,954.78,927.35,78.46,152.53,0.7234,-1,-1,-1
358,4,1723.24,458.03,71.39,208.17,0.5798,-1,-1,-1
358,5,1570.70,632.78,84.87,242.30,0.5366,-1,-1,-1
358,6,215.79,318.41,59.14,183.38,0.3549,-1,-1,-1
358,8,383.73,506.38,79.81,241.30,0.6983,-1,-1,-1
358,17,423.02,330.98,83.84,210.80,0.4526,-1,-1,-1
358,28,475.99,521.60,66.41,218.39,0.5417,-1,-1,-1
358,32,847.72,468.30,69.33,215.11,0.4890,-1,-1,-1
358,34,440.77,1006.83,88.93,72.37,0.5573,-1,-1,-1
358,35,964.19,55.15,58.62,167.88,0.3174,-1,-1,-1
358,39,483.39,921.17,85.73,154.77,0.5998,-1,-1,-1
358,41,912.63,486.86,64.15,199.20,0.4784,-1,-1,-1
358,47,1016.92,423.17,78.84,193.89,0.5047,-1,-1,-1
358,54,485.72,578.95,116.43,237.03,0.7534,-1,-1,-1
359,3,954.35,927.07,79.87,149.83,0.7142,-1,-1,-1
359,4,1722.32,457.08,72.47,209.28,0.5837,-1,-1,-1
359,5,1569.91,635.33,86.45,242.33,0.5839,-1,-1,-1
359,6,209.90,317.60,64.85,185.15,0.3743,-1,-1,-1
359,8,382.44,507.14,80.14,242.57,0.6909,-1,-1,-1
359,17,423.88,330.16,82.31,210.73,0.4778,-1,-1,-1
359,28,475.60,524.08,66.10,217.17,0.5348,-1,-1,-1
359,32,846.84,475.17,72.73,216.97,0.5529,-1,-1,-1
359,34,443.04,1011.22,92.79,68.63,0.5407,-1,-1,-1
359,35,964.19,56.10,55.24,168.94,0.3723,-1,-1,-1
359,39,483.06,922.36,87.16,153.45,0.5679,-1,-1,-1
359,41,914.02,487.94,64.23,198.48,0.4437,-1,-1,-1
359,44,1026.19,61.87,57.78,164.24,0.3324,-1,-1,-1
359,47,1019.68,426.01,78.34,192.58,0.5000,-1,-1,-1
359,54,487.56,579.55,112.74,235.94,0.7390,-1,-1,-1
359,56,1752.43,74.65,56.26,171.53,0.3417,-1,-1,-1
360,3,955.53,926.63,78.33,150.74,0.7148,-1,-1,-1
360,4,1722.57,457.64,72.06,207.98,0.6175,-1,-1,-1
360,5,1570.25,635.40,82.54,244.42,0.5803,-1,-1,-1
360,6,209.42,317.74,64.25,185.24,0.3816,-1,-1,-1
360,8,379.95,508.02,82.08,242.42,0.7215,-1,-1,-1
360,17,426.43,329.10,79.14,209.12,0.5079,-1,-1,-1
360,28,476.86,528.51,61.32,219.24,0.6201,-1,-1,-1
360,32,847.97,476.21,74.34,219.54,0.5622,-1,-1,-1
360,34,445.64,1012.03,89.45,67.69,0.5192,-1,-1,-1
360,35,962.74,55.16,56.52,170.05,0.3686,-1,-1,-1
360,39,489.08,923.84,85.29,153.70,0.6046,-1,-1,-1
360,41,915.87,487.65,63.49,198.97,0.4698,-1,-1,-1
360,44,1025.56,62.08,57.24,161.96,0.3437,-1,-1,-1
360,47,1024.04,425.81,77.49,197.85,0.5173,-1,-1,-1
360,54,491.18,581.15,109.78,234.97,0.6955,-1,-1,-1
360,56,1752.82,75.59,56.27,171.64,0.3372,-1,-1,-1
361,3,956.58,926.24,77.86,151.38,0.7188,-1,-1,-1
361,4,1723.00,457.83,72.07,208.77,0.6122,-1,-1,-1
361,5,1568.25,635.75,83.81,243.40,0.6137,-1,-1,-1
361,8,379.87,508.75,79.19,242.33,0.7080,-1,-1,-1
361,17,427.99,328.38,77.39,207.94,0.5139,-1,-1,-1
361,28,474.64,529.41,66.82,229.39,0.6367,-1,-1,-1
361,32,850.18,477.46,72.15,219.41,0.6195,-1,-1,-1
361,34,445.67,1014.77,93.81,64.40,0.4415,-1,-1,-1
361,35,957.68,52.72,60.10,171.90,0.4080,-1,-1,-1
361,39,493.68,924.06,85.15,155.84,0.6524,-1,-1,-1
361,41,915.87,487.35,66.37,201.07,0.4864,-1,-1,-1
361,44,1025.31,60.79,55.60,161.55,0.3843,-1,-1,-1
361,47,1027.66,428.43,75.93,196.35,0.4507,-1,-1,-1
361,54,499.90,577.29,100.79,238.35,0.6562,-1,-1,-1
361,56,1753.30,77.03,56.93,172.87,0.3686,-1,-1,-1
362,3,959.03,926.18,74.78,151.53,0.6825,-1,-1,-1
362,4,1722.62,457.96,73.05,208.75,0.5889,-1,-1,-1
362,5,1571.38,634.67,82.38,245.21,0.5535,-1,-1,-1
362,8,377.74,509.80,78.55,240.37,0.6908,-1,-1,-1
362,17,432.24,324.95,74.18,205.51,0.4851,-1,-1,-1
362,28,472.42,526.00,66.95,235.70,0.6950,-1,-1,-1
362,32,850.34,477.63,71.34,218.65,0.5482,-1,-1,-1
362,34,448.38,1017.52,83.25,61.05,0.4468,-1,-1,-1
362,35,955.52,50.05,61.54,174.27,0.4191,-1,-1,-1
362,39,494.54,926.63,93.54,153.48,0.6729,-1,-1,-1
362,41,914.92,489.57,66.99,199.91,0.3961,-1,-1,-1
362,44,1025.36,59.80,54.95,162.71,0.3819,-1,-1,-1
362,47,1029.81,429.33,75.62,195.31,0.4730,-1,-1,-1
362,54,512.55,577.16,90.51,235.51,0.6012,-1,-1,-1
362,56,1753.55,81.60,56.50,169.76,0.3803,-1,-1,-1
362,57,797.31,153.95,58.03,166.38,0.3047,-1,-1,-1
363,3,960.65,926.00,73.39,151.51,0.6450,-1,-1,-1
363,4,1722.85,458.18,72.65,208.38,0.5977,-1,-1,-1
363,5,1572.45,634.66,82.86,244.39,0.5801,-1,-1,-1
363,8,376.09,509.74,79.21,240.00,0.7083,-1,-1,-1
363,17,435.82,324.06,70.48,207.56,0.4889,-1,-1,-1
363,28,472.09,535.58,67.65,226.60,0.7131,-1,-1,-1
363,32,852.76,478.73,68.45,216.83,0.5921,-1,-1,-1
363,34,449.52,1018.02,90.49,61.19,0.5111,-1,-1,-1
363,35,956.10,48.51,59.94,173.48,0.3449,-1,-1,-1
363,39,496.05,928.50,98.99,151.59,0.6548,-1,-1,-1
363,41,915.46,491.73,66.22,198.26,0.4514,-1,-1,-1
363,44,1024.21,59.46,56.86,161.61,0.4396,-1,-1,-1
363,47,1035.17,429.54,71.33,195.65,0.5349,-1,-1,-1
363,54,517.16,576.55,91.59,233.54,0.6178,-1,-1,-1
363,56,1753.28,81.83,56.34,170.44,0.3731,-1,-1,-1
363,57,795.27,154.00,55.22,166.39,0.3131,-1,-1,-1
364,3,962.55,925.22,72.57,152.83,0.6626,-1,-1,-1
364,4,1721.60,457.97,73.66,208.28,0.5894,-1,-1,-1
364,5,1573.63,633.60,80.02,246.29,0.5528,-1,-1,-1
364,8,374.04,511.38,79.14,239.46,0.6917,-1,-1,-1
364,17,436.08,322.59,69.92,206.84,0.4866,-1,-1,-1
364,28,470.89,539.58,66.40,223.67,0.7209,-1,-1,-1
364,32,852.33,477.96,71.55,217.54,0.5556,-1,-1,-1
364,34,452.71,1018.13,87.86,61.62,0.4987,-1,-1,-1
364,35,957.34,47.54,58.29,172.91,0.3105,-1,-1,-1
364,39,500.02,932.07,101.08,148.07,0.6698,-1,-1,-1
364,41,916.98,492.23,64.64,197.76,0.4146,-1,-1,-1
364,44,1022.78,58.41,58.09,162.55,0.3819,-1,-1,-1
364,47,1040.32,429.84,69.80,194.18,0.6047,-1,-1,-1
364,54,526.16,576.13,86.33,236.16,0.6583,-1,-1,-1
364,56,1753.74,82.76,56.02,169.69,0.3100,-1,-1,-1
364,57,795.02,154.08,54.63,166.07,0.3252,-1,-1,-1
365,3,963.32,923.41,71.76,155.00,0.6770,-1,-1,-1
365,4,1722.78,456.84,72.31,209.52,0.5713,-1,-1,-1
365,5,1574.63,635.24,79.30,243.09,0.6048,-1,-1,-1
365,8,370.26,512.49,80.06,237.79,0.6926,-1,-1,-1
365,17,437.62,317.44,67.57,209.14,0.5329,-1,-1,-1
365,28,470.28,537.71,66.22,227.38,0.7146,-1,-1,-1
365,32,850.88,478.97,72.61,215.94,0.5337,-1,-1,-1
365,34,455.32,1016.39,84.91,63.25,0.4654,-1,-1,-1
365,39,503.52,933.97,103.52,146.08,0.6750,-1,-1,-1
365,41,916.52,490.05,65.90,199.89,0.4050,-1,-1,-1
365,44,1021.49,58.17,58.91,161.88,0.3884,-1,-1,-1
365,47,1044.08,430.71,68.94,193.70,0.6229,-1,-1,-1
365,54,538.50,573.40,78.76,237.89,0.6433,-1,-1,-1
365,57,794.85,154.31,55.28,165.80,0.3125,-1,-1,-1
366,1,444.01,80.70,65.87,192.53,0.3175,-1,-1,-1
366,3,965.27,922.79,71.22,155.96,0.7050,-1,-1,-1
366,4,1722.11,457.37,72.50,209.19,0.5805,-1,-1,-1
366,5,1574.70,633.29,82.67,246.60,0.5604,-1,-1,-1
366,8,366.22,512.14,81.42,237.20,0.7386,-1,-1,-1
366,17,438.86,316.14,68.62,209.15,0.5350,-1,-1,-1
366,28,469.55,539.25,64.91,231.71,0.7373,-1,-1,-1
366,32,850.56,479.75,72.45,215.35,0.5810,-1,-1,-1
366,34,456.84,1017.18,77.73,62.68,0.3916,-1,-1,-1
366,35,957.60,49.56,59.22,166.75,0.3246,-1,-1,-1
366,39,508.06,936.72,104.51,143.36,0.6744,-1,-1,-1
366,41,915.81,489.91,67.26,201.12,0.4541,-1,-1,-1
366,44,1020.87,59.27,55.99,157.10,0.4131,-1,-1,-1
366,47,1047.15,430.20,68.41,195.53,0.6339,-1,-1,-1
366,54,544.88,572.63,73.82,239.75,0.7075,-1,-1,-1
366,57,794.71,153.80,54.75,167.01,0.3456,-1,-1,-1
367,3,966.23,921.29,70.90,156.57,0.7096,-1,-1,-1
367,4,1722.01,457.71,71.82,209.52,0.5755,-1,-1,-1
367,5,1574.73,641.25,89.39,240.33,0.5770,-1,-1,-1
367,8,362.12,514.59,84.90,235.25,0.7544,-1,-1,-1
367,17,439.17,313.94,69.23,209.15,0.5601,-1,-1,-1
367,28,467.78,540.08,65.27,233.30,0.7385,-1,-1,-1
367,32,851.39,479.89,72.96,217.71,0.5989,-1,-1,-1
367,34,462.80,1021.34,71.13,58.96,0.3442,-1,-1,-1
367,35,957.00,47.76,59.16,167.59,0.3204,-1,-1,-1
367,39,506.23,941.09,107.86,139.04,0.6848,-1,-1,-1
367,41,915.59,491.04,66.64,202.42,0.4410,-1,-1,-1
367,44,1020.85,58.75,55.40,155.29,0.4284,-1,-1,-1
367,47,1050.56,430.59,67.68,194.44,0.6265,-1,-1,-1
367,54,546.62,572.12,73.94,242.93,0.6913,-1,-1,-1
367,57,795.15,153.71,54.06,167.41,0.3321,-1,-1,-1
368,3,967.79,921.27,70.95,157.21,0.6915,-1,-1,-1
368,4,1721.99,457.93,73.84,207.67,0.5794,-1,-1,-1
368,5,1574.70,644.74,90.99,234.97,0.5187,-1,-1,-1
368,8,359.29,515.16,87.19,234.92,0.7695,-1,-1,-1
368,17,439.43,312.67,69.66,208.17,0.5695,-1,-1,-1
368,28,465.53,540.61,66.98,233.21,0.7517,-1,-1,-1
368,32,851.92,480.86,69.80,217.53,0.6341,-1,-1,-1
368,39,509.86,943.25,108.63,136.78,0.6921,-1,-1,-1
368,41,914.87,492.04,68.12,202.35,0.4875,-1,-1,-1
368,44,1020.51,58.01,55.21,154.13,0.4449,-1,-1,-1
368,47,1054.65,432.18,67.39,197.59,0.6633,-1,-1,-1
368,54,547.78,571.77,77.09,241.28,0.6900,-1,-1,-1
368,57,794.55,151.94,58.21,168.80,0.3290,-1,-1,-1
369,3,968.79,921.00,71.52,158.00,0.7150,-1,-1,-1
369,4,1722.11,458.18,75.26,206.46,0.5701,-1,-1,-1
369,5,1575.58,645.43,88.34,236.32,0.5141,-1,-1,-1
369,8,356.02,516.14,90.10,239.47,0.7539,-1,-1,-1
369,17,441.08,310.51,67.35,209.98,0.5335,-1,-1,-1
369,28,464.70,540.85,66.38,232.57,0.7328,-1,-1,-1
369,32,851.98,482.41,66.79,219.48,0.5734,-1,-1,-1
369,35,959.08,47.55,55.19,167.85,0.3068,-1,-1,-1
369,39,513.15,946.19,111.24,133.86,0.6971,-1,-1,-1
369,41,913.24,493.98,69.05,204.10,0.3973,-1,-1,-1
369,44,1019.66,57.08,54.41,155.59,0.4412,-1,-1,-1
369,47,1057.15,432.70,68.98,194.50,0.6209,-1,-1,-1
369,54,547.43,572.59,80.33,241.00,0.6850,-1,-1,-1
369,57,794.94,151.92,57.67,169.23,0.3325,-1,-1,-1
370,3,968.63,919.50,73.55,158.70,0.7278,-1,-1,-1
370,4,1722.45,457.65,73.54,208.13,0.5860,-1,-1,-1
370,5,1574.85,644.39,90.44,235.57,0.4653,-1,-1,-1
370,8,352.66,519.14,90.93,242.79,0.7171,-1,-1,-1
370,17,441.87,309.39,67.85,212.98,0.5436,-1,-1,-1
370,28,462.82,541.22,67.50,232.23,0.7271,-1,-1,-1
370,32,852.50,482.04,66.26,217.17,0.4652,-1,-1,-1
370,39,515.16,951.57,115.33,128.56,0.6847,-1,-1,-1
370,41,915.75,498.22,67.45,203.17,0.3749,-1,-1,-1
370,44,1016.27,55.60,57.99,158.79,0.4010,-1,-1,-1
370,47,1060.00,435.15,67.55,198.71,0.6176,-1,-1,-1
370,54,547.12,572.67,83.99,240.82,0.6620,-1,-1,-1
370,57,793.86,152.53,60.44,167.98,0.3142,-1,-1,-1
371,3,970.18,917.46,73.90,160.78,0.7223,-1,-1,-1
371,4,1722.31,457.71,74.53,207.57,0.5573,-1,-1,-1
371,5,1575.82,638.03,93.36,240.32,0.3970,-1,-1,-1
371,8,348.62,522.47,92.99,242.27,0.6988,-1,-1,-1
371,17,441.29,310.15,70.02,210.06,0.5039,-1,-1,-1
371,28,461.34,541.65,67.59,232.10,0.7148,-1,-1,-1
371,32,851.55,483.16,68.09,224.45,0.4585,-1,-1,-1
371,39,516.49,954.88,117.08,125.16,0.6957,-1,-1,-1
371,41,914.77,503.64,69.30,203.47,0.4722,-1,-1,-1
371,44,1015.25,54.11,59.61,160.83,0.3365,-1,-1,-1
371,47,1062.50,436.00,69.70,199.34,0.6657,-1,-1,-1
371,54,547.64,572.29,95.56,241.57,0.6371,-1,-1,-1
371,56,1761.54,93.30,55.64,159.29,0.3381,-1,-1,-1
371,57,794.16,153.14,60.85,167.96,0.3024,-1,-1,-1
372,3,970.63,917.11,77.19,161.28,0.7405,-1,-1,-1
372,4,1721.29,458.82,76.67,206.78,0.5365,-1,-1,-1
372,5,1573.30,645.99,93.43,233.84,0.4455,-1,-1,-1
372,8,348.12,525.00,93.45,242.93,0.7195,-1,-1,-1
372,17,442.59,310.74,69.33,209.44,0.5496,-1,-1,-1
372,28,459.78,542.05,68.35,230.19,0.7108,-1,-1,-1
372,32,850.79,484.12,69.13,224.37,0.4061,-1,-1,-1
372,39,519.06,959.11,115.70,120.96,0.6824,-1,-1,-1
372,41,912.58,505.53,71.50,203.57,0.4702,-1,-1,-1
372,44,1015.32,53.31,58.58,163.54,0.3705,-1,-1,-1
372,47,1064.38,439.28,70.28,203.35,0.6598,-1,-1,-1
372,54,549.03,571.14,108.37,242.99,0.6555,-1,-1,-1
372,56,1762.45,96.16,57.21,156.97,0.3662,-1,-1,-1
373,3,971.99,915.61,78.01,162.30,0.7324,-1,-1,-1
373,4,1720.70,458.04,78.31,207.95,0.5363,-1,-1,-1
373,5,1573.86,645.32,91.96,232.02,0.4215,-1,-1,-1
373,8,346.92,526.88,92.63,239.64,0.6988,-1,-1,-1
373,17,443.12,309.63,68.90,210.01,0.5553,-1,-1,-1
373,28,459.12,543.39,67.06,229.19,0.7047,-1,-1,-1
373,32,850.63,485.60,67.61,222.74,0.3831,-1,-1,-1
373,39,518.95,962.53,117.29,117.50,0.6650,-1,-1,-1
373,41,914.20,505.64,70.35,205.26,0.4771,-1,-1,-1
373,44,1015.34,52.85,57.75,162.03,0.3822,-1,-1,-1
373,47,1067.04,441.27,70.93,203.16,0.6469,-1,-1,-1
373,54,550.06,571.05,110.65,243.06,0.6639,-1,-1,-1
374,3,972.46,915.51,78.39,162.81,0.7307,-1,-1,-1
374,4,1719.64,456.80,78.88,207.99,0.5488,-1,-1,-1
374,5,1572.76,645.91,93.86,232.77,0.4282,-1,-1,-1
374,8,345.43,527.56,91.08,238.03,0.7001,-1,-1,-1
374,17,443.82,308.86,69.09,208.78,0.5965,-1,-1,-1
374,28,457.03,545.34,67.78,225.62,0.7049,-1,-1,-1
374,32,851.55,488.02,67.30,218.62,0.4420,-1,-1,-1
374,39,522.02,964.44,114.13,115.52,0.6549,-1,-1,-1
374,41,913.74,506.32,69.95,205.70,0.5504,-1,-1,-1
374,44,1014.67,52.37,56.94,161.74,0.3986,-1,-1,-1
374,47,1073.30,443.00,66.62,201.77,0.6222,-1,-1,-1
374,54,555.17,569.51,107.80,244.15,0.6560,-1,-1,-1
374,57,792.42,152.63,62.39,166.70,0.3119,-1,-1,-1
375,3,972.96,914.26,78.96,164.71,0.7215,-1,-1,-1
375,4,1718.63,457.07,78.51,208.58,0.5773,-1,-1,-1
375,8,343.98,528.60,91.72,237.82,0.6902,-1,-1,-1
375,17,445.59,307.34,69.14,209.25,0.6044,-1,-1,-1
375,28,455.17,546.96,70.35,222.43,0.7348,-1,-1,-1
375,32,853.75,490.51,64.74,216.54,0.4046,-1,-1,-1
375,39,524.86,966.37,111.02,113.59,0.6393,-1,-1,-1
375,41,914.13,506.96,69.09,205.73,0.5549,-1,-1,-1
375,44,1014.51,52.04,56.72,160.34,0.4206,-1,-1,-1
375,47,1077.05,444.12,67.62,203.06,0.5902,-1,-1,-1
375,54,560.78,567.89,107.88,245.42,0.6324,-1,-1,-1
375,57,790.58,151.37,62.35,167.94,0.3376,-1,-1,-1
376,3,974.66,912.58,78.33,166.64,0.7171,-1,-1,-1
376,4,1720.36,456.83,74.76,209.70,0.6119,-1,-1,-1
376,5,1573.18,647.77,96.48,233.11,0.3188,-1,-1,-1
376,8,341.41,531.83,91.68,235.89,0.6838,-1,-1,-1
376,17,446.97,306.39,69.41,209.02,0.5908,-1,-1,-1
376,28,454.49,549.51,68.40,223.61,0.7416,-1,-1,-1
376,32,853.27,494.84,65.28,215.95,0.5090,-1,-1,-1
376,39,529.41,969.10,105.84,110.91,0.6359,-1,-1,-1
376,41,914.58,507.02,67.77,206.44,0.5748,-1,-1,-1
376,44,1014.16,52.49,56.31,162.43,0.3713,-1,-1,-1
376,47,1079.30,444.62,68.60,201.21,0.5825,-1,-1,-1
376,54,565.56,564.61,105.52,250.11,0.5840,-1,-1,-1
376,57,791.24,153.59,58.44,167.51,0.3243,-1,-1,-1
377,3,972.42,911.55,82.73,167.64,0.7053,-1,-1,-1
377,4,1720.64,456.68,74.12,208.93,0.6236,-1,-1,-1
377,8,338.71,534.01,91.73,231.64,0.6855,-1,-1,-1
377,17,447.63,303.83,69.27,210.85,0.6378,-1,-1,-1
377,28,453.66,550.99,68.34,228.03,0.7338,-1,-1,-1
377,32,852.44,495.48,66.07,214.28,0.5071,-1,-1,-1
377,39,530.35,969.28,104.07,110.62,0.6485,-1,-1,-1
377,41,914.06,508.11,67.71,205.08,0.5751,-1,-1,-1
377,44,1013.27,51.68,56.81,161.42,0.3950,-1,-1,-1
377,47,1080.53,447.22,68.71,200.75,0.5975,-1,-1,-1
377,54,568.71,564.49,104.76,249.60,0.5901,-1,-1,-1
377,57,789.28,153.21,64.07,167.06,0.3005,-1,-1,-1
378,3,974.18,910.10,82.31,169.86,0.7159,-1,-1,-1
378,4,1720.18,456.48,75.46,209.40,0.6188,-1,-1,-1
378,8,338.20,534.67,89.50,230.67,0.6962,-1,-1,-1
378,17,447.71,302.74,71.55,209.90,0.6321,-1,-1,-1
378,28,452.39,553.31,68.86,230.17,0.7250,-1,-1,-1
378,32,851.88,492.37,66.41,223.64,0.5067,-1,-1,-1
378,39,532.99,971.23,101.33,108.75,0.6423,-1,-1,-1
378,41,915.55,509.15,66.07,204.19,0.5561,-1,-1,-1
378,44,1013.60,51.89,55.31,161.82,0.3790,-1,-1,-1
378,47,1084.73,449.26,67.56,197.70,0.6358,-1,-1,-1
378,54,572.98,563.04,98.28,248.81,0.5010,-1,-1,-1
379,3,974.25,909.75,84.26,169.90,0.7198,-1,-1,-1
379,4,1719.80,457.09,76.76,208.44,0.6199,-1,-1,-1
379,8,337.95,535.87,88.12,227.73,0.6948,-1,-1,-1
379,17,447.17,300.97,72.52,208.38,0.6428,-1,-1,-1
379,28,451.01,555.28,70.13,233.37,0.7144,-1,-1,-1
379,32,850.76,492.54,68.35,226.21,0.5169,-1,-1,-1
379,39,535.50,972.73,98.20,107.23,0.6109,-1,-1,-1
379,41,915.98,508.54,66.07,204.90,0.5595,-1,-1,-1
379,44,1013.30,50.97,54.68,164.72,0.3872,-1,-1,-1
379,47,1091.72,448.47,63.72,200.14,0.6337,-1,-1,-1
379,54,579.81,562.06,90.10,248.76,0.4036,-1,-1,-1
380,3,975.12,908.82,84.31,170.43,0.7103,-1,-1,-1
380,4,1720.05,456.46,75.75,209.57,0.6107,-1,-1,-1
380,8,336.84,537.00,88.23,227.02,0.7025,-1,-1,-1
380,17,447.05,298.85,73.17,205.51,0.5915,-1,-1,-1
380,28,449.34,558.79,69.45,230.47,0.7314,-1,-1,-1
380,32,847.97,491.59,72.11,218.74,0.4426,-1,-1,-1
380,35,958.33,34.59,53.94,177.12,0.3062,-1,-1,-1
380,39,537.62,974.11,96.50,105.85,0.6081,-1,-1,-1
380,41,915.59,506.53,67.19,205.17,0.4806,-1,-1,-1
380,44,1012.84,50.05,54.36,165.39,0.4299,-1,-1,-1
380,47,1092.04,448.98,65.79,199.18,0.6023,-1,-1,-1
381,3,975.97,907.89,83.96,171.44,0.7045,-1,-1,-1
381,4,1720.19,456.32,74.32,209.52,0.6324,-1,-1,-1
381,8,336.70,537.69,85.85,235.28,0.7547,-1,-1,-1
381,17,447.32,297.55,72.42,202.95,0.6312,-1,-1,-1
381,28,449.29,561.64,68.30,234.10,0.7347,-1,-1,-1
381,32,847.71,492.60,69.90,219.59,0.3918,-1,-1,-1
381,35,958.17,33.23,54.17,176.63,0.3207,-1,-1,-1
381,39,540.70,977.43,93.90,102.63,0.6081,-1,-1,-1
381,41,917.27,506.53,66.07,204.65,0.4835,-1,-1,-1
381,44,1012.71,49.43,53.91,165.92,0.4501,-1,-1,-1
381,47,1093.28,449.11,66.85,198.25,0.6688,-1,-1,-1
381,54,600.87,562.03,73.25,239.48,0.3209,-1,-1,-1
381,57,788.52,151.76,64.86,169.44,0.3087,-1,-1,-1
382,3,976.13,907.22,84.58,171.56,0.7193,-1,-1,-1
382,4,1719.26,456.87,74.55,208.01,0.6005,-1,-1,-1
382,8,336.59,539.21,84.14,236.16,0.7804,-1,-1,-1
382,17,447.68,294.44,73.35,203.51,0.6233,-1,-1,-1
382,28,448.20,562.05,68.90,235.32,0.7429,-1,-1,-1
382,35,958.81,32.90,54.63,174.74,0.3700,-1,-1,-1
382,39,544.21,980.76,90.79,99.30,0.5994,-1,-1,-1
382,41,916.31,509.72,68.19,203.45,0.4695,-1,-1,-1
382,44,1012.89,48.03,53.23,169.55,0.4642,-1,-1,-1
382,47,1095.10,448.56,67.06,199.99,0.6667,-1,-1,-1
382,57,789.41,151.69,63.96,169.64,0.3057,-1,-1,-1
383,3,978.44,906.30,82.52,172.09,0.6950,-1,-1,-1
383,4,1719.84,456.55,73.71,209.39,0.6006,-1,-1,-1
383,8,335.33,539.91,84.45,235.45,0.7797,-1,-1,-1
383,17,447.86,291.74,74.44,204.24,0.5802,-1,-1,-1
383,28,446.58,561.07,71.66,237.05,0.7658,-1,-1,-1
383,32,850.12,497.09,68.86,213.27,0.3741,-1,-1,-1
383,35,960.48,31.94,53.33,172.37,0.3902,-1,-1,-1
383,39,546.66,989.57,88.78,90.80,0.5859,-1,-1,-1
383,41,915.43,510.74,69.17,202.83,0.4879,-1,-1,-1
383,44,1013.24,47.49,52.75,169.83,0.4480,-1,-1,-1
383,47,1097.60,448.90,67.55,198.25,0.6580,-1,-1,-1
383,56,1772.83,95.47,58.89,166.10,0.3186,-1,-1,-1
383,57,789.03,151.44,64.09,170.25,0.3289,-1,-1,-1
384,1,452.81,75.12,66.04,185.97,0.3057,-1,-1,-1
384,3,979.16,906.38,82.88,172.35,0.6984,-1,-1,-1
384,4,1720.14,456.82,71.46,208.31,0.5856,-1,-1,-1
384,8,335.58,540.50,82.25,237.67,0.7748,-1,-1,-1
384,17,448.10,289.99,74.26,205.98,0.6012,-1,-1,-1
384,28,443.89,564.35,72.95,234.67,0.7714,-1,-1,-1
384,32,850.47,497.10,69.90,211.21,0.4244,-1,-1,-1
384,35,958.71,30.53,54.99,173.32,0.3277,-1,-1,-1
384,39,550.88,993.48,87.09,86.58,0.5777,-1,-1,-1
384,41,916.20,512.92,69.14,201.78,0.5728,-1,-1,-1
384,44,1012.76,46.18,52.81,169.30,0.4228,-1,-1,-1
384,47,1099.44,454.14,71.13,197.33,0.6481,-1,-1,-1
384,56,1771.63,98.29,60.06,163.27,0.3732,-1,-1,-1
384,57,788.13,151.18,65.28,170.42,0.3413,-1,-1,-1
385,1,453.51,74.10,67.23,185.73,0.3203,-1,-1,-1
385,3,980.57,905.88,81.13,172.73,0.7089,-1,-1,-1
385,4,1718.92,457.00,72.43,208.07,0.6486,-1,-1,-1
385,8,334.26,541.31,83.84,239.37,0.7686,-1,-1,-1
385,17,445.16,289.23,77.36,207.75,0.5651,-1,-1,-1
385,28,444.11,563.90,72.44,235.83,0.7674,-1,-1,-1
385,32,850.82,499.41,70.30,208.10,0.4454,-1,-1,-1
385,35,956.95,30.63,57.21,172.14,0.3545,-1,-1,-1
385,39,553.16,997.73,86.70,82.33,0.5668,-1,-1,-1
385,41,920.59,515.14,66.46,203.70,0.5243,-1,-1,-1
385,44,1013.07,45.77,52.18,170.63,0.3896,-1,-1,-1
385,47,1101.94,454.52,72.84,200.28,0.5821,-1,-1,-1
385,56,1771.94,98.58,60.75,164.00,0.3699,-1,-1,-1
385,57,788.49,150.92,65.20,170.73,0.3642,-1,-1,-1
386,1,452.98,73.67,69.13,185.69,0.3303,-1,-1,-1
386,3,982.66,905.08,78.76,173.19,0.6759,-1,-1,-1
386,4,1719.75,457.42,72.52,207.42,0.5985,-1,-1,-1
386,8,332.43,544.35,86.26,239.06,0.7442,-1,-1,-1
386,17,443.45,288.28,80.40,208.45,0.5690,-1,-1,-1
386,28,442.34,565.16,72.25,235.33,0.7521,-1,-1,-1
386,32,850.37,500.13,69.89,208.70,0.4784,-1,-1,-1
386,35,953.64,29.58,59.70,172.12,0.3371,-1,-1,-1
386,39,557.58,1002.35,85.51,77.73,0.5119,-1,-1,-1
386,41,918.28,515.76,69.03,205.19,0.4938,-1,-1,-1
386,44,1011.77,46.06,52.65,164.63,0.3484,-1,-1,-1
386,47,1107.68,456.16,72.23,200.23,0.5336,-1,-1,-1
386,56,1771.61,98.47,64.33,164.63,0.3664,-1,-1,-1
386,57,786.51,150.98,67.18,170.61,0.3583,-1,-1,-1
387,3,984.27,904.60,77.29,173.11,0.6608,-1,-1,-1
387,4,1719.40,458.38,72.94,206.46,0.5508,-1,-1,-1
387,8,331.68,545.70,86.83,244.01,0.7475,-1,-1,-1
387,17,443.45,288.30,82.21,208.28,0.5789,-1,-1,-1
387,28,440.81,565.10,70.65,235.69,0.7457,-1,-1,-1
387,32,850.88,500.06,69.43,211.25,0.4371,-1,-1,-1
387,35,954.19,29.57,59.65,171.37,0.3244,-1,-1,-1
387,39,559.86,1005.57,85.44,74.41,0.5012,-1,-1,-1
387,41,923.26,518.64,65.13,209.59,0.4461,-1,-1,-1
387,44,1011.80,45.34,52.37,162.11,0.3194,-1,-1,-1
387,47,1108.17,458.53,79.79,199.33,0.5176,-1,-1,-1
387,56,1772.48,95.94,62.11,169.45,0.3668,-1,-1,-1
387,57,787.23,150.40,66.21,171.51,0.3466,-1,-1,-1
388,3,984.04,904.49,79.00,173.66,0.6202,-1,-1,-1
388,4,1719.54,457.22,72.03,207.21,0.5456,-1,-1,-1
388,8,328.04,550.42,89.85,247.62,0.7585,-1,-1,-1
388,17,443.13,287.72,82.73,208.62,0.5925,-1,-1,-1
388,28,439.41,567.34,70.69,234.12,0.7461,-1,-1,-1
388,32,850.39,501.94,69.73,209.90,0.4324,-1,-1,-1
388,35,955.43,29.35,57.55,171.88,0.3445,-1,-1,-1
388,39,562.23,1010.41,84.50,69.70,0.4464,-1,-1,-1
388,41,921.82,519.56,67.33,208.61,0.4739,-1,-1,-1
388,44,1011.77,45.17,52.58,158.61,0.3209,-1,-1,-1
388,47,1108.57,462.79,83.55,198.32,0.5451,-1,-1,-1
388,56,1772.12,93.55,64.11,172.88,0.3624,-1,-1,-1
388,57,789.57,150.72,63.55,170.82,0.3476,-1,-1,-1
389,3,984.09,904.79,80.52,173.47,0.6536,-1,-1,-1
389,4,1720.32,457.52,72.24,208.48,0.5552,-1,-1,-1
389,8,326.13,552.15,91.49,245.74,0.7756,-1,-1,-1
389,17,441.60,287.17,83.99,209.11,0.6108,-1,-1,-1
389,28,437.45,567.98,72.86,232.65,0.7651,-1,-1,-1
389,32,850.45,499.50,71.25,195.21,0.4285,-1,-1,-1
389,35,953.47,29.05,58.64,172.06,0.3471,-1,-1,-1
389,39,563.86,1012.93,84.00,66.97,0.4309,-1,-1,-1
389,41,921.42,524.69,70.78,203.32,0.5317,-1,-1,-1
389,44,1011.02,43.89,52.73,161.56,0.3580,-1,-1,-1
389,47,1111.19,463.77,87.31,200.79,0.4800,-1,-1,-1
389,56,1772.50,85.02,62.60,181.44,0.3486,-1,-1,-1
389,57,789.33,150.99,64.09,170.47,0.3568,-1,-1,-1
390,1,455.42,70.89,76.19,189.91,0.3297,-1,-1,-1
390,3,983.45,904.52,81.59,173.53,0.6174,-1,-1,-1
390,4,1720.13,456.63,71.56,208.98,0.5492,-1,-1,-1
390,8,324.11,553.65,90.64,245.23,0.7912,-1,-1,-1
390,17,441.83,287.11,83.25,209.12,0.6382,-1,-1,-1
390,28,436.18,569.12,73.09,231.69,0.7766,-1,-1,-1
390,32,852.05,505.07,69.39,212.61,0.5204,-1,-1,-1
390,35,955.91,28.33,55.71,173.17,0.3587,-1,-1,-1
390,39,567.11,1015.50,83.14,64.39,0.3864,-1,-1,-1
390,41,922.78,526.16,70.44,201.04,0.5937,-1,-1,-1
390,44,1011.14,43.03,53.20,163.79,0.3871,-1,-1,-1
390,47,1118.86,464.47,80.29,201.66,0.4757,-1,-1,-1
390,56,1771.80,88.97,61.03,178.23,0.3544,-1,-1,-1
390,57,790.83,151.34,62.43,169.96,0.3919,-1,-1,-1
391,1,456.31,70.79,76.42,189.05,0.3364,-1,-1,-1
391,3,981.86,904.94,82.54,174.47,0.6166,-1,-1,-1
391,4,1719.77,456.87,73.08,210.51,0.5625,-1,-1,-1
391,8,322.41,556.44,91.56,245.43,0.7920,-1,-1,-1
391,17,442.71,284.76,82.17,209.31,0.6376,-1,-1,-1
391,28,434.25,572.51,74.26,229.08,0.8020,-1,-1,-1
391,32,850.94,507.26,72.10,212.80,0.5873,-1,-1,-1
391,35,953.18,28.32,58.78,172.48,0.4099,-1,-1,-1
391,39,569.59,1016.72,84.41,62.76,0.3882,-1,-1,-1
391,41,923.08,528.04,71.58,208.32,0.6189,-1,-1,-1
391,44,1010.16,42.27,54.47,164.69,0.3629,-1,-1,-1
391,47,1121.59,465.77,78.44,202.11,0.4453,-1,-1,-1
391,56,1770.42,101.59,61.74,166.16,0.3898,-1,-1,-1
391,57,790.60,153.03,60.34,168.62,0.3700,-1,-1,-1
392,1,457.10,71.86,76.07,188.04,0.3391,-1,-1,-1
392,3,980.51,905.04,84.71,173.36,0.6710,-1,-1,-1
392,4,1721.74,456.75,71.35,209.17,0.5862,-1,-1,-1
392,8,320.46,557.07,93.34,248.08,0.8023,-1,-1,-1
392,17,444.26,282.78,79.70,210.85,0.6669,-1,-1,-1
392,28,433.49,574.07,74.86,229.86,0.8104,-1,-1,-1
392,32,851.66,509.42,70.38,226.76,0.5647,-1,-1,-1
392,35,954.42,28.12,57.56,172.41,0.3946,-1,-1,-1
392,39,570.74,1016.62,84.97,63.03,0.4018,-1,-1,-1
392,41,921.65,528.61,74.02,209.25,0.6076,-1,-1,-1
392,44,1010.25,42.03,55.19,161.60,0.3321,-1,-1,-1
392,47,1127.90,467.50,74.19,198.98,0.5122,-1,-1,-1
392,56,1771.97,107.15,60.72,162.36,0.3532,-1,-1,-1
392,57,791.35,153.19,58.69,168.13,0.3891,-1,-1,-1
393,1,458.45,71.93,75.03,186.97,0.3361,-1,-1,-1
393,3,980.33,905.93,84.59,172.29,0.6830,-1,-1,-1
393,4,1721.91,456.66,71.14,209.77,0.5854,-1,-1,-1
393,8,319.38,559.59,94.47,247.60,0.7958,-1,-1,-1
393,17,446.67,279.29,76.98,212.00,0.6620,-1,-1,-1
393,28,432.54,577.04,73.87,230.99,0.8171,-1,-1,-1
393,32,850.14,510.47,72.12,222.74,0.5589,-1,-1,-1
393,35,953.70,28.59,58.07,172.47,0.3862,-1,-1,-1
393,39,573.14,1017.24,84.91,62.55,0.4238,-1,-1,-1
393,41,924.64,529.48,72.88,210.82,0.6582,-1,-1,-1
393,44,1010.21,41.41,55.58,161.20,0.3197,-1,-1,-1
393,47,1132.95,466.37,71.45,201.64,0.5165,-1,-1,-1
393,56,1770.38,110.32,62.70,161.85,0.3668,-1,-1,-1
393,57,791.67,153.09,58.04,168.03,0.3824,-1,-1,-1
394,1,459.86,71.35,74.60,187.13,0.3026,-1,-1,-1
394,3,981.32,906.93,83.50,171.11,0.6815,-1,-1,-1
394,4,1720.23,456.20,71.75,210.86,0.5811,-1,-1,-1
394,8,319.61,560.52,93.22,247.65,0.7911,-1,-1,-1
394,17,448.64,277.30,74.92,212.14,0.6724,-1,-1,-1
394,28,432.35,579.79,71.77,230.44,0.8000,-1,-1,-1
394,32,851.26,512.31,71.70,229.09,0.5168,-1,-1,-1
394,35,954.97,29.60,57.02,171.54,0.3830,-1,-1,-1
394,39,574.24,1017.79,86.95,62.04,0.4425,-1,-1,-1
394,41,926.88,524.04,70.29,213.43,0.6616,-1,-1,-1
394,44,1008.39,40.59,57.39,163.65,0.3463,-1,-1,-1
394,47,1139.13,466.97,68.65,201.82,0.5342,-1,-1,-1
394,56,1768.32,112.00,65.75,161.67,0.3447,-1,-1,-1
394,57,791.04,151.30,61.19,169.39,0.3716,-1,-1,-1
395,3,981.84,906.91,84.17,171.13,0.6671,-1,-1,-1
395,4,1720.76,456.06,71.24,211.63,0.5830,-1,-1,-1
395,8,318.33,560.47,91.58,248.87,0.7875,-1,-1,-1
395,17,450.06,275.44,73.52,209.81,0.6572,-1,-1,-1
395,28,431.80,583.39,70.62,232.05,0.7920,-1,-1,-1
395,32,853.08,515.42,71.46,221.25,0.5649,-1,-1,-1
395,35,954.44,28.46,56.16,172.81,0.4052,-1,-1,-1
395,39,575.09,1019.64,87.33,60.33,0.4024,-1,-1,-1
395,41,927.43,525.06,72.80,212.07,0.6760,-1,-1,-1
395,44,1008.04,39.85,58.65,165.15,0.3475,-1,-1,-1
395,47,1140.53,468.79,70.69,200.80,0.4431,-1,-1,-1
395,56,1770.19,112.40,62.01,162.28,0.3434,-1,-1,-1
395,57,789.72,150.61,63.39,170.17,0.3984,-1,-1,-1
396,3,981.21,907.86,84.74,170.36,0.6858,-1,-1,-1
396,4,1720.74,457.72,71.85,209.06,0.6232,-1,-1,-1
396,8,317.06,562.09,87.66,248.69,0.7875,-1,-1,-1
396,17,450.92,273.90,71.90,205.94,0.6752,-1,-1,-1
396,28,430.74,585.46,71.03,231.07,0.7760,-1,-1,-1
396,32,854.95,518.22,70.34,225.17,0.6069,-1,-1,-1
396,35,953.27,28.81,57.53,171.86,0.4373,-1,-1,-1
396,41,928.68,526.21,71.78,212.00,0.6931,-1,-1,-1
396,44,1008.56,39.68,58.19,163.89,0.3832,-1,-1,-1
396,47,1146.51,468.59,69.03,199.50,0.4849,-1,-1,-1
396,56,1770.02,111.71,60.95,163.15,0.3207,-1,-1,-1
396,57,788.99,150.28,64.10,171.23,0.4023,-1,-1,-1
397,3,981.03,908.35,85.06,170.23,0.7022,-1,-1,-1
397,4,1720.40,457.81,72.72,209.14,0.6301,-1,-1,-1
397,8,315.96,562.01,86.00,249.40,0.7930,-1,-1,-1
397,17,452.13,271.86,70.59,201.88,0.6855,-1,-1,-1
397,28,430.21,587.63,69.69,231.50,0.7713,-1,-1,-1
397,32,852.95,518.92,74.36,207.62,0.6179,-1,-1,-1
397,35,952.90,28.85,56.97,170.39,0.4219,-1,-1,-1
397,41,929.03,527.96,72.49,209.07,0.6868,-1,-1,-1
397,44,1007.59,39.48,59.77,165.77,0.3287,-1,-1,-1
397,47,1148.03,471.81,70.79,197.27,0.4756,-1,-1,-1
397,56,1769.54,113.90,60.35,160.82,0.3345,-1,-1,-1
397,57,788.99,150.19,63.82,171.07,0.4060,-1,-1,-1
398,1,462.14,70.88,76.94,185.85,0.3604,-1,-1,-1
398,3,982.41,908.23,82.32,170.31,0.7214,-1,-1,-1
398,4,1720.16,458.81,72.74,208.22,0.5912,-1,-1,-1
398,8,313.79,562.88,85.34,248.47,0.7893,-1,-1,-1
398,17,451.28,270.28,72.75,200.38,0.6636,-1,-1,-1
398,28,430.06,589.06,66.01,236.42,0.7511,-1,-1,-1
398,32,856.69,520.05,71.00,223.80,0.6068,-1,-1,-1
398,35,953.88,29.31,55.96,169.42,0.4315,-1,-1,-1
398,41,931.99,530.92,68.28,206.08,0.6510,-1,-1,-1
398,44,1006.25,41.37,59.51,160.01,0.3555,-1,-1,-1
398,47,1151.37,469.35,74.15,200.08,0.5295,-1,-1,-1
398,57,788.87,150.33,63.75,170.55,0.4148,-1,-1,-1
399,1,463.61,70.86,76.33,186.69,0.3728,-1,-1,-1
399,3,983.53,908.69,81.41,171.28,0.7311,-1,-1,-1
399,4,1720.65,458.58,72.16,208.14,0.5767,-1,-1,-1
399,8,312.65,563.24,84.96,246.45,0.7838,-1,-1,-1
399,17,452.67,266.97,72.99,202.71,0.6445,-1,-1,-1
399,28,429.23,591.06,66.65,236.90,0.7535,-1,-1,-1
399,32,856.24,520.09,72.60,222.56,0.6084,-1,-1,-1
399,35,952.94,29.21,55.52,167.85,0.4412,-1,-1,-1
399,41,933.16,531.64,69.48,206.03,0.6660,-1,-1,-1
399,44,1007.82,40.92,57.23,158.20,0.3579,-1,-1,-1
399,47,1154.84,466.96,75.19,205.77,0.5756,-1,-1,-1
399,57,789.07,150.10,63.09,169.96,0.4054,-1,-1,-1
400,1,465.81,70.88,74.01,188.04,0.4270,-1,-1,-1
400,3,984.40,909.52,80.60,170.04,0.7246,-1,-1,-1
400,4,1720.50,457.63,72.11,208.37,0.5436,-1,-1,-1
400,8,312.25,565.13,84.12,242.58,0.7863,-1,-1,-1
400,17,452.10,266.57,73.89,203.37,0.6444,-1,-1,-1
400,28,428.63,592.48,65.80,237.16,0.7664,-1,-1,-1
400,32,857.18,521.24,72.37,224.18,0.6055,-1,-1,-1
400,35,951.53,27.33,56.64,168.68,0.4438,-1,-1,-1
400,41,930.64,533.45,72.10,206.30,0.6484,-1,-1,-1
400,44,1006.95,40.47,58.64,158.50,0.3670,-1,-1,-1
400,47,1157.83,470.48,73.18,205.84,0.5751,-1,-1,-1
400,57,788.30,149.94,64.84,170.65,0.4445,-1,-1,-1
401,1,465.81,70.83,74.45,187.83,0.4777,-1,-1,-1
401,3,983.87,911.10,78.72,168.40,0.7077,-1,-1,-1
401,4,1721.33,456.39,70.27,210.29,0.5082,-1,-1,-1
401,8,310.02,566.71,85.73,238.58,0.7850,-1,-1,-1
401,17,451.17,266.18,75.71,203.10,0.6432,-1,-1,-1
401,28,428.02,593.56,66.81,237.24,0.7536,-1,-1,-1
401,32,856.99,520.82,73.38,228.03,0.6110,-1,-1,-1
401,35,951.04,24.81,57.18,169.71,0.4787,-1,-1,-1
401,41,935.31,535.22,68.97,206.43,0.6574,-1,-1,-1
401,44,1006.55,39.43,58.82,159.96,0.4224,-1,-1,-1
401,47,1163.60,471.52,71.83,207.29,0.6032,-1,-1,-1
401,57,788.72,150.56,64.03,169.78,0.4213,-1,-1,-1
402,1,466.48,70.74,73.56,188.93,0.4641,-1,-1,-1
402,3,985.27,912.61,76.69,167.26,0.7041,-1,-1,-1
402,4,1721.10,455.58,71.55,211.28,0.5201,-1,-1,-1
402,8,308.30,568.69,87.36,240.86,0.7815,-1,-1,-1
402,17,451.98,265.41,75.76,204.57,0.6368,-1,-1,-1
402,28,427.90,594.73,65.61,236.36,0.7496,-1,-1,-1
402,32,856.14,522.15,74.82,227.90,0.6058,-1,-1,-1
402,35,949.99,22.14,58.23,170.49,0.4370,-1,-1,-1
402,41,934.56,536.41,71.31,209.19,0.6376,-1,-1,-1
402,44,1005.71,38.73,58.18,159.69,0.4423,-1,-1,-1
402,47,1165.29,475.05,76.64,200.43,0.5433,-1,-1,-1
402,57,788.99,150.63,64.26,169.74,0.4295,-1,-1,-1
403,1,466.00,70.98,72.96,189.29,0.4481,-1,-1,-1
403,3,984.94,913.90,75.61,165.31,0.7161,-1,-1,-1
403,4,1721.54,459.50,71.64,208.23,0.5068,-1,-1,-1
403,8,307.64,571.52,85.19,245.02,0.7803,-1,-1,-1
403,17,452.39,265.23,76.00,204.90,0.6439,-1,-1,-1
403,28,426.66,596.07,65.06,235.93,0.7420,-1,-1,-1
403,32,856.84,522.75,75.50,227.19,0.6415,-1,-1,-1
403,35,950.30,22.10,57.04,164.37,0.4124,-1,-1,-1
403,41,933.24,538.10,72.94,206.94,0.6351,-1,-1,-1
403,44,1005.06,38.62,58.82,158.80,0.4417,-1,-1,-1
403,47,1169.63,479.40,75.69,198.30,0.3751,-1,-1,-1
403,57,790.69,150.69,63.14,169.88,0.4411,-1,-1,-1
404,1,466.84,70.95,71.56,188.17,0.4280,-1,-1,-1
404,3,985.47,916.01,74.14,163.37,0.6959,-1,-1,-1
404,4,1721.26,460.11,70.90,207.07,0.4495,-1,-1,-1
404,8,307.12,574.51,84.34,246.70,0.7799,-1,-1,-1
404,17,453.37,264.13,74.68,206.96,0.6609,-1,-1,-1
404,28,425.30,596.70,66.48,235.05,0.7299,-1,-1,-1
404,32,857.05,522.82,75.75,226.67,0.6506,-1,-1,-1
404,35,950.62,20.91,55.05,163.51,0.3861,-1,-1,-1
404,41,932.78,540.36,72.46,212.47,0.6119,-1,-1,-1
404,44,1003.23,37.60,60.01,157.78,0.4408,-1,-1,-1
404,47,1171.41,483.07,78.72,199.72,0.4733,-1,-1,-1
404,57,791.36,150.44,62.18,169.74,0.4132,-1,-1,-1
405,1,466.79,70.75,71.43,187.62,0.4072,-1,-1,-1
405,3,985.16,918.38,73.62,160.86,0.6974,-1,-1,-1
405,4,1721.75,456.61,73.22,209.03,0.4621,-1,-1,-1
405,8,306.23,575.75,82.80,249.37,0.7703,-1,-1,-1
405,17,452.94,263.87,75.55,206.13,0.6715,-1,-1,-1
405,28,422.25,598.29,68.50,233.97,0.7476,-1,-1,-1
405,32,858.60,523.83,78.37,227.24,0.6712,-1,-1,-1
405,35,950.60,20.35,53.41,160.18,0.3813,-1,-1,-1
405,41,935.70,541.34,70.32,214.09,0.6423,-1,-1,-1
405,44,1002.47,37.07,59.76,156.05,0.4035,-1,-1,-1
405,47,1172.48,484.05,80.95,201.16,0.5425,-1,-1,-1
405,57,790.35,149.85,63.33,170.26,0.4119,-1,-1,-1
406,1,466.66,70.40,71.39,186.95,0.3901,-1,-1,-1
406,3,983.68,918.95,75.77,160.26,0.7103,-1,-1,-1
406,4,1721.98,457.00,74.08,209.28,0.4898,-1,-1,-1
406,8,305.73,577.76,82.24,249.88,0.7537,-1,-1,-1
406,17,452.28,263.13,78.04,204.01,0.6597,-1,-1,-1
406,28,420.01,600.18,69.00,231.77,0.7347,-1,-1,-1
406,32,859.68,526.16,78.40,226.97,0.6863,-1,-1,-1
406,35,951.61,19.21,52.48,160.14,0.3905,-1,-1,-1
406,41,932.22,544.26,75.21,213.84,0.6615,-1,-1,-1
406,44,1002.32,36.45,58.25,155.78,0.3741,-1,-1,-1
406,47,1177.74,486.27,79.82,203.72,0.4504,-1,-1,-1
406,57,791.43,151.07,58.18,169.78,0.4453,-1,-1,-1
406,59,1611.80,604.52,73.69,252.02,0.4264,-1,-1,-1
407,1,467.50,69.75,71.23,185.79,0.3871,-1,-1,-1
407,3,982.72,920.65,75.58,158.18,0.6981,-1,-1,-1
407,4,1721.75,458.92,74.78,207.26,0.4469,-1,-1,-1
407,8,305.18,580.10,81.47,248.32,0.7589,-1,-1,-1
407,17,453.67,263.02,76.47,203.73,0.6780,-1,-1,-1
407,28,418.15,600.15,66.81,231.46,0.7571,-1,-1,-1
407,32,857.43,526.58,79.73,236.24,0.6437,-1,-1,-1
407,35,949.66,18.13,54.34,160.63,0.3665,-1,-1,-1
407,41,933.37,546.04,72.22,216.94,0.6853,-1,-1,-1
407,44,1002.26,35.51,58.52,156.23,0.4417,-1,-1,-1
407,47,1181.72,486.69,77.85,202.64,0.3584,-1,-1,-1
407,57,789.73,149.77,62.65,170.52,0.4510,-1,-1,-1
407,60,1649.24,47.54,63.71,169.98,0.3452,-1,-1,-1
408,1,467.58,69.61,70.58,185.35,0.3255,-1,-1,-1
408,3,981.82,922.92,75.96,154.79,0.7116,-1,-1,-1
408,4,1721.42,455.62,72.32,211.63,0.4582,-1,-1,-1
408,8,303.33,583.39,81.71,250.23,0.7557,-1,-1,-1
408,17,454.07,261.21,76.40,205.37,0.6792,-1,-1,-1
408,28,417.03,604.11,70.36,230.51,0.7636,-1,-1,-1
408,32,859.41,527.26,78.16,239.16,0.6623,-1,-1,-1
408,35,949.65,19.33,54.39,160.50,0.3598,-1,-1,-1
408,41,930.99,547.39,74.53,214.31,0.6936,-1,-1,-1
408,44,1003.11,35.87,57.10,155.62,0.4346,-1,-1,-1
408,47,1187.59,486.60,73.96,204.90,0.4291,-1,-1,-1
408,54,700.39,559.39,59.88,231.49,0.3159,-1,-1,-1
408,57,789.36,149.87,62.65,170.40,0.4599,-1,-1,-1
408,60,1649.70,48.79,65.91,168.57,0.3179,-1,-1,-1
409,1,466.97,69.45,70.91,183.33,0.3413,-1,-1,-1
409,3,981.30,924.24,76.68,153.66,0.6881,-1,-1,-1
409,4,1721.66,452.98,71.89,213.52,0.5249,-1,-1,-1
409,8,301.83,585.48,81.35,250.19,0.7667,-1,-1,-1
409,17,456.69,259.99,74.10,202.92,0.6621,-1,-1,-1
409,28,415.43,608.73,70.31,231.38,0.7629,-1,-1,-1
409,32,860.13,530.60,78.80,240.65,0.6322,-1,-1,-1
409,35,951.47,18.94,52.13,161.06,0.3860,-1,-1,-1
409,41,933.02,548.81,72.86,212.31,0.6870,-1,-1,-1
409,44,1003.43,35.57,57.03,156.33,0.4254,-1,-1,-1
409,47,1197.70,486.95,68.29,204.10,0.4698,-1,-1,-1
409,57,789.50,149.83,63.58,170.35,0.4266,-1,-1,-1
409,60,1651.05,50.28,66.53,168.23,0.3013,-1,-1,-1
410,1,465.62,66.96,71.91,187.42,0.3190,-1,-1,-1
410,3,981.13,925.22,76.30,152.57,0.6906,-1,-1,-1
410,4,1722.21,449.78,71.45,217.20,0.5461,-1,-1,-1
410,8,297.63,586.26,85.05,251.56,0.7945,-1,-1,-1
410,17,458.13,259.25,72.79,199.39,0.6667,-1,-1,-1
410,28,414.08,609.98,69.34,234.69,0.7295,-1,-1,-1
410,32,860.37,533.02,75.69,243.25,0.6341,-1,-1,-1
410,35,949.21,19.05,54.71,161.70,0.4011,-1,-1,-1
410,41,934.39,550.77,70.97,211.98,0.7032,-1,-1,-1
410,44,1003.33,35.58,57.01,156.44,0.4377,-1,-1,-1
410,47,1207.10,487.97,61.20,202.54,0.4730,-1,-1,-1
410,54,702.63,557.89,89.63,236.52,0.3417,-1,-1,-1
410,57,789.87,149.97,63.57,170.04,0.4285,-1,-1,-1
410,59,1576.88,619.35,105.45,236.03,0.3295,-1,-1,-1
410,60,1650.50,47.40,70.65,175.67,0.3168,-1,-1,-1
411,3,979.23,925.55,78.94,151.89,0.6895,-1,-1,-1
411,4,1721.89,449.00,72.07,219.32,0.5377,-1,-1,-1
411,8,297.06,587.54,83.05,249.36,0.7970,-1,-1,-1
411,17,457.85,257.10,72.47,196.63,0.6786,-1,-1,-1
411,28,412.07,612.77,69.19,234.03,0.7072,-1,-1,-1
411,32,862.80,535.75,72.42,243.52,0.6578,-1,-1,-1
411,35,949.91,18.43,52.89,161.64,0.3550,-1,-1,-1
411,41,934.23,551.21,70.52,210.58,0.6876,-1,-1,-1
411,44,1002.88,34.80,55.95,156.23,0.4038,-1,-1,-1
411,47,1209.21,486.73,64.19,205.33,0.4238,-1,-1,-1
411,54,703.01,559.21,91.84,236.41,0.3316,-1,-1,-1
411,57,788.42,149.98,64.60,169.94,0.4347,-1,-1,-1
411,59,1577.51,619.30,104.22,235.99,0.3717,-1,-1,-1
411,60,1651.45,47.48,71.86,178.29,0.3083,-1,-1,-1
412,3,978.39,925.52,81.46,152.65,0.7054,-1,-1,-1
412,4,1722.01,448.22,72.11,219.68,0.5731,-1,-1,-1
412,8,295.54,587.93,82.12,248.84,0.7994,-1,-1,-1
412,17,456.47,253.94,73.64,197.68,0.6563,-1,-1,-1
412,28,406.36,614.42,72.32,236.24,0.7283,-1,-1,-1
412,32,862.66,538.18,73.43,235.57,0.6554,-1,-1,-1
412,35,951.12,18.52,53.84,164.67,0.3702,-1,-1,-1
412,41,936.80,552.95,68.10,209.45,0.6720,-1,-1,-1
412,44,1003.08,34.62,55.29,157.95,0.4114,-1,-1,-1
412,47,1211.54,486.25,64.97,205.85,0.5110,-1,-1,-1
412,54,704.60,559.18,95.48,238.27,0.3805,-1,-1,-1
412,57,789.85,151.20,60.25,168.96,0.4162,-1,-1,-1
412,59,1576.75,617.95,103.51,237.02,0.3906,-1,-1,-1
413,3,977.26,926.87,83.11,150.62,0.6954,-1,-1,-1
413,4,1722.78,451.25,71.91,217.15,0.5495,-1,-1,-1
413,8,292.30,589.71,84.53,246.86,0.7894,-1,-1,-1
413,17,455.80,251.28,73.94,199.02,0.6538,-1,-1,-1
413,28,406.45,616.41,71.28,235.23,0.7389,-1,-1,-1
413,32,864.29,539.83,71.42,239.55,0.6424,-1,-1,-1
413,35,949.10,18.39,56.05,166.59,0.3722,-1,-1,-1
413,41,938.59,552.97,67.57,209.43,0.6480,-1,-1,-1
413,44,1002.97,34.72,54.76,156.95,0.4344,-1,-1,-1
413,47,1216.43,495.35,62.93,197.88,0.5866,-1,-1,-1
413,54,704.94,558.89,95.23,239.08,0.4021,-1,-1,-1
413,57,788.38,150.94,61.87,169.69,0.4324,-1,-1,-1
413,59,1577.61,615.22,103.41,238.86,0.4377,-1,-1,-1
414,3,976.77,927.18,84.59,150.30,0.7040,-1,-1,-1
414,4,1721.68,458.28,71.94,210.69,0.4780,-1,-1,-1
414,8,291.58,589.92,84.41,247.13,0.7820,-1,-1,-1
414,17,453.10,249.08,75.99,201.45,0.6629,-1,-1,-1
414,28,406.18,618.40,70.78,236.40,0.7248,-1,-1,-1
414,32,865.54,540.65,69.84,243.18,0.6481,-1,-1,-1
414,35,949.36,16.65,53.67,166.20,0.3824,-1,-1,-1
414,41,930.64,555.93,77.34,205.40,0.6700,-1,-1,-1
414,44,1002.89,34.76,55.02,156.17,0.4126,-1,-1,-1
414,47,1221.19,486.12,66.75,205.89,0.5254,-1,-1,-1
414,54,705.65,559.41,95.66,238.92,0.4068,-1,-1,-1
414,57,787.89,149.96,65.33,169.76,0.4166,-1,-1,-1
414,59,1576.20,613.19,110.08,244.01,0.5768,-1,-1,-1
414,60,1655.50,57.14,74.94,177.64,0.3449,-1,-1,-1
415,3,977.08,928.58,86.84,148.89,0.7249,-1,-1,-1
415,4,1722.47,451.91,72.57,215.52,0.4946,-1,-1,-1
415,8,290.37,591.96,84.60,245.12,0.7816,-1,-1,-1
415,17,450.60,249.32,79.24,199.13,0.6195,-1,-1,-1
415,28,403.75,619.86,70.91,238.22,0.7211,-1,-1,-1
415,32,866.28,542.18,69.62,244.01,0.6306,-1,-1,-1
415,35,950.85,14.23,51.63,167.73,0.3409,-1,-1,-1
415,41,932.62,557.23,77.80,205.40,0.6420,-1,-1,-1
415,44,1002.94,34.35,55.19,156.21,0.4046,-1,-1,-1
415,47,1221.29,494.44,71.93,201.64,0.5825,-1,-1,-1
415,54,706.80,559.71,94.10,240.08,0.3909,-1,-1,-1
415,57,787.43,150.10,66.52,169.53,0.3851,-1,-1,-1
415,59,1573.77,614.69,111.32,241.82,0.5361,-1,-1,-1
415,60,1658.58,62.97,73.09,174.00,0.3689,-1,-1,-1
416,1,459.51,65.54,74.29,194.35,0.3086,-1,-1,-1
416,3,976.00,928.70,88.33,148.75,0.7303,-1,-1,-1
416,4,1721.28,452.23,74.33,215.23,0.4781,-1,-1,-1
416,8,290.75,592.87,83.67,242.28,0.7907,-1,-1,-1
416,17,448.65,249.23,80.79,198.89,0.6009,-1,-1,-1
416,28,401.35,620.96,72.55,238.19,0.7395,-1,-1,-1
416,32,866.46,542.89,69.10,242.81,0.6034,-1,-1,-1
416,41,934.03,558.81,76.46,206.71,0.6430,-1,-1,-1
416,44,1003.11,33.64,55.12,157.52,0.4390,-1,-1,-1
416,47,1226.51,488.61,78.42,207.30,0.4214,-1,-1,-1
416,54,708.12,559.69,93.44,239.90,0.3873,-1,-1,-1
416,57,788.71,150.64,61.48,170.20,0.3915,-1,-1,-1
416,59,1575.41,613.59,109.01,243.38,0.5601,-1,-1,-1
416,60,1659.15,64.61,71.39,176.66,0.4686,-1,-1,-1
417,1,461.22,64.70,73.69,195.24,0.3052,-1,-1,-1
417,3,976.13,929.94,88.78,147.37,0.7107,-1,-1,-1
417,4,1721.11,455.10,72.41,213.05,0.4830,-1,-1,-1
417,8,289.47,595.96,85.40,240.15,0.7693,-1,-1,-1
417,17,446.42,250.34,82.57,197.72,0.5980,-1,-1,-1
417,28,398.46,623.66,73.78,234.27,0.7413,-1,-1,-1
417,32,866.74,543.31,66.99,228.45,0.5605,-1,-1,-1
417,35,949.86,12.56,52.30,169.48,0.3028,-1,-1,-1
417,41,934.33,561.03,77.44,204.07,0.6163,-1,-1,-1
417,44,1003.05,33.55,55.06,157.62,0.4515,-1,-1,-1
417,47,1229.17,490.98,85.36,208.30,0.5257,-1,-1,-1
417,54,713.84,558.53,86.80,239.26,0.3778,-1,-1,-1
417,57,786.01,149.95,67.22,170.24,0.3537,-1,-1,-1
417,59,1573.73,610.22,108.23,246.50,0.5615,-1,-1,-1
417,60,1659.55,66.53,73.00,174.47,0.3269,-1,-1,-1
418,3,974.94,930.48,91.07,147.27,0.7074,-1,-1,-1
418,4,1720.41,453.79,73.50,214.56,0.4690,-1,-1,-1
418,8,288.65,597.35,85.73,241.95,0.7827,-1,-1,-1
418,17,445.31,249.85,83.62,198.60,0.5497,-1,-1,-1
418,28,395.50,623.29,73.97,235.54,0.7810,-1,-1,-1
418,32,866.83,545.08,68.28,217.57,0.5149,-1,-1,-1
418,35,948.49,11.71,53.46,169.49,0.3284,-1,-1,-1
418,41,936.85,562.45,75.66,205.29,0.6010,-1,-1,-1
418,44,1003.92,32.97,54.38,156.56,0.4391,-1,-1,-1
418,47,1229.01,490.88,92.70,211.57,0.5416,-1,-1,-1
418,54,718.54,557.98,80.79,239.50,0.3823,-1,-1,-1
418,57,787.45,149.47,65.88,170.58,0.3385,-1,-1,-1
418,59,1574.79,614.56,104.40,242.04,0.5849,-1,-1,-1
418,60,1660.96,67.49,72.89,174.04,0.4223,-1,-1,-1
419,3,973.98,931.23,93.19,146.35,0.7164,-1,-1,-1
419,4,1720.89,447.96,73.15,219.73,0.5305,-1,-1,-1
419,8,287.90,599.50,86.56,245.90,0.7873,-1,-1,-1
419,17,446.00,249.50,83.19,199.28,0.5466,-1,-1,-1
419,28,393.85,623.09,73.36,236.35,0.7939,-1,-1,-1
419,32,867.59,546.32,68.40,213.95,0.5412,-1,-1,-1
419,35,948.64,8.93,55.06,173.63,0.3673,-1,-1,-1
419,41,944.03,564.61,69.03,213.28,0.5486,-1,-1,-1
419,44,1004.46,31.99,54.43,157.17,0.4796,-1,-1,-1
419,47,1229.85,493.23,92.73,211.62,0.4787,-1,-1,-1
419,54,724.21,558.27,72.90,238.21,0.4191,-1,-1,-1
419,57,789.03,149.52,64.87,170.43,0.3509,-1,-1,-1
419,59,1574.32,615.31,106.35,241.06,0.5873,-1,-1,-1
419,60,1662.54,65.44,71.60,178.19,0.3886,-1,-1,-1
420,3,974.24,931.15,94.93,146.82,0.7010,-1,-1,-1
420,4,1722.17,449.42,73.55,216.46,0.4990,-1,-1,-1
420,8,287.49,601.16,86.43,249.57,0.7782,-1,-1,-1
420,17,447.51,249.06,81.87,198.65,0.5255,-1,-1,-1
420,28,392.21,624.31,74.89,235.64,0.7863,-1,-1,-1
420,32,867.88,545.48,69.66,218.09,0.5591,-1,-1,-1
420,35,949.45,9.30,52.71,171.26,0.3838,-1,-1,-1
420,41,944.25,567.71,70.45,211.32,0.5340,-1,-1,-1
420,44,1005.18,30.66,53.97,158.21,0.4893,-1,-1,-1
420,47,1231.06,491.21,89.83,216.62,0.4168,-1,-1,-1
420,54,726.19,558.78,72.21,239.93,0.4165,-1,-1,-1
420,57,789.22,148.99,65.36,170.50,0.3416,-1,-1,-1
420,59,1575.34,615.00,102.16,240.59,0.5887,-1,-1,-1
421,3,974.43,931.95,93.59,146.29,0.7085,-1,-1,-1
421,4,1721.86,456.32,74.60,213.07,0.4893,-1,-1,-1
421,8,286.04,602.89,88.42,254.21,0.7641,-1,-1,-1
421,17,445.27,246.82,84.16,199.67,0.5855,-1,-1,-1
421,28,390.90,624.72,74.98,235.42,0.7875,-1,-1,-1
421,32,867.34,546.96,71.65,219.75,0.5200,-1,-1,-1
421,35,949.74,8.64,54.37,171.01,0.3884,-1,-1,-1
421,41,945.70,571.86,70.71,212.39,0.4534,-1,-1,-1
421,44,1005.70,28.92,53.89,158.59,0.5088,-1,-1,-1
421,47,1232.71,498.79,93.61,211.69,0.3862,-1,-1,-1
421,54,729.05,558.90,69.37,238.41,0.4808,-1,-1,-1
421,57,792.84,149.78,57.80,171.46,0.3682,-1,-1,-1
421,59,1574.57,624.72,100.18,231.56,0.5485,-1,-1,-1
422,3,975.16,931.22,92.96,146.88,0.7210,-1,-1,-1
422,4,1720.43,459.67,73.62,206.75,0.5261,-1,-1,-1
422,8,284.58,604.78,92.74,258.41,0.7470,-1,-1,-1
422,17,447.61,244.97,79.32,201.54,0.6082,-1,-1,-1
422,28,390.56,627.24,75.63,232.39,0.7814,-1,-1,-1
422,32,869.09,549.81,71.52,225.22,0.4379,-1,-1,-1
422,35,948.57,8.69,53.77,164.69,0.3747,-1,-1,-1
422,41,947.83,574.87,67.46,209.23,0.5531,-1,-1,-1
422,44,1005.91,27.81,53.81,156.16,0.4731,-1,-1,-1
422,47,1240.04,501.78,88.74,207.64,0.3871,-1,-1,-1
422,54,731.03,561.16,68.71,229.95,0.5278,-1,-1,-1
422,57,792.38,149.16,58.12,171.56,0.3526,-1,-1,-1
422,59,1573.94,625.55,99.75,230.17,0.4853,-1,-1,-1
423,3,976.17,930.80,92.97,146.91,0.6958,-1,-1,-1
423,4,1720.99,458.98,73.55,207.36,0.5458,-1,-1,-1
423,8,284.98,607.44,93.05,257.78,0.7405,-1,-1,-1
423,17,447.76,242.75,78.12,201.65,0.5941,-1,-1,-1
423,28,389.16,630.02,76.14,233.07,0.7808,-1,-1,-1
423,32,863.09,542.19,79.73,162.96,0.3624,-1,-1,-1
423,35,947.61,7.54,55.07,162.91,0.3814,-1,-1,-1
423,41,947.39,576.34,68.83,209.15,0.5579,-1,-1,-1
423,44,1006.74,25.74,53.07,155.60,0.4418,-1,-1,-1
423,54,735.57,560.73,67.24,228.20,0.6165,-1,-1,-1
423,57,792.27,149.00,58.33,172.14,0.3342,-1,-1,-1
423,59,1575.16,625.01,97.81,230.27,0.4357,-1,-1,-1
423,61,1760.69,102.70,68.16,197.80,0.3407,-1,-1,-1
424,3,976.74,931.68,91.99,146.08,0.7093,-1,-1,-1
424,4,1720.83,461.35,73.68,205.84,0.5562,-1,-1,-1
424,8,284.62,609.63,91.47,256.77,0.7514,-1,-1,-1
424,17,447.76,242.73,76.41,201.78,0.5972,-1,-1,-1
424,28,385.53,632.23,82.54,236.50,0.7808,-1,-1,-1
424,32,869.40,555.22,70.53,213.32,0.3868,-1,-1,-1
424,35,945.49,6.45,56.70,164.44,0.4192,-1,-1,-1
424,41,947.65,577.84,71.00,209.10,0.5913,-1,-1,-1
424,44,1007.24,23.79,52.67,156.85,0.4637,-1,-1,-1
424,54,736.63,560.17,72.94,231.24,0.6618,-1,-1,-1
424,56,1761.49,128.64,54.40,171.44,0.3074,-1,-1,-1
424,57,793.14,149.51,57.03,171.27,0.3702,-1,-1,-1
424,59,1579.51,635.69,90.09,220.16,0.4270,-1,-1,-1
424,60,1668.24,72.81,62.59,171.84,0.3064,-1,-1,-1
425,3,978.60,931.70,91.45,146.38,0.6975,-1,-1,-1
425,4,1720.44,460.16,74.14,207.44,0.5447,-1,-1,-1
425,8,283.73,611.45,93.49,258.80,0.7281,-1,-1,-1
425,17,447.59,239.25,75.94,202.42,0.6361,-1,-1,-1
425,28,384.64,633.59,82.13,238.30,0.7597,-1,-1,-1
425,32,864.10,545.03,80.49,162.97,0.3482,-1,-1,-1
425,35,942.80,5.47,59.72,164.20,0.3898,-1,-1,-1
425,41,947.09,575.66,75.37,208.06,0.5781,-1,-1,-1
425,44,1007.47,22.86,52.54,157.58,0.4301,-1,-1,-1
425,54,738.78,559.50,76.92,236.96,0.6251,-1,-1,-1
425,56,1761.59,129.19,52.60,172.42,0.3283,-1,-1,-1
425,57,793.81,150.02,56.19,170.16,0.3775,-1,-1,-1
425,59,1577.34,635.51,90.34,220.66,0.4290,-1,-1,-1
426,3,979.94,931.74,91.68,146.87,0.7120,-1,-1,-1
426,4,1720.94,459.80,75.73,207.68,0.5635,-1,-1,-1
426,8,283.89,613.74,91.87,258.72,0.7227,-1,-1,-1
426,17,447.42,237.41,74.88,198.39,0.6273,-1,-1,-1
426,28,384.24,635.52,81.22,239.06,0.7307,-1,-1,-1
426,32,869.87,558.97,73.12,214.51,0.4857,-1,-1,-1
426,35,942.44,4.62,60.18,165.44,0.4245,-1,-1,-1
426,41,947.80,576.87,75.83,208.04,0.6223,-1,-1,-1
426,44,1008.03,22.01,52.72,158.52,0.4387,-1,-1,-1
426,47,1270.43,504.70,70.41,203.22,0.3302,-1,-1,-1
426,54,740.47,560.11,78.51,239.16,0.6269,-1,-1,-1
426,56,1764.86,128.99,47.71,174.93,0.3353,-1,-1,-1
426,57,791.21,149.49,57.69,171.49,0.3393,-1,-1,-1
426,59,1577.66,636.83,89.69,218.98,0.3638,-1,-1,-1
427,3,981.38,930.47,91.00,148.33,0.7067,-1,-1,-1
427,4,1719.21,462.11,75.29,205.86,0.5424,-1,-1,-1
427,8,281.95,614.92,94.19,259.75,0.7049,-1,-1,-1
427,17,447.80,236.97,74.49,194.94,0.6148,-1,-1,-1
427,28,382.75,638.17,88.41,240.97,0.6814,-1,-1,-1
427,32,869.68,557.81,74.45,222.66,0.5286,-1,-1,-1
427,35,942.35,4.26,60.05,165.78,0.4088,-1,-1,-1
427,41,949.53,577.96,76.02,209.21,0.6070,-1,-1,-1
427,44,1007.88,21.85,52.97,158.57,0.4387,-1,-1,-1
427,47,1285.59,502.13,60.61,195.20,0.3009,-1,-1,-1
427,54,742.42,560.50,78.19,242.52,0.5611,-1,-1,-1
427,56,1764.10,128.84,49.47,176.44,0.3797,-1,-1,-1
427,57,792.85,149.91,58.08,171.09,0.3955,-1,-1,-1
427,59,1576.52,631.42,88.55,223.38,0.3219,-1,-1,-1
428,3,982.25,929.89,91.65,148.87,0.7258,-1,-1,-1
428,4,1716.96,462.57,77.68,204.83,0.5272,-1,-1,-1
428,8,281.23,617.97,94.66,258.76,0.7028,-1,-1,-1
428,17,447.90,234.71,73.93,193.10,0.6391,-1,-1,-1
428,28,382.28,642.08,74.04,237.28,0.7222,-1,-1,-1
428,32,870.85,560.88,76.39,230.35,0.6007,-1,-1,-1
428,35,943.20,3.51,59.17,166.74,0.3718,-1,-1,-1
428,41,952.13,578.31,74.94,210.67,0.6468,-1,-1,-1
428,44,1007.98,21.67,53.12,158.67,0.4334,-1,-1,-1
428,47,1289.46,502.60,62.18,210.87,0.4021,-1,-1,-1
428,54,744.62,561.71,82.65,243.13,0.6019,-1,-1,-1
428,56,1763.50,129.28,50.05,177.16,0.3979,-1,-1,-1
428,57,792.28,149.13,61.03,171.03,0.4033,-1,-1,-1
428,59,1577.10,632.55,88.19,223.38,0.3745,-1,-1,-1
429,3,983.51,930.29,90.72,148.43,0.7322,-1,-1,-1
429,4,1719.48,460.93,77.24,207.63,0.5470,-1,-1,-1
429,8,280.03,617.74,94.88,256.02,0.7233,-1,-1,-1
429,17,446.65,234.31,75.44,192.22,0.5974,-1,-1,-1
429,28,381.53,644.68,73.04,237.86,0.7132,-1,-1,-1
429,32,871.34,563.02,76.45,225.26,0.6410,-1,-1,-1
429,35,942.45,3.33,59.31,167.41,0.3725,-1,-1,-1
429,41,955.32,579.31,72.36,209.90,0.6488,-1,-1,-1
429,44,1007.73,20.72,53.44,162.63,0.4507,-1,-1,-1
429,47,1287.41,505.67,66.77,209.02,0.3998,-1,-1,-1
429,54,747.69,562.60,85.25,247.60,0.6671,-1,-1,-1
429,56,1762.96,136.63,47.00,169.06,0.3195,-1,-1,-1
429,57,793.30,148.74,57.49,172.16,0.3995,-1,-1,-1
429,59,1576.44,635.67,88.05,221.32,0.4367,-1,-1,-1
430,3,988.03,929.41,86.97,149.16,0.7070,-1,-1,-1
430,4,1720.56,464.62,76.43,203.05,0.5222,-1,-1,-1
430,8,279.22,620.21,93.04,255.44,0.7242,-1,-1,-1
430,17,446.00,232.22,75.92,193.51,0.5610,-1,-1,-1
430,28,379.39,647.08,72.37,241.97,0.7087,-1,-1,-1
430,32,872.35,564.22,75.75,225.74,0.5902,-1,-1,-1
430,35,942.89,3.14,58.96,167.68,0.3147,-1,-1,-1
430,41,956.48,580.78,74.09,207.48,0.6310,-1,-1,-1
430,44,1008.04,21.17,53.45,160.87,0.4021,-1,-1,-1
430,47,1288.57,519.24,70.95,194.61,0.3789,-1,-1,-1
430,54,749.79,563.30,87.05,245.03,0.6755,-1,-1,-1
430,57,794.41,147.97,56.28,173.02,0.3810,-1,-1,-1
430,59,1575.75,634.19,88.71,222.26,0.4737,-1,-1,-1
431,3,989.38,928.63,85.89,149.89,0.6962,-1,-1,-1
431,4,1722.79,461.85,71.84,207.74,0.5384,-1,-1,-1
431,8,279.97,621.31,91.90,253.78,0.7542,-1,-1,-1
431,17,445.21,230.49,75.47,194.51,0.5680,-1,-1,-1
431,28,377.18,648.71,73.35,240.13,0.7412,-1,-1,-1
431,32,872.19,566.48,77.66,225.61,0.6155,-1,-1,-1
431,35,943.28,3.42,58.46,167.53,0.3740,-1,-1,-1
431,41,959.62,581.87,71.34,206.66,0.6157,-1,-1,-1
431,44,1008.52,20.83,53.40,158.94,0.3968,-1,-1,-1
431,54,752.12,563.38,86.80,244.62,0.6968,-1,-1,-1
431,57,788.62,149.17,65.05,171.32,0.3766,-1,-1,-1
431,59,1575.94,632.99,88.40,222.57,0.4187,-1,-1,-1
432,3,991.79,927.08,83.46,151.42,0.7002,-1,-1,-1
432,4,1721.64,462.05,72.44,206.22,0.5636,-1,-1,-1
432,8,278.85,623.03,92.09,250.79,0.7414,-1,-1,-1
432,17,444.70,228.39,75.78,196.64,0.5819,-1,-1,-1
432,28,377.03,649.98,74.14,238.81,0.7334,-1,-1,-1
432,32,873.77,569.20,74.75,224.71,0.6105,-1,-1,-1
432,35,943.52,3.79,59.24,168.63,0.3584,-1,-1,-1
432,41,959.99,583.08,72.49,207.24,0.6274,-1,-1,-1
432,44,1008.11,21.54,53.56,158.78,0.4154,-1,-1,-1
432,54,753.66,564.39,86.74,246.24,0.7274,-1,-1,-1
432,57,792.74,147.97,57.94,172.70,0.4035,-1,-1,-1
432,59,1574.36,627.42,89.93,228.52,0.4534,-1,-1,-1
433,3,993.00,927.77,83.57,150.52,0.6875,-1,-1,-1
433,4,1722.22,463.19,74.96,204.62,0.5227,-1,-1,-1
433,8,279.18,622.35,89.09,249.05,0.7520,-1,-1,-1
433,17,444.42,227.42,76.36,197.49,0.6027,-1,-1,-1
433,28,375.87,651.76,74.06,237.99,0.7008,-1,-1,-1
433,32,875.84,569.96,74.94,221.53,0.6065,-1,-1,-1
433,35,942.71,3.46,59.92,170.23,0.4320,-1,-1,-1
433,41,963.05,583.89,70.74,210.23,0.5926,-1,-1,-1
433,44,1007.65,20.93,54.34,159.67,0.4049,-1,-1,-1
433,54,755.07,564.90,86.16,249.14,0.7079,-1,-1,-1
433,57,793.79,147.74,57.29,173.24,0.3873,-1,-1,-1
433,59,1574.37,626.19,87.86,228.89,0.3971,-1,-1,-1
434,3,995.17,928.00,83.24,149.97,0.7308,-1,-1,-1
434,4,1724.02,464.61,72.36,202.85,0.4749,-1,-1,-1
434,8,278.76,623.74,89.16,248.25,0.7393,-1,-1,-1
434,17,445.27,226.73,75.34,198.35,0.5977,-1,-1,-1
434,28,373.11,652.51,76.99,237.26,0.7259,-1,-1,-1
434,32,879.21,571.04,73.78,222.07,0.6033,-1,-1,-1
434,35,942.84,3.45,58.39,169.93,0.4260,-1,-1,-1
434,41,963.09,586.34,72.22,211.67,0.6025,-1,-1,-1
434,44,1007.56,21.01,54.75,158.76,0.4219,-1,-1,-1
434,54,756.61,566.45,84.68,249.13,0.7276,-1,-1,-1
434,57,793.38,148.69,57.61,171.75,0.4266,-1,-1,-1
434,59,1574.16,630.48,87.97,224.67,0.3816,-1,-1,-1
435,3,997.40,926.47,82.44,151.47,0.7072,-1,-1,-1
435,4,1723.98,464.93,72.54,203.66,0.4895,-1,-1,-1
435,8,278.13,624.57,89.03,248.57,0.7551,-1,-1,-1
435,17,444.92,225.95,75.48,199.20,0.5998,-1,-1,-1
435,28,370.67,652.67,77.48,238.82,0.7217,-1,-1,-1
435,32,879.05,571.81,76.23,219.67,0.6096,-1,-1,-1
435,35,942.78,4.39,57.72,167.88,0.4248,-1,-1,-1
435,41,965.46,587.49,69.83,217.53,0.6062,-1,-1,-1
435,44,1006.70,20.35,56.04,159.06,0.3905,-1,-1,-1
435,47,1312.25,520.74,85.00,185.58,0.3747,-1,-1,-1
435,54,758.68,566.35,81.81,249.64,0.7064,-1,-1,-1
435,57,794.12,147.93,56.03,171.98,0.3998,-1,-1,-1
435,59,1573.80,629.92,86.83,224.37,0.3785,-1,-1,-1
436,3,998.87,926.36,83.77,151.28,0.6918,-1,-1,-1
436,4,1724.58,466.12,71.90,201.53,0.4643,-1,-1,-1
436,8,276.81,625.54,89.29,252.23,0.7627,-1,-1,-1
436,17,444.84,225.30,75.36,200.28,0.6232,-1,-1,-1
436,28,368.68,653.55,76.69,237.50,0.7305,-1,-1,-1
436,32,879.79,572.90,75.20,209.80,0.6295,-1,-1,-1
436,35,943.71,3.07,56.65,169.19,0.4333,-1,-1,-1
436,41,967.82,588.11,69.52,223.70,0.6187,-1,-1,-1
436,44,1006.34,19.54,56.35,157.56,0.3969,-1,-1,-1
436,47,1315.66,521.73,85.61,181.94,0.4838,-1,-1,-1
436,54,759.70,566.59,80.49,250.62,0.6867,-1,-1,-1
436,57,792.67,148.88,57.81,171.14,0.4053,-1,-1,-1
436,59,1574.41,635.94,82.27,217.33,0.3276,-1,-1,-1
437,3,1000.77,924.93,84.00,152.81,0.7146,-1,-1,-1
437,4,1723.47,465.67,73.45,200.56,0.5036,-1,-1,-1
437,8,275.29,627.83,89.90,257.28,0.7763,-1,-1,-1
437,17,446.45,223.83,73.12,199.86,0.6121,-1,-1,-1
437,28,368.18,654.78,76.30,235.85,0.7367,-1,-1,-1
437,32,881.21,574.45,74.58,216.82,0.6402,-1,-1,-1
437,35,942.82,3.39,56.45,166.51,0.4459,-1,-1,-1
437,41,967.49,589.91,69.09,224.23,0.6094,-1,-1,-1
437,44,1005.97,18.38,56.69,157.67,0.4088,-1,-1,-1
437,47,1320.57,527.01,79.55,178.07,0.4389,-1,-1,-1
437,54,760.43,566.71,80.59,251.18,0.6855,-1,-1,-1
437,57,793.80,148.68,56.39,171.13,0.3991,-1,-1,-1
437,59,1574.64,638.53,80.12,213.98,0.3283,-1,-1,-1
438,3,1004.12,925.70,83.22,152.32,0.7073,-1,-1,-1
438,4,1723.06,463.89,71.09,204.36,0.5341,-1,-1,-1
438,8,273.59,630.76,89.66,261.33,0.7686,-1,-1,-1
438,17,446.98,224.85,72.79,198.22,0.6165,-1,-1,-1
438,28,367.59,656.36,74.20,235.96,0.7399,-1,-1,-1
438,32,881.27,575.10,75.50,224.50,0.6689,-1,-1,-1
438,35,942.67,2.53,55.91,165.50,0.4114,-1,-1,-1
438,41,966.88,592.02,72.07,225.57,0.5798,-1,-1,-1
438,44,1005.91,16.70,56.25,157.73,0.3377,-1,-1,-1
438,47,1323.38,531.02,81.07,175.27,0.3236,-1,-1,-1
438,54,762.71,567.32,78.13,251.80,0.6778,-1,-1,-1
438,57,792.66,148.60,58.11,170.67,0.4232,-1,-1,-1
438,59,1573.28,635.21,75.01,216.54,0.3567,-1,-1,-1
439,3,1005.94,925.67,84.45,152.68,0.6935,-1,-1,-1
439,4,1722.70,461.41,71.14,205.40,0.5582,-1,-1,-1
439,8,275.36,631.57,84.99,262.72,0.7550,-1,-1,-1
439,17,448.32,224.39,71.72,199.75,0.6157,-1,-1,-1
439,28,365.55,656.90,75.63,236.26,0.7629,-1,-1,-1
439,32,882.34,575.73,76.68,226.52,0.6671,-1,-1,-1
439,35,942.53,0.87,54.70,165.01,0.4090,-1,-1,-1
439,41,966.67,595.34,72.51,224.89,0.5633,-1,-1,-1
439,44,1006.38,15.19,56.10,156.87,0.3238,-1,-1,-1
439,54,764.53,568.74,77.14,250.56,0.6470,-1,-1,-1
439,57,792.97,147.53,57.97,172.26,0.4348,-1,-1,-1
439,59,1572.38,637.01,72.45,216.33,0.3066,-1,-1,-1
440,3,1007.34,925.40,85.59,152.86,0.6972,-1,-1,-1
440,4,1723.52,460.94,70.63,205.52,0.6071,-1,-1,-1
440,8,271.63,634.03,89.59,261.91,0.7626,-1,-1,-1
440,17,447.22,223.13,73.12,199.29,0.6124,-1,-1,-1
440,28,367.54,657.01,72.18,242.07,0.7498,-1,-1,-1
440,32,883.05,576.30,77.23,225.53,0.6684,-1,-1,-1
440,35,941.51,0.56,55.03,161.07,0.4343,-1,-1,-1
440,41,966.58,596.82,74.59,224.20,0.5853,-1,-1,-1
440,44,1005.61,14.28,55.94,153.32,0.3644,-1,-1,-1
440,54,767.15,568.76,75.52,249.81,0.6693,-1,-1,-1
440,57,794.34,147.16,56.21,172.40,0.4462,-1,-1,-1
441,3,1009.97,924.24,84.93,154.53,0.7325,-1,-1,-1
441,4,1723.52,459.61,70.55,206.70,0.5941,-1,-1,-1
441,8,269.74,636.63,90.75,258.95,0.7676,-1,-1,-1
441,17,447.12,220.28,72.42,200.01,0.6134,-1,-1,-1
441,28,365.81,659.74,72.50,246.81,0.7757,-1,-1,-1
441,32,886.54,576.33,72.46,217.22,0.6603,-1,-1,-1
441,35,941.63,0.21,54.92,158.93,0.4088,-1,-1,-1
441,41,964.44,598.93,77.21,221.60,0.5202,-1,-1,-1
441,44,1005.30,13.41,56.19,152.26,0.3683,-1,-1,-1
441,47,1344.61,530.62,69.04,195.44,0.3895,-1,-1,-1
441,54,771.29,570.10,69.62,250.51,0.6537,-1,-1,-1
441,57,792.96,147.59,57.13,171.64,0.4633,-1,-1,-1
442,3,1011.59,924.34,85.56,154.09,0.7427,-1,-1,-1
442,4,1724.81,459.34,68.97,207.87,0.5854,-1,-1,-1
442,8,266.49,638.96,90.68,260.39,0.7724,-1,-1,-1
442,17,447.06,218.36,72.22,197.16,0.5449,-1,-1,-1
442,28,362.77,662.82,74.57,245.31,0.7717,-1,-1,-1
442,32,886.73,577.85,73.95,216.96,0.6405,-1,-1,-1
442,35,940.83,0.17,55.96,156.23,0.4213,-1,-1,-1
442,41,966.47,599.51,75.63,220.81,0.5358,-1,-1,-1
442,44,1004.81,12.30,56.24,153.08,0.3804,-1,-1,-1
442,47,1362.65,526.45,58.07,198.70,0.3797,-1,-1,-1
442,54,774.59,570.78,67.45,251.20,0.6382,-1,-1,-1
442,57,793.73,147.72,55.60,171.26,0.4318,-1,-1,-1
443,3,1012.97,924.51,86.36,154.56,0.7337,-1,-1,-1
443,4,1724.93,459.47,68.88,207.59,0.5816,-1,-1,-1
443,8,262.26,641.00,91.76,260.67,0.7559,-1,-1,-1
443,17,447.74,217.15,72.19,194.00,0.5325,-1,-1,-1
443,28,359.32,665.89,76.41,245.38,0.7663,-1,-1,-1
443,32,884.47,581.26,77.42,229.31,0.6011,-1,-1,-1
443,35,937.73,-0.16,57.19,156.45,0.4308,-1,-1,-1
443,41,967.04,601.43,74.30,220.62,0.4738,-1,-1,-1
443,44,1004.62,11.95,56.71,153.76,0.3920,-1,-1,-1
443,47,1362.00,527.23,64.67,206.24,0.4459,-1,-1,-1
443,54,776.33,570.55,68.44,249.77,0.6221,-1,-1,-1
443,57,793.93,147.65,55.35,172.06,0.4224,-1,-1,-1
444,3,1015.57,925.07,84.95,154.24,0.7497,-1,-1,-1
444,4,1725.36,458.95,68.72,208.35,0.5788,-1,-1,-1
444,8,258.89,643.57,93.67,257.79,0.7690,-1,-1,-1
444,17,445.96,215.30,73.65,191.05,0.5111,-1,-1,-1
444,28,358.67,668.58,75.82,246.88,0.7725,-1,-1,-1
444,32,885.89,583.18,75.21,230.60,0.6191,-1,-1,-1
444,35,938.30,-0.46,56.09,157.51,0.4113,-1,-1,-1
444,41,966.44,602.55,76.06,219.75,0.4638,-1,-1,-1
444,44,1004.67,12.06,56.65,152.61,0.3931,-1,-1,-1
444,54,779.05,570.88,67.48,252.49,0.6432,-1,-1,-1
444,57,792.25,147.26,56.12,171.79,0.4181,-1,-1,-1
445,3,1016.16,923.65,85.09,155.80,0.7426,-1,-1,-1
445,4,1724.36,458.05,69.30,208.28,0.5721,-1,-1,-1
445,8,256.21,643.71,93.88,256.93,0.7529,-1,-1,-1
445,17,444.77,213.95,73.75,190.95,0.5377,-1,-1,-1
445,28,358.56,672.60,74.57,242.60,0.7518,-1,-1,-1
445,32,884.93,584.56,76.04,229.36,0.6495,-1,-1,-1
445,35,940.16,-0.31,55.54,156.61,0.4241,-1,-1,-1
445,41,966.37,602.24,76.88,221.36,0.5778,-1,-1,-1
445,44,1005.87,10.99,55.70,156.88,0.3944,-1,-1,-1
445,54,779.66,571.41,70.81,251.70,0.6488,-1,-1,-1
445,57,793.41,147.99,55.00,172.50,0.4055,-1,-1,-1
446,3,1019.31,923.49,82.82,154.89,0.7476,-1,-1,-1
446,4,1724.82,457.77,68.55,209.12,0.5625,-1,-1,-1
446,8,252.84,645.32,96.01,255.69,0.7522,-1,-1,-1
446,17,444.30,212.24,73.40,192.23,0.5334,-1,-1,-1
446,28,356.71,674.91,74.28,245.08,0.7413,-1,-1,-1
446,32,884.27,586.72,77.29,236.26,0.6286,-1,-1,-1
446,35,941.95,-0.02,53.06,154.53,0.4123,-1,-1,-1
446,41,964.30,603.16,78.54,218.80,0.5974,-1,-1,-1
446,44,1004.42,11.55,56.67,155.22,0.3788,-1,-1,-1
446,54,782.29,572.03,72.21,249.56,0.6330,-1,-1,-1
446,57,793.75,147.75,54.06,172.64,0.3862,-1,-1,-1
447,3,1020.09,921.69,82.52,157.76,0.7501,-1,-1,-1
447,4,1721.59,458.34,71.71,209.55,0.5636,-1,-1,-1
447,8,251.96,647.23,97.02,254.55,0.7632,-1,-1,-1
447,17,444.32,210.95,72.83,193.97,0.5186,-1,-1,-1
447,28,355.12,676.52,74.83,244.36,0.7557,-1,-1,-1
447,32,884.26,588.97,77.03,235.90,0.6176,-1,-1,-1
447,35,942.15,-0.18,51.69,153.98,0.3907,-1,-1,-1
447,41,967.50,607.60,76.64,210.32,0.5581,-1,-1,-1
447,44,1004.78,11.49,55.82,154.62,0.3495,-1,-1,-1
447,54,784.75,572.26,72.82,248.57,0.6364,-1,-1,-1
447,57,792.76,148.85,58.75,171.93,0.3549,-1,-1,-1
448,3,1022.34,921.20,80.49,157.82,0.7502,-1,-1,-1
448,4,1719.96,458.05,73.47,209.75,0.5695,-1,-1,-1
448,8,250.91,647.53,96.31,253.47,0.7706,-1,-1,-1
448,17,442.57,210.32,73.44,193.63,0.5446,-1,-1,-1
448,28,353.84,678.37,73.95,243.14,0.7585,-1,-1,-1
448,32,882.35,591.11,80.05,242.78,0.6489,-1,-1,-1
448,35,940.64,-0.26,52.24,154.08,0.4614,-1,-1,-1
448,41,967.58,608.18,76.27,211.93,0.6531,-1,-1,-1
448,44,1004.63,11.74,55.60,154.61,0.4224,-1,-1,-1
448,54,786.09,571.93,76.43,248.47,0.6536,-1,-1,-1
448,57,794.10,148.96,56.60,171.39,0.3677,-1,-1,-1
449,3,1023.03,922.14,80.66,156.97,0.7503,-1,-1,-1
449,4,1723.19,457.14,74.38,209.68,0.5459,-1,-1,-1
449,8,251.65,647.83,95.10,252.76,0.7614,-1,-1,-1
449,17,442.85,209.96,72.48,193.39,0.5240,-1,-1,-1
449,28,350.24,678.73,76.06,242.70,0.7629,-1,-1,-1
449,32,881.84,593.70,81.75,245.92,0.6599,-1,-1,-1
449,35,938.44,-0.34,52.75,154.47,0.4381,-1,-1,-1
449,41,966.07,610.00,79.21,210.88,0.6526,-1,-1,-1
449,44,1005.01,11.92,55.14,153.85,0.3977,-1,-1,-1
449,54,786.80,572.86,77.18,247.60,0.6551,-1,-1,-1
449,57,793.30,149.05,57.86,171.40,0.3744,-1,-1,-1
450,3,1024.47,920.47,79.15,158.00,0.7473,-1,-1,-1
450,4,1723.25,457.38,73.45,209.83,0.5642,-1,-1,-1
450,8,249.31,649.95,96.35,248.91,0.7589,-1,-1,-1
450,17,442.78,209.52,71.63,194.44,0.5358,-1,-1,-1
450,28,347.78,678.51,78.22,243.03,0.7609,-1,-1,-1
450,32,881.61,594.02,82.97,245.71,0.6518,-1,-1,-1
450,35,938.70,-0.20,52.24,153.68,0.4795,-1,-1,-1
450,41,969.20,611.29,76.10,211.60,0.6552,-1,-1,-1
450,44,1004.96,11.77,55.47,153.15,0.3956,-1,-1,-1
450,54,787.49,573.68,77.81,246.49,0.6372,-1,-1,-1
450,57,794.16,148.81,56.48,171.60,0.3725,-1,-1,-1
451,3,1026.04,922.22,78.03,157.70,0.7439,-1,-1,-1
451,4,1718.80,458.18,74.75,208.75,0.5199,-1,-1,-1
451,8,250.27,651.96,92.23,246.23,0.7250,-1,-1,-1
451,17,440.51,209.31,73.55,194.01,0.5076,-1,-1,-1
451,28,346.14,680.15,77.40,243.96,0.7554,-1,-1,-1
451,32,881.46,597.16,82.34,243.28,0.6080,-1,-1,-1
451,35,938.24,-0.27,52.84,154.15,0.4595,-1,-1,-1
451,41,971.89,612.57,74.71,216.83,0.6075,-1,-1,-1
451,44,1004.93,12.12,54.97,153.30,0.3784,-1,-1,-1
451,54,789.35,575.44,75.63,243.95,0.6333,-1,-1,-1
451,57,796.14,148.96,51.04,170.56,0.3660,-1,-1,-1
452,3,1027.09,922.09,77.22,157.91,0.7639,-1,-1,-1
452,4,1718.69,458.54,75.04,208.58,0.5371,-1,-1,-1
452,8,250.01,653.65,91.34,250.59,0.7525,-1,-1,-1
452,17,440.13,208.33,74.18,195.20,0.4617,-1,-1,-1
452,28,342.93,680.11,79.94,241.61,0.7864,-1,-1,-1
452,32,885.07,597.98,79.34,244.00,0.6392,-1,-1,-1
452,35,938.13,-0.51,52.58,156.71,0.4921,-1,-1,-1
452,41,972.63,614.24,76.52,220.72,0.6030,-1,-1,-1
452,44,1004.57,12.27,55.03,152.57,0.3808,-1,-1,-1
452,47,1412.82,542.03,71.54,155.53,0.3922,-1,-1,-1
452,54,792.11,575.60,75.08,245.15,0.6450,-1,-1,-1
452,57,796.50,148.34,50.77,170.09,0.3514,-1,-1,-1
452,59,1558.65,620.99,65.50,229.88,0.4182,-1,-1,-1
453,3,1027.55,921.49,76.95,158.50,0.7543,-1,-1,-1
453,4,1718.06,458.96,75.73,208.38,0.5330,-1,-1,-1
453,8,249.51,656.45,90.35,253.24,0.7495,-1,-1,-1
453,17,440.85,208.49,71.83,195.73,0.4324,-1,-1,-1
453,28,341.48,680.35,80.58,241.28,0.7834,-1,-1,-1
453,32,889.37,599.52,75.76,241.48,0.6336,-1,-1,-1
453,35,937.68,-0.21,52.55,156.18,0.5078,-1,-1,-1
453,41,972.73,617.24,77.08,221.18,0.6078,-1,-1,-1
453,44,1004.85,11.84,54.89,152.68,0.4045,-1,-1,-1
453,47,1423.56,544.35,69.29,154.86,0.3838,-1,-1,-1
453,54,794.71,577.41,75.98,244.99,0.6387,-1,-1,-1
453,57,795.32,147.95,50.92,172.18,0.3078,-1,-1,-1
453,59,1545.63,617.15,80.84,233.48,0.4650,-1,-1,-1
454,3,1026.92,921.00,77.74,158.99,0.7552,-1,-1,-1
454,4,1716.00,457.71,77.53,208.52,0.5616,-1,-1,-1
454,8,247.95,657.34,91.88,256.17,0.7521,-1,-1,-1
454,17,445.00,208.08,66.92,196.99,0.4458,-1,-1,-1
454,28,339.90,681.39,82.85,240.60,0.7978,-1,-1,-1
454,32,883.44,600.30,82.69,240.53,0.6417,-1,-1,-1
454,35,937.04,-0.06,53.02,155.82,0.5302,-1,-1,-1
454,41,977.36,618.88,73.06,220.16,0.6455,-1,-1,-1
454,44,1005.62,11.19,53.80,153.57,0.4116,-1,-1,-1
454,47,1425.99,544.15,68.71,157.01,0.3619,-1,-1,-1
454,54,796.30,578.15,73.56,243.89,0.6215,-1,-1,-1
454,57,795.06,148.07,54.25,171.45,0.3311,-1,-1,-1
454,59,1558.55,621.93,64.81,230.10,0.4468,-1,-1,-1
454,66,1661.11,359.79,66.51,189.81,0.4124,-1,-1,-1
455,3,1028.19,922.05,77.29,157.99,0.7529,-1,-1,-1
455,4,1715.28,457.87,78.59,209.94,0.5581,-1,-1,-1
455,8,246.77,658.28,93.69,259.54,0.7569,-1,-1,-1
455,17,441.59,204.28,71.33,197.92,0.4556,-1,-1,-1
455,28,339.88,683.09,79.79,242.64,0.7862,-1,-1,-1
455,32,885.81,600.94,80.67,235.71,0.6320,-1,-1,-1
455,35,937.64,0.14,51.58,155.31,0.5346,-1,-1,-1
455,41,977.03,621.90,76.59,216.09,0.6435,-1,-1,-1
455,44,1005.85,10.89,53.72,152.92,0.4312,-1,-1,-1
455,54,796.94,579.69,75.35,242.53,0.6459,-1,-1,-1
455,57,793.48,148.00,56.09,171.22,0.3225,-1,-1,-1
455,59,1541.05,615.13,83.29,235.40,0.4991,-1,-1,-1
455,66,1661.46,359.38,65.25,190.77,0.3732,-1,-1,-1
456,3,1028.49,921.94,77.96,158.06,0.7448,-1,-1,-1
456,4,1716.21,457.98,77.35,209.77,0.5721,-1,-1,-1
456,8,245.88,660.67,93.30,262.00,0.7581,-1,-1,-1
456,17,443.71,203.76,67.31,198.27,0.5163,-1,-1,-1
456,28,337.50,684.55,80.69,247.20,0.7767,-1,-1,-1
456,32,885.03,601.61,84.18,235.91,0.6556,-1,-1,-1
456,35,937.92,0.08,51.23,154.33,0.5443,-1,-1,-1
456,41,979.09,623.95,76.25,219.97,0.6811,-1,-1,-1
456,44,1006.23,9.57,53.28,153.30,0.4678,-1,-1,-1
456,54,798.25,581.18,74.25,241.18,0.6527,-1,-1,-1
456,57,794.00,146.06,55.85,172.69,0.3077,-1,-1,-1
456,59,1550.95,614.85,73.65,236.58,0.4729,-1,-1,-1
456,66,1658.96,359.46,66.00,191.97,0.3938,-1,-1,-1
457,3,1028.31,922.15,78.31,157.87,0.7306,-1,-1,-1
457,4,1715.13,458.07,78.70,209.25,0.6010,-1,-1,-1
457,8,244.18,662.77,94.97,262.04,0.7619,-1,-1,-1
457,17,444.82,201.38,65.88,198.32,0.5362,-1,-1,-1
457,28,336.05,688.54,79.07,249.28,0.7935,-1,-1,-1
457,32,886.83,602.56,83.77,237.36,0.6549,-1,-1,-1
457,35,937.81,0.12,51.16,152.77,0.5351,-1,-1,-1
457,41,980.23,624.91,75.07,221.97,0.6708,-1,-1,-1
457,44,1006.15,9.43,53.54,150.56,0.4524,-1,-1,-1
457,54,800.19,581.46,71.79,241.51,0.6690,-1,-1,-1
457,57,791.89,145.37,58.29,174.56,0.3197,-1,-1,-1
457,59,1550.73,614.57,73.35,238.47,0.4565,-1,-1,-1
457,66,1658.85,359.45,65.16,189.38,0.4065,-1,-1,-1
458,3,1028.12,921.59,79.72,158.40,0.7396,-1,-1,-1
458,4,1715.00,458.23,79.12,210.14,0.5700,-1,-1,-1
458,8,242.95,665.75,96.60,262.12,0.7638,-1,-1,-1
458,17,446.10,199.53,64.28,195.31,0.5317,-1,-1,-1
458,28,335.22,691.86,78.91,247.64,0.7933,-1,-1,-1
458,32,894.51,603.92,77.65,239.02,0.6841,-1,-1,-1
458,35,935.82,0.09,52.92,151.71,0.4903,-1,-1,-1
458,41,980.21,625.27,78.00,222.38,0.6740,-1,-1,-1
458,44,1005.89,8.65,54.25,148.40,0.4154,-1,-1,-1
458,54,801.92,583.67,74.51,240.72,0.6576,-1,-1,-1
458,57,796.56,145.56,53.52,174.03,0.3023,-1,-1,-1
458,59,1551.09,613.85,72.67,238.45,0.4577,-1,-1,-1
458,66,1657.41,358.62,63.65,189.81,0.4433,-1,-1,-1
459,3,1027.55,921.21,80.65,158.65,0.7310,-1,-1,-1
459,4,1717.63,458.35,76.27,209.47,0.5413,-1,-1,-1
459,8,242.53,668.11,96.14,265.46,0.7719,-1,-1,-1
459,17,445.74,196.76,64.75,193.44,0.4999,-1,-1,-1
459,28,334.53,695.66,76.95,245.87,0.8080,-1,-1,-1
459,32,896.30,605.58,77.08,238.25,0.6813,-1,-1,-1
459,35,935.75,0.41,52.85,148.30,0.4691,-1,-1,-1
459,41,980.85,627.62,79.67,221.48,0.6877,-1,-1,-1
459,44,1007.81,7.73,52.07,146.02,0.3968,-1,-1,-1
459,54,803.90,583.98,76.27,240.66,0.6422,-1,-1,-1
459,59,1551.46,614.27,70.86,238.35,0.4907,-1,-1,-1
459,66,1655.32,357.08,63.93,189.57,0.3799,-1,-1,-1
459,67,1836.39,382.56,74.59,200.79,0.3715,-1,-1,-1
460,3,1027.75,921.43,80.89,158.56,0.7354,-1,-1,-1
460,4,1717.92,456.96,75.82,211.39,0.5457,-1,-1,-1
460,8,242.32,668.20,96.36,267.56,0.7748,-1,-1,-1
460,17,444.83,195.19,66.44,190.39,0.5144,-1,-1,-1
460,28,334.54,698.94,77.33,242.15,0.8116,-1,-1,-1
460,32,897.96,607.14,78.15,240.41,0.7076,-1,-1,-1
460,35,933.91,0.25,55.39,147.22,0.5077,-1,-1,-1
460,41,982.36,628.15,78.45,220.71,0.6722,-1,-1,-1
460,44,1008.37,5.92,50.94,146.61,0.4398,-1,-1,-1
460,54,805.80,583.87,78.49,240.88,0.6625,-1,-1,-1
460,57,795.86,145.98,54.18,173.59,0.3152,-1,-1,-1
460,59,1552.38,616.00,68.14,237.27,0.4465,-1,-1,-1
460,67,1831.23,379.56,78.50,208.37,0.3329,-1,-1,-1
461,3,1027.61,921.82,81.49,158.19,0.7365,-1,-1,-1
461,4,1719.83,457.59,74.23,210.17,0.5476,-1,-1,-1
461,8,241.77,669.97,98.29,266.13,0.7844,-1,-1,-1
461,17,444.80,193.35,65.90,190.02,0.5138,-1,-1,-1
461,28,334.70,702.40,77.09,244.90,0.8070,-1,-1,-1
461,32,898.64,609.96,78.98,240.17,0.7093,-1,-1,-1
461,35,933.92,0.96,55.48,145.26,0.4429,-1,-1,-1
461,41,983.02,629.28,78.76,220.87,0.6586,-1,-1,-1
461,44,1007.72,5.13,52.07,148.13,0.4040,-1,-1,-1
461,54,807.83,582.89,79.43,240.53,0.6707,-1,-1,-1
461,57,796.82,145.39,53.65,173.72,0.3443,-1,-1,-1
461,59,1551.37,613.06,68.37,238.84,0.4312,-1,-1,-1
461,67,1826.42,378.46,77.14,202.85,0.3261,-1,-1,-1
462,3,1027.50,921.62,80.95,158.29,0.7498,-1,-1,-1
462,4,1720.61,455.30,73.92,213.51,0.5332,-1,-1,-1
462,8,242.56,671.59,93.63,264.19,0.7662,-1,-1,-1
462,17,443.73,192.82,66.88,189.42,0.5091,-1,-1,-1
462,28,332.58,703.74,79.27,248.34,0.8079,-1,-1,-1
462,32,899.29,611.51,79.29,239.41,0.7144,-1,-1,-1
462,35,933.07,2.80,56.93,142.62,0.3588,-1,-1,-1
462,41,983.95,630.64,79.67,219.04,0.6686,-1,-1,-1
462,44,1007.72,4.52,52.38,149.22,0.4001,-1,-1,-1
462,54,809.48,583.38,81.82,242.42,0.6680,-1,-1,-1
462,57,798.27,145.47,51.88,173.89,0.3495,-1,-1,-1
462,59,1554.33,619.35,64.82,233.79,0.3258,-1,-1,-1
462,67,1825.53,377.83,87.23,207.98,0.3072,-1,-1,-1
463,3,1027.28,921.32,81.12,158.67,0.7400,-1,-1,-1
463,4,1719.81,456.68,74.50,211.44,0.5607,-1,-1,-1
463,8,242.45,673.59,92.67,264.52,0.7677,-1,-1,-1
463,17,443.94,194.13,67.81,188.28,0.4822,-1,-1,-1
463,28,332.15,703.98,79.29,249.72,0.8071,-1,-1,-1
463,32,901.04,613.68,78.73,235.59,0.7067,-1,-1,-1
463,35,934.32,3.34,55.24,141.62,0.4157,-1,-1,-1
463,41,986.70,630.91,77.99,215.21,0.6904,-1,-1,-1
463,44,1006.62,4.03,54.17,150.26,0.4364,-1,-1,-1
463,54,810.77,583.38,84.98,243.18,0.6871,-1,-1,-1
463,57,796.81,144.58,53.70,174.38,0.3635,-1,-1,-1
463,59,1553.43,614.51,65.28,237.06,0.3084,-1,-1,-1
463,67,1820.33,375.62,76.01,203.08,0.3667,-1,-1,-1
464,3,1026.79,920.99,81.47,159.01,0.7489,-1,-1,-1
464,4,1719.13,455.71,75.04,212.25,0.5242,-1,-1,-1
464,8,240.98,675.41,96.32,264.17,0.7494,-1,-1,-1
464,17,444.07,191.80,70.69,190.49,0.4858,-1,-1,-1
464,28,334.65,705.49,75.75,250.77,0.8035,-1,-1,-1
464,32,902.73,616.17,77.59,233.77,0.6802,-1,-1,-1
464,35,934.56,2.41,54.96,142.91,0.3833,-1,-1,-1
464,41,985.95,632.15,77.90,217.09,0.6616,-1,-1,-1
464,44,1006.60,3.04,54.51,151.82,0.4628,-1,-1,-1
464,54,811.73,584.66,88.95,244.73,0.6955,-1,-1,-1
464,57,796.40,144.80,54.52,173.65,0.3757,-1,-1,-1
464,67,1819.73,374.74,73.57,203.65,0.3434,-1,-1,-1
465,3,1026.22,922.07,81.31,157.96,0.7429,-1,-1,-1
465,4,1720.47,456.19,73.77,212.29,0.5301,-1,-1,-1
465,8,240.14,677.52,95.89,260.32,0.7564,-1,-1,-1
465,17,442.89,191.51,72.65,191.49,0.5128,-1,-1,-1
465,28,335.47,706.48,72.34,250.54,0.7918,-1,-1,-1
465,32,903.45,618.25,78.78,230.95,0.6821,-1,-1,-1
465,35,934.35,2.38,55.55,142.68,0.4026,-1,-1,-1
465,41,988.31,635.08,76.72,215.44,0.6505,-1,-1,-1
465,44,1006.50,3.73,54.91,150.56,0.4292,-1,-1,-1
465,54,812.17,585.33,91.14,243.46,0.6829,-1,-1,-1
465,57,798.53,144.94,52.42,174.31,0.3959,-1,-1,-1
465,67,1815.30,372.53,76.47,202.64,0.3463,-1,-1,-1
466,3,1026.25,922.41,81.50,157.60,0.7224,-1,-1,-1
466,4,1721.64,455.94,71.90,211.38,0.5422,-1,-1,-1
466,8,240.13,679.47,87.85,256.02,0.7708,-1,-1,-1
466,17,443.46,191.12,72.23,190.63,0.5269,-1,-1,-1
466,28,334.46,706.46,72.85,249.36,0.7793,-1,-1,-1
466,32,904.04,620.83,79.28,232.16,0.6907,-1,-1,-1
466,35,936.84,2.01,53.00,142.56,0.4292,-1,-1,-1
466,41,990.00,637.60,75.63,218.48,0.6281,-1,-1,-1
466,44,1006.20,2.99,55.41,150.72,0.4543,-1,-1,-1
466,54,811.46,584.42,93.70,243.24,0.7228,-1,-1,-1
466,57,799.91,144.69,51.06,175.21,0.3824,-1,-1,-1
466,67,1813.22,372.03,78.97,205.26,0.4134,-1,-1,-1
467,3,1025.93,922.25,82.13,155.92,0.7228,-1,-1,-1
467,4,1721.19,454.39,72.78,214.08,0.5504,-1,-1,-1
467,8,238.52,680.57,89.04,250.66,0.7722,-1,-1,-1
467,17,444.75,191.29,72.65,189.85,0.5819,-1,-1,-1
467,28,334.81,706.66,71.57,249.58,0.7877,-1,-1,-1
467,32,904.64,621.50,79.13,237.10,0.7204,-1,-1,-1
467,35,937.71,2.64,52.02,142.56,0.4137,-1,-1,-1
467,41,990.95,637.75,75.78,220.07,0.5957,-1,-1,-1
467,44,1006.40,3.50,56.00,150.04,0.4453,-1,-1,-1
467,54,810.09,584.50,95.41,245.18,0.7365,-1,-1,-1
467,57,800.48,144.16,50.19,175.02,0.3321,-1,-1,-1
467,67,1812.28,369.81,77.32,208.55,0.3932,-1,-1,-1
468,3,1026.70,922.60,81.18,155.50,0.7187,-1,-1,-1
468,4,1720.74,455.88,72.88,211.91,0.5397,-1,-1,-1
468,8,236.70,681.21,89.57,251.86,0.7835,-1,-1,-1
468,17,447.78,190.98,69.89,189.12,0.5440,-1,-1,-1
468,28,334.06,708.34,71.76,245.94,0.7651,-1,-1,-1
468,32,906.31,622.17,78.88,233.04,0.6928,-1,-1,-1
468,35,937.68,3.73,52.66,141.30,0.4520,-1,-1,-1
468,41,990.70,640.72,76.51,218.93,0.5687,-1,-1,-1
468,44,1005.72,3.73,56.41,149.49,0.4190,-1,-1,-1
468,54,809.76,584.70,98.05,247.22,0.7377,-1,-1,-1
468,57,798.40,143.39,53.34,176.54,0.3716,-1,-1,-1
468,67,1807.99,368.33,79.36,210.61,0.4680,-1,-1,-1
469,3,1027.65,922.86,79.06,155.50,0.7272,-1,-1,-1
469,4,1721.27,454.11,72.38,212.58,0.5332,-1,-1,-1
469,8,233.99,683.65,92.32,252.67,0.7806,-1,-1,-1
469,17,449.23,189.39,68.89,188.77,0.5631,-1,-1,-1
469,28,332.92,710.74,73.22,246.87,0.7775,-1,-1,-1
469,32,907.97,623.19,78.37,230.36,0.6868,-1,-1,-1
469,35,936.72,3.64,54.54,140.88,0.4317,-1,-1,-1
469,41,988.44,642.38,79.65,210.93,0.5474,-1,-1,-1
469,44,1005.14,3.02,57.54,150.36,0.3837,-1,-1,-1
469,54,809.38,584.86,100.05,249.59,0.7287,-1,-1,-1
469,57,800.50,142.60,51.15,177.44,0.3490,-1,-1,-1
469,67,1805.26,366.46,79.87,211.71,0.4944,-1,-1,-1
470,3,1026.00,922.30,80.40,156.34,0.7225,-1,-1,-1
470,4,1721.56,455.50,72.36,211.47,0.5311,-1,-1,-1
470,8,233.29,686.22,91.98,255.61,0.7879,-1,-1,-1
470,17,447.88,188.33,70.95,189.82,0.5750,-1,-1,-1
470,28,331.21,712.24,73.58,245.33,0.7976,-1,-1,-1
470,32,910.42,624.38,77.03,227.57,0.6452,-1,-1,-1
470,35,936.44,2.86,54.40,141.71,0.3947,-1,-1,-1
470,41,990.17,645.00,76.69,216.23,0.4770,-1,-1,-1
470,44,1004.95,1.74,57.22,151.33,0.3838,-1,-1,-1
470,54,808.52,585.03,101.28,253.00,0.7260,-1,-1,-1
470,57,799.17,142.49,52.31,177.53,0.3894,-1,-1,-1
470,67,1804.67,364.68,79.31,209.71,0.4617,-1,-1,-1
471,3,1025.44,923.87,79.86,156.13,0.7271,-1,-1,-1
471,4,1720.95,455.39,72.99,213.11,0.5355,-1,-1,-1
471,8,231.19,688.07,94.56,260.62,0.7879,-1,-1,-1
471,17,450.43,185.30,68.39,193.56,0.5805,-1,-1,-1
471,28,328.10,714.50,75.90,244.61,0.8037,-1,-1,-1
471,32,911.62,624.57,78.16,221.51,0.5912,-1,-1,-1
471,35,937.53,3.14,53.25,140.66,0.4088,-1,-1,-1
471,41,988.65,647.05,79.40,221.69,0.4884,-1,-1,-1
471,44,1004.56,1.72,55.74,150.70,0.4061,-1,-1,-1
471,54,808.49,585.69,103.33,255.87,0.7076,-1,-1,-1
471,57,799.66,142.73,52.09,177.86,0.3667,-1,-1,-1
471,67,1801.98,365.23,81.05,208.38,0.5075,-1,-1,-1
472,3,1025.63,924.36,78.85,155.65,0.7042,-1,-1,-1
472,4,1719.93,455.44,74.24,213.52,0.5548,-1,-1,-1
472,8,229.89,690.36,94.38,264.92,0.7863,-1,-1,-1
472,17,451.73,183.98,66.99,195.07,0.5978,-1,-1,-1
472,28,327.32,716.64,76.67,246.07,0.8164,-1,-1,-1
472,32,913.48,625.89,76.51,221.36,0.6320,-1,-1,-1
472,35,936.16,3.08,54.54,140.34,0.3718,-1,-1,-1
472,41,989.16,647.62,79.23,224.27,0.5033,-1,-1,-1
472,44,1003.97,0.36,55.29,151.83,0.4107,-1,-1,-1
472,54,808.80,586.69,101.43,257.48,0.7262,-1,-1,-1
472,57,799.73,141.95,53.35,178.32,0.3948,-1,-1,-1
472,67,1801.89,364.92,79.53,206.49,0.4954,-1,-1,-1
473,3,1023.91,925.56,80.55,154.47,0.7215,-1,-1,-1
473,4,1718.98,454.54,75.61,215.98,0.5501,-1,-1,-1
473,8,227.97,693.63,95.31,265.08,0.7660,-1,-1,-1
473,17,451.33,181.16,68.55,191.43,0.5696,-1,-1,-1
473,28,324.93,721.05,78.09,247.96,0.8012,-1,-1,-1
473,32,913.98,627.41,77.72,227.51,0.6851,-1,-1,-1
473,35,936.63,3.37,53.96,139.76,0.3647,-1,-1,-1
473,41,990.00,648.61,78.20,224.04,0.5336,-1,-1,-1
473,44,1003.56,-0.13,56.82,152.56,0.3402,-1,-1,-1
473,54,808.36,587.13,99.52,257.66,0.7552,-1,-1,-1
473,57,801.61,144.70,50.42,175.61,0.3748,-1,-1,-1
473,67,1798.42,363.86,82.72,207.41,0.4842,-1,-1,-1
474,3,1024.88,924.89,79.06,154.62,0.7101,-1,-1,-1
474,4,1716.95,455.05,77.31,215.24,0.5399,-1,-1,-1
474,8,226.29,694.67,96.05,268.64,0.7615,-1,-1,-1
474,17,453.46,178.83,66.83,190.04,0.5176,-1,-1,-1
474,28,323.52,723.73,78.62,251.09,0.7889,-1,-1,-1
474,32,913.68,627.74,79.97,227.05,0.6430,-1,-1,-1
474,35,936.90,3.11,53.94,140.09,0.3696,-1,-1,-1
474,41,991.00,650.05,77.20,226.36,0.5512,-1,-1,-1
474,44,1002.64,-0.24,57.22,152.48,0.3794,-1,-1,-1
474,54,808.16,587.79,98.43,257.06,0.7578,-1,-1,-1
474,57,800.60,143.41,51.14,177.09,0.3932,-1,-1,-1
474,67,1793.84,363.24,85.87,206.69,0.4751,-1,-1,-1
475,3,1025.11,925.36,77.56,154.33,0.7104,-1,-1,-1
475,4,1715.14,455.60,81.61,214.58,0.5218,-1,-1,-1
475,8,224.80,697.23,95.46,270.46,0.7566,-1,-1,-1
475,17,453.98,180.44,64.69,185.62,0.5141,-1,-1,-1
475,28,322.15,726.64,78.91,251.67,0.7796,-1,-1,-1
475,32,916.18,630.02,77.21,233.44,0.6726,-1,-1,-1
475,35,936.68,2.89,53.51,141.24,0.3579,-1,-1,-1
475,41,992.21,652.45,77.29,224.79,0.5985,-1,-1,-1
475,44,1002.32,-0.09,55.57,150.81,0.3840,-1,-1,-1
475,54,808.24,588.66,96.18,255.89,0.7549,-1,-1,-1
475,57,802.06,143.65,49.98,176.98,0.3915,-1,-1,-1
475,67,1792.25,363.60,85.83,206.78,0.4788,-1,-1,-1
476,3,1024.11,926.49,78.61,153.27,0.7218,-1,-1,-1
476,4,1712.46,456.19,84.08,213.80,0.4998,-1,-1,-1
476,8,223.95,700.33,95.40,268.81,0.7453,-1,-1,-1
476,17,453.52,179.88,65.38,184.56,0.5311,-1,-1,-1
476,28,321.53,728.20,78.21,249.97,0.7718,-1,-1,-1
476,32,915.79,631.20,78.72,231.31,0.6058,-1,-1,-1
476,35,936.90,3.05,53.33,141.53,0.3197,-1,-1,-1
476,41,996.07,654.38,73.13,222.59,0.5613,-1,-1,-1
476,44,1001.60,0.17,55.60,147.89,0.3118,-1,-1,-1
476,54,807.96,589.09,93.18,255.90,0.7432,-1,-1,-1
476,57,802.52,142.74,49.56,177.06,0.4350,-1,-1,-1
476,67,1786.76,362.79,88.09,208.08,0.4429,-1,-1,-1
477,3,1023.72,926.91,78.63,153.07,0.7135,-1,-1,-1
477,4,1712.91,457.16,83.95,212.17,0.5110,-1,-1,-1
477,8,222.73,701.86,94.79,266.42,0.7464,-1,-1,-1
477,17,450.63,175.38,69.07,188.90,0.5386,-1,-1,-1
477,28,320.16,730.51,77.72,251.97,0.7649,-1,-1,-1
477,32,915.67,633.72,80.72,230.31,0.6560,-1,-1,-1
477,41,997.41,656.04,71.28,221.67,0.5793,-1,-1,-1
477,54,808.30,589.94,90.67,254.67,0.7750,-1,-1,-1
477,57,801.71,145.25,50.68,175.05,0.4651,-1,-1,-1
477,67,1788.00,361.84,85.67,207.33,0.5018,-1,-1,-1
478,3,1023.13,928.55,78.28,151.49,0.7246,-1,-1,-1
478,4,1709.46,456.97,87.45,211.77,0.4684,-1,-1,-1
478,8,220.24,703.27,95.97,265.60,0.7401,-1,-1,-1
478,17,453.51,177.77,66.35,185.03,0.5338,-1,-1,-1
478,28,320.37,733.01,77.49,252.92,0.7587,-1,-1,-1
478,32,913.07,635.43,83.00,229.18,0.6714,-1,-1,-1
478,35,937.76,4.44,51.71,139.49,0.3251,-1,-1,-1
478,41,998.61,656.25,71.16,220.33,0.5603,-1,-1,-1
478,44,1001.72,0.83,53.48,146.37,0.3082,-1,-1,-1
478,54,807.54,590.41,88.04,254.73,0.7848,-1,-1,-1
478,57,802.11,145.77,50.55,174.61,0.4709,-1,-1,-1
478,67,1791.45,359.95,80.17,206.34,0.4611,-1,-1,-1
479,3,1021.93,929.66,77.86,150.36,0.7199,-1,-1,-1
479,4,1711.22,457.47,86.27,210.75,0.4743,-1,-1,-1
479,8,220.31,703.88,97.04,264.47,0.7293,-1,-1,-1
479,17,451.86,177.07,68.17,186.08,0.5666,-1,-1,-1
479,28,317.44,734.73,80.28,254.87,0.7569,-1,-1,-1
479,32,914.64,639.39,80.47,232.26,0.7042,-1,-1,-1
479,35,937.31,4.49,50.59,138.98,0.3325,-1,-1,-1
479,41,996.92,656.71,73.09,222.49,0.6304,-1,-1,-1
479,54,806.70,591.18,85.37,253.87,0.7851,-1,-1,-1
479,57,804.07,146.01,48.69,175.20,0.4562,-1,-1,-1
479,67,1787.00,360.39,82.92,206.23,0.5366,-1,-1,-1
480,3,1020.17,932.26,78.62,147.79,0.7371,-1,-1,-1
480,4,1694.75,456.67,103.97,210.25,0.3887,-1,-1,-1
480,8,219.72,704.06,93.75,263.00,0.7455,-1,-1,-1
480,17,445.52,172.91,75.68,191.96,0.5275,-1,-1,-1
480,28,312.34,736.46,83.21,253.13,0.7508,-1,-1,-1
480,32,912.15,641.55,83.90,239.33,0.6699,-1,-1,-1
480,35,935.77,2.87,51.47,139.13,0.3027,-1,-1,-1
480,41,998.97,657.86,70.33,220.26,0.6105,-1,-1,-1
480,54,805.48,592.13,85.29,253.67,0.7775,-1,-1,-1
480,57,805.52,146.33,46.78,175.24,0.4214,-1,-1,-1
480,67,1787.95,359.58,76.46,206.72,0.5201,-1,-1,-1
481,3,1019.50,930.93,78.80,149.02,0.7375,-1,-1,-1
481,4,1705.56,458.04,93.96,210.18,0.3960,-1,-1,-1
481,8,219.50,704.37,92.09,262.89,0.7620,-1,-1,-1
481,17,445.71,171.32,75.64,193.31,0.5352,-1,-1,-1
481,28,304.98,737.26,88.49,254.99,0.7765,-1,-1,-1
481,32,909.24,644.22,86.06,236.44,0.6780,-1,-1,-1
481,35,933.60,1.68,52.94,138.39,0.3851,-1,-1,-1
481,41,992.83,660.29,75.99,220.83,0.5935,-1,-1,-1
481,44,1000.45,0.31,53.37,143.67,0.3817,-1,-1,-1
481,54,805.18,593.49,83.52,253.18,0.7920,-1,-1,-1
481,57,804.24,144.05,48.14,176.44,0.4373,-1,-1,-1
481,67,1788.78,358.02,73.03,204.71,0.5711,-1,-1,-1
481,69,1729.81,169.74,62.40,170.46,0.4173,-1,-1,-1
482,3,1019.46,932.80,78.76,147.24,0.7318,-1,-1,-1
482,4,1707.71,458.84,90.10,210.00,0.4341,-1,-1,-1
482,8,219.72,706.26,90.73,261.00,0.7567,-1,-1,-1
482,17,450.42,175.64,71.10,186.92,0.5106,-1,-1,-1
482,28,306.16,738.22,86.07,255.93,0.7730,-1,-1,-1
482,32,907.24,646.37,88.67,247.28,0.6959,-1,-1,-1
482,35,933.28,1.70,52.69,135.54,0.3260,-1,-1,-1
482,41,995.76,662.83,73.60,221.91,0.6288,-1,-1,-1
482,44,999.52,0.50,52.55,142.91,0.3558,-1,-1,-1
482,54,804.07,594.27,83.40,253.17,0.7817,-1,-1,-1
482,57,805.41,144.15,47.37,177.24,0.4877,-1,-1,-1
482,67,1786.82,356.47,72.12,206.03,0.5449,-1,-1,-1
482,69,1729.10,171.84,63.86,170.04,0.4141,-1,-1,-1
483,3,1019.04,932.98,79.11,147.00,0.7341,-1,-1,-1
483,4,1695.52,458.01,103.63,209.89,0.3725,-1,-1,-1
483,8,218.94,707.28,91.53,259.05,0.7560,-1,-1,-1
483,17,453.90,173.51,67.55,188.44,0.5149,-1,-1,-1
483,28,302.96,739.26,86.36,255.63,0.7747,-1,-1,-1
483,32,908.90,648.71,86.50,246.56,0.7108,-1,-1,-1
483,35,933.44,1.63,52.00,134.38,0.3301,-1,-1,-1
483,41,998.75,664.54,71.69,221.95,0.6214,-1,-1,-1
483,44,999.23,-0.13,53.14,144.67,0.3856,-1,-1,-1
483,54,801.75,595.34,84.32,252.05,0.7749,-1,-1,-1
483,57,805.58,143.36,47.30,176.73,0.4693,-1,-1,-1
483,67,1784.73,355.58,73.19,206.70,0.5061,-1,-1,-1
483,69,1729.20,170.13,62.00,171.77,0.4124,-1,-1,-1
484,3,1018.22,933.43,80.43,146.56,0.7211,-1,-1,-1
484,4,1693.86,458.46,105.07,210.50,0.3799,-1,-1,-1
484,8,218.73,709.07,90.49,256.82,0.7553,-1,-1,-1
484,17,456.90,173.05,62.93,188.93,0.5114,-1,-1,-1
484,28,302.69,740.62,85.13,254.12,0.7661,-1,-1,-1
484,32,909.87,649.12,85.67,250.15,0.7006,-1,-1,-1
484,35,932.91,2.61,52.27,130.93,0.3277,-1,-1,-1
484,41,998.96,667.83,72.18,223.79,0.6051,-1,-1,-1
484,44,999.94,-0.22,52.42,145.01,0.4211,-1,-1,-1
484,54,800.52,596.47,86.49,250.85,0.7704,-1,-1,-1
484,57,807.68,144.94,45.33,175.12,0.4644,-1,-1,-1
484,67,1786.86,353.68,66.55,205.25,0.5102,-1,-1,-1
484,69,1729.65,169.47,64.27,173.13,0.4064,-1,-1,-1
485,3,1018.09,933.83,81.06,146.16,0.7110,-1,-1,-1
485,4,1677.25,457.52,121.85,209.24,0.3766,-1,-1,-1
485,8,218.21,711.02,90.75,256.49,0.7631,-1,-1,-1
485,17,456.59,170.79,63.38,190.70,0.5326,-1,-1,-1
485,28,300.72,741.99,85.58,252.21,0.7637,-1,-1,-1
485,32,911.66,649.84,82.72,247.02,0.7237,-1,-1,-1
485,35,931.32,2.66,52.95,128.53,0.3161,-1,-1,-1
485,41,999.08,668.91,73.16,226.50,0.6333,-1,-1,-1
485,44,999.74,-0.04,51.90,143.77,0.4202,-1,-1,-1
485,54,799.33,597.12,87.82,250.47,0.7825,-1,-1,-1
485,57,808.33,145.06,44.72,175.72,0.4741,-1,-1,-1
485,67,1783.81,352.75,68.51,199.41,0.4362,-1,-1,-1
485,69,1729.12,169.95,65.96,175.18,0.3886,-1,-1,-1
486,3,1016.93,934.24,82.12,145.76,0.7146,-1,-1,-1
486,8,216.88,712.88,90.94,259.59,0.7752,-1,-1,-1
486,17,459.31,163.13,60.76,198.05,0.5532,-1,-1,-1
486,28,300.25,742.32,84.86,251.40,0.7718,-1,-1,-1
486,32,910.68,650.85,83.61,244.73,0.7323,-1,-1,-1
486,35,932.30,2.50,51.41,128.30,0.3431,-1,-1,-1
486,41,1001.27,671.09,70.90,222.01,0.6571,-1,-1,-1
486,44,999.58,-0.08,51.06,143.61,0.4080,-1,-1,-1
486,54,798.97,597.44,89.20,251.39,0.7894,-1,-1,-1
486,57,808.38,145.60,45.66,174.99,0.4851,-1,-1,-1
486,67,1782.29,351.27,67.54,200.48,0.4604,-1,-1,-1
486,69,1728.86,176.87,66.59,170.99,0.3636,-1,-1,-1
487,3,1017.83,935.03,81.89,144.98,0.7063,-1,-1,-1
487,4,1685.57,456.61,108.43,210.23,0.3792,-1,-1,-1
487,8,217.31,713.67,91.32,264.16,0.7684,-1,-1,-1
487,17,459.58,163.09,59.24,196.21,0.5256,-1,-1,-1
487,28,302.29,744.30,81.66,250.04,0.7635,-1,-1,-1
487,32,911.05,651.62,84.17,240.88,0.7372,-1,-1,-1
487,41,1005.12,673.40,68.01,223.61,0.6621,-1,-1,-1
487,44,999.83,-0.04,50.62,142.60,0.3556,-1,-1,-1
487,54,798.05,598.24,92.92,251.14,0.7921,-1,-1,-1
487,57,807.81,145.86,47.28,175.71,0.4553,-1,-1,-1
487,66,1632.99,326.15,56.84,188.60,0.4469,-1,-1,-1
487,67,1780.55,351.54,67.71,199.47,0.3960,-1,-1,-1
487,69,1730.56,176.10,64.13,175.33,0.3079,-1,-1,-1
488,3,1017.98,936.24,81.99,143.78,0.7178,-1,-1,-1
488,4,1680.25,456.55,112.78,210.62,0.3558,-1,-1,-1
488,8,216.89,716.17,91.74,271.39,0.7674,-1,-1,-1
488,17,462.63,160.22,55.14,195.38,0.4915,-1,-1,-1
488,28,299.96,748.51,82.20,246.45,0.7647,-1,-1,-1
488,32,911.59,652.93,85.67,240.27,0.7077,-1,-1,-1
488,35,931.84,2.30,51.96,128.63,0.3154,-1,-1,-1
488,41,1006.76,675.66,68.35,224.15,0.6982,-1,-1,-1
488,44,1000.36,-0.00,50.29,141.90,0.3833,-1,-1,-1
488,54,797.16,600.02,93.93,249.44,0.7807,-1,-1,-1
488,57,808.01,146.39,47.92,175.47,0.4589,-1,-1,-1
488,66,1631.82,329.21,56.89,186.07,0.3776,-1,-1,-1
488,69,1730.40,176.16,65.02,176.30,0.3470,-1,-1,-1
489,3,1017.33,936.46,83.13,143.53,0.7169,-1,-1,-1
489,4,1691.08,455.29,101.61,212.30,0.3644,-1,-1,-1
489,8,216.44,718.27,91.13,272.64,0.7681,-1,-1,-1
489,17,463.16,159.85,53.64,191.37,0.4754,-1,-1,-1
489,28,299.95,750.31,81.82,250.80,0.7600,-1,-1,-1
489,32,911.98,653.95,87.04,238.17,0.6961,-1,-1,-1
489,35,931.31,2.41,51.88,127.92,0.3422,-1,-1,-1
489,41,1008.33,677.04,68.89,225.59,0.6841,-1,-1,-1
489,44,1001.44,2.02,48.78,139.49,0.3570,-1,-1,-1
489,54,797.53,600.76,93.08,252.25,0.7879,-1,-1,-1
489,57,809.31,144.81,47.02,175.07,0.4409,-1,-1,-1
489,59,1541.60,608.34,84.04,223.72,0.3150,-1,-1,-1
489,66,1633.99,334.21,53.26,181.16,0.3795,-1,-1,-1
489,69,1731.69,177.93,64.56,174.62,0.3642,-1,-1,-1
490,3,1015.01,936.97,85.77,143.02,0.6999,-1,-1,-1
490,4,1698.76,454.96,93.08,213.11,0.3644,-1,-1,-1
490,8,214.81,721.01,93.65,275.91,0.7642,-1,-1,-1
490,17,464.56,160.19,52.91,185.47,0.4464,-1,-1,-1
490,28,300.13,751.88,79.82,252.53,0.7510,-1,-1,-1
490,32,914.98,655.36,84.81,232.49,0.6985,-1,-1,-1
490,35,930.83,2.48,52.04,127.19,0.3175,-1,-1,-1
490,41,1010.04,677.90,69.24,227.00,0.7207,-1,-1,-1
490,54,797.21,601.11,94.34,256.16,0.7887,-1,-1,-1
490,57,811.00,144.53,45.96,175.78,0.3722,-1,-1,-1
490,66,1632.30,328.40,54.22,187.64,0.4461,-1,-1,-1
490,69,1732.04,180.10,63.21,170.72,0.4089,-1,-1,-1
491,3,1017.07,937.75,83.95,142.26,0.6963,-1,-1,-1
491,4,1707.47,456.30,85.08,214.84,0.4162,-1,-1,-1
491,8,214.06,723.27,93.51,278.00,0.7583,-1,-1,-1
491,17,461.23,157.95,58.12,186.00,0.4018,-1,-1,-1
491,28,297.65,754.37,82.38,260.09,0.7472,-1,-1,-1
491,32,920.71,661.05,79.79,239.84,0.7045,-1,-1,-1
491,41,1011.14,679.47,70.28,225.96,0.6897,-1,-1,-1
491,44,1001.98,5.96,48.10,132.68,0.3247,-1,-1,-1
491,54,797.76,602.19,94.85,259.17,0.7815,-1,-1,-1
491,57,808.61,146.06,50.95,173.87,0.3810,-1,-1,-1
491,66,1630.50,333.16,55.66,183.81,0.3466,-1,-1,-1
491,69,1733.11,181.49,62.10,169.74,0.3437,-1,-1,-1
492,3,1017.21,937.99,83.82,142.00,0.7052,-1,-1,-1
492,4,1703.27,457.47,89.93,210.40,0.4302,-1,-1,-1
492,8,212.75,725.00,96.46,279.79,0.7728,-1,-1,-1
492,17,465.32,158.22,54.11,185.94,0.3149,-1,-1,-1
492,28,298.05,756.69,80.38,257.93,0.7411,-1,-1,-1
492,32,920.64,661.58,80.11,240.32,0.7229,-1,-1,-1
492,41,1012.07,682.20,72.48,223.94,0.6817,-1,-1,-1
492,54,798.79,603.61,94.81,258.23,0.7873,-1,-1,-1
492,57,808.69,146.15,51.71,172.39,0.3526,-1,-1,-1
492,59,1541.04,604.26,85.72,224.20,0.3257,-1,-1,-1
492,66,1629.24,327.71,55.89,187.64,0.4029,-1,-1,-1
492,69,1733.79,181.96,61.38,167.80,0.4372,-1,-1,-1
493,3,1016.99,938.08,84.45,141.90,0.6854,-1,-1,-1
493,4,1710.97,457.75,84.24,211.86,0.4885,-1,-1,-1
493,8,212.29,728.35,95.24,277.22,0.7795,-1,-1,-1
493,28,299.27,759.75,80.96,254.88,0.7377,-1,-1,-1
493,32,920.34,663.59,81.38,242.56,0.7047,-1,-1,-1
493,41,1014.51,681.96,73.09,226.63,0.6374,-1,-1,-1
493,54,800.50,604.69,94.07,257.80,0.7696,-1,-1,-1
493,57,807.07,145.60,54.38,172.86,0.3329,-1,-1,-1
493,66,1627.64,323.93,58.02,190.14,0.3513,-1,-1,-1
493,69,1734.23,184.57,61.29,166.87,0.4839,-1,-1,-1
493,73,412.05,162.37,58.55,183.47,0.3412,-1,-1,-1
493,74,1813.14,169.02,72.59,183.94,0.3694,-1,-1,-1
494,3,1017.19,938.54,84.34,141.45,0.6785,-1,-1,-1
494,4,1717.81,453.40,77.04,217.10,0.5248,-1,-1,-1
494,8,212.93,730.24,94.82,277.82,0.7788,-1,-1,-1
494,28,299.39,763.44,78.98,254.87,0.7432,-1,-1,-1
494,32,921.62,666.11,81.41,239.86,0.6696,-1,-1,-1
494,41,1015.33,684.24,75.77,220.68,0.6311,-1,-1,-1
494,54,801.32,605.96,94.11,255.94,0.7555,-1,-1,-1
494,57,805.86,145.54,56.60,171.95,0.3061,-1,-1,-1
494,66,1626.78,322.68,58.38,191.33,0.3999,-1,-1,-1
494,69,1735.25,184.55,62.97,167.26,0.4623,-1,-1,-1
494,74,1813.98,170.35,75.91,183.30,0.3285,-1,-1,-1
495,3,1018.05,937.62,84.25,142.32,0.6710,-1,-1,-1
495,4,1722.09,451.07,74.07,217.44,0.6053,-1,-1,-1
495,8,212.24,732.35,93.68,275.52,0.7754,-1,-1,-1
495,28,299.08,767.35,78.50,259.40,0.7373,-1,-1,-1
495,32,921.49,668.13,81.67,244.70,0.6567,-1,-1,-1
495,41,1018.26,685.28,75.20,221.18,0.5849,-1,-1,-1
495,54,804.57,606.09,90.12,253.75,0.7531,-1,-1,-1
495,57,806.62,145.20,56.06,172.16,0.3357,-1,-1,-1
495,59,1538.82,613.23,90.19,216.43,0.3151,-1,-1,-1
495,66,1626.06,323.52,58.78,190.47,0.4025,-1,-1,-1
495,69,1734.34,186.49,64.21,172.07,0.4903,-1,-1,-1
495,73,412.58,165.11,53.24,179.67,0.3023,-1,-1,-1
495,74,1815.20,173.22,77.86,182.37,0.3452,-1,-1,-1
496,3,1019.75,939.21,82.82,140.83,0.6835,-1,-1,-1
496,4,1724.67,451.94,72.47,217.24,0.5829,-1,-1,-1
496,8,211.46,735.82,94.32,272.52,0.7731,-1,-1,-1
496,28,296.83,768.67,80.86,259.30,0.7489,-1,-1,-1
496,32,922.23,670.94,82.26,237.18,0.6905,-1,-1,-1
496,41,1018.47,686.75,74.91,220.86,0.5953,-1,-1,-1
496,54,809.51,605.86,84.74,249.47,0.7422,-1,-1,-1
496,57,805.30,144.58,56.74,171.96,0.3310,-1,-1,-1
496,59,1538.99,610.53,87.19,219.33,0.4056,-1,-1,-1
496,66,1624.66,321.98,58.14,189.12,0.4355,-1,-1,-1
496,69,1733.96,187.68,65.39,172.74,0.4689,-1,-1,-1
496,73,412.83,164.63,52.08,181.31,0.3172,-1,-1,-1
496,75,1632.42,583.81,102.24,228.71,0.5684,-1,-1,-1
497,3,1021.23,938.98,81.12,141.00,0.6768,-1,-1,-1
497,4,1726.11,452.83,69.99,216.95,0.5619,-1,-1,-1
497,8,213.40,736.55,90.69,269.03,0.7466,-1,-1,-1
497,28,294.01,770.17,83.24,259.05,0.7609,-1,-1,-1
497,32,923.26,673.86,81.42,237.11,0.6546,-1,-1,-1
497,35,1003.06,5.26,47.04,126.57,0.3033,-1,-1,-1
497,41,1020.71,687.53,72.93,221.32,0.5564,-1,-1,-1
497,54,814.70,606.23,80.08,247.84,0.7183,-1,-1,-1
497,57,805.77,145.16,55.66,172.60,0.3695,-1,-1,-1
497,59,1539.17,609.86,87.14,220.40,0.4271,-1,-1,-1
497,66,1623.97,322.14,59.61,188.61,0.3741,-1,-1,-1
497,69,1734.05,188.07,66.00,172.22,0.4950,-1,-1,-1
497,73,412.06,164.63,52.41,181.38,0.3575,-1,-1,-1
497,74,1818.37,175.35,81.15,184.23,0.3811,-1,-1,-1
498,3,1020.82,938.05,81.75,141.90,0.6604,-1,-1,-1
498,4,1727.79,453.66,69.66,215.40,0.5067,-1,-1,-1
498,8,213.06,738.29,90.46,266.18,0.7399,-1,-1,-1
498,28,294.75,771.87,82.23,257.24,0.7493,-1,-1,-1
498,32,924.97,675.67,80.72,239.59,0.6437,-1,-1,-1
498,41,1019.31,689.34,78.39,221.04,0.5130,-1,-1,-1
498,54,816.11,606.37,79.67,246.82,0.7065,-1,-1,-1
498,57,803.88,145.56,56.62,172.59,0.3527,-1,-1,-1
498,59,1539.78,609.34,87.05,221.47,0.4614,-1,-1,-1
498,66,1623.90,321.63,57.88,189.83,0.3610,-1,-1,-1
498,69,1732.91,188.40,67.16,172.41,0.4556,-1,-1,-1
498,73,410.33,165.03,52.91,182.04,0.4127,-1,-1,-1
498,74,1819.71,176.22,79.97,187.17,0.3462,-1,-1,-1
498,75,1641.31,593.10,95.15,221.63,0.4391,-1,-1,-1
499,3,1023.22,937.43,79.27,142.53,0.6733,-1,-1,-1
499,8,212.25,740.81,90.95,265.21,0.7516,-1,-1,-1
499,17,469.00,163.30,59.24,175.18,0.3281,-1,-1,-1
499,28,293.89,772.76,82.61,256.35,0.7413,-1,-1,-1
499,32,925.25,677.85,81.27,238.17,0.6096,-1,-1,-1
499,41,1023.86,694.20,72.57,218.44,0.5118,-1,-1,-1
499,54,820.17,607.60,76.13,246.19,0.6843,-1,-1,-1
499,57,801.86,143.15,56.17,174.29,0.3382,-1,-1,-1
499,59,1539.16,610.11,87.46,220.08,0.4849,-1,-1,-1
499,69,1732.03,188.24,68.58,169.79,0.4907,-1,-1,-1
499,73,408.34,165.36,56.98,182.16,0.4461,-1,-1,-1
499,74,1820.38,177.54,81.09,186.66,0.3901,-1,-1,-1
499,75,1645.43,589.97,87.16,223.35,0.3680,-1,-1,-1
500,3,1025.74,935.76,77.74,144.17,0.6737,-1,-1,-1
500,4,1728.11,450.62,67.39,217.85,0.4888,-1,-1,-1
500,8,208.95,741.93,93.88,267.15,0.7710,-1,-1,-1
500,17,465.46,165.13,61.63,171.51,0.3283,-1,-1,-1
500,28,293.70,773.48,81.40,255.27,0.7339,-1,-1,-1
500,32,924.53,679.59,84.92,248.31,0.6173,-1,-1,-1
500,41,1023.95,697.32,71.65,211.61,0.4809,-1,-1,-1
500,54,821.27,607.75,75.87,244.78,0.6898,-1,-1,-1
500,57,802.54,142.24,55.18,176.17,0.3537,-1,-1,-1
500,59,1537.85,610.71,89.81,218.29,0.4108,-1,-1,-1
500,66,1623.14,313.70,59.95,176.52,0.3241,-1,-1,-1
500,69,1731.91,189.09,69.42,168.93,0.4945,-1,-1,-1
500,73,407.17,166.12,57.90,180.12,0.4762,-1,-1,-1
500,74,1821.67,178.93,80.93,188.29,0.3858,-1,-1,-1
500,75,1656.10,594.96,77.14,219.23,0.4562,-1,-1,-1
501,3,1028.63,935.19,75.94,144.78,0.6431,-1,-1,-1
501,4,1727.62,448.74,66.96,219.13,0.4562,-1,-1,-1
501,8,208.49,743.03,93.78,262.62,0.7791,-1,-1,-1
501,17,465.14,162.16,63.32,174.83,0.3619,-1,-1,-1
501,28,293.61,774.41,79.96,255.16,0.7207,-1,-1,-1
501,32,928.51,679.60,81.87,252.37,0.6007,-1,-1,-1
501,41,1023.72,698.93,73.24,211.85,0.5119,-1,-1,-1
501,54,822.40,608.74,74.97,245.23,0.7016,-1,-1,-1
501,57,802.08,144.03,54.19,173.83,0.3575,-1,-1,-1
501,59,1538.67,611.02,87.24,214.36,0.3794,-1,-1,-1
501,66,1622.80,312.78,59.08,180.49,0.3598,-1,-1,-1
501,69,1731.60,189.04,70.15,169.91,0.4953,-1,-1,-1
501,73,407.45,168.11,57.94,178.84,0.5121,-1,-1,-1
501,74,1823.30,180.02,80.34,191.48,0.3555,-1,-1,-1
501,75,1659.47,592.45,73.09,220.76,0.5209,-1,-1,-1
502,3,1029.34,934.70,76.68,145.28,0.6754,-1,-1,-1
502,4,1729.28,449.63,64.33,219.54,0.4434,-1,-1,-1
502,8,208.27,744.79,93.80,262.47,0.7750,-1,-1,-1
502,17,467.83,160.42,62.68,175.41,0.3315,-1,-1,-1
502,28,292.55,774.94,80.94,253.87,0.7334,-1,-1,-1
502,32,927.35,681.69,84.01,255.94,0.6319,-1,-1,-1
502,41,1025.28,701.20,73.64,207.91,0.5835,-1,-1,-1
502,54,822.37,609.08,74.92,246.70,0.7026,-1,-1,-1
502,57,800.23,144.43,54.20,174.52,0.3099,-1,-1,-1
502,59,1538.92,609.87,86.19,215.25,0.3928,-1,-1,-1
502,69,1731.83,189.79,70.02,167.39,0.4923,-1,-1,-1
502,73,406.60,169.46,58.26,177.10,0.4810,-1,-1,-1
502,74,1826.42,180.45,77.88,194.33,0.3009,-1,-1,-1
502,75,1662.59,596.28,70.07,219.94,0.4939,-1,-1,-1
503,3,1030.67,933.98,76.53,146.00,0.6440,-1,-1,-1
503,4,1729.89,445.81,63.36,222.78,0.4008,-1,-1,-1
503,8,208.64,746.48,92.70,264.15,0.7599,-1,-1,-1
503,17,470.78,159.62,59.76,173.70,0.3056,-1,-1,-1
503,28,288.68,776.06,81.03,254.62,0.7495,-1,-1,-1
503,32,928.58,682.70,84.65,253.00,0.6169,-1,-1,-1
503,41,1026.09,703.70,73.14,202.01,0.5887,-1,-1,-1
503,54,821.90,609.21,75.41,246.87,0.7175,-1,-1,-1
503,57,800.10,145.43,51.95,174.29,0.3193,-1,-1,-1
503,59,1535.62,612.36,91.26,215.27,0.4742,-1,-1,-1
503,66,1621.41,308.06,59.06,181.02,0.3396,-1,-1,-1
503,69,1732.92,190.39,69.09,168.45,0.4667,-1,-1,-1
503,73,404.57,170.43,61.80,175.63,0.4872,-1,-1,-1
503,75,1667.72,601.11,65.44,213.08,0.4717,-1,-1,-1
504,3,1032.95,933.17,74.94,146.80,0.6368,-1,-1,-1
504,4,1729.41,447.05,63.82,223.68,0.3405,-1,-1,-1
504,8,210.47,747.85,90.33,270.26,0.7556,-1,-1,-1
504,17,472.07,156.86,60.78,173.34,0.3164,-1,-1,-1
504,28,285.90,777.18,81.51,253.13,0.7734,-1,-1,-1
504,32,926.99,683.76,87.83,251.07,0.5844,-1,-1,-1
504,41,1029.47,705.49,69.12,214.38,0.5908,-1,-1,-1
504,54,822.08,609.62,74.65,247.91,0.6927,-1,-1,-1
504,59,1534.41,611.79,92.62,214.89,0.3537,-1,-1,-1
504,69,1733.96,191.14,67.62,170.09,0.4795,-1,-1,-1
504,73,403.56,170.51,65.02,174.15,0.4742,-1,-1,-1
505,3,1033.26,933.99,75.01,146.05,0.6742,-1,-1,-1
505,4,1728.96,453.82,63.50,216.73,0.3928,-1,-1,-1
505,8,209.61,749.98,88.83,274.71,0.7347,-1,-1,-1
505,17,469.46,151.82,62.72,177.01,0.4156,-1,-1,-1
505,28,281.92,778.88,86.37,253.33,0.7731,-1,-1,-1
505,32,928.08,684.18,86.49,251.26,0.5511,-1,-1,-1
505,41,1030.46,706.47,69.13,218.05,0.6070,-1,-1,-1
505,54,822.37,610.01,74.45,249.40,0.6718,-1,-1,-1
505,66,1620.31,305.74,60.35,184.76,0.3245,-1,-1,-1
505,69,1738.19,190.42,63.44,170.91,0.4989,-1,-1,-1
505,73,402.22,170.54,66.82,174.55,0.4757,-1,-1,-1
506,3,1035.08,932.71,74.61,147.25,0.6656,-1,-1,-1
506,4,1728.74,458.88,63.44,210.58,0.4967,-1,-1,-1
506,8,209.48,751.56,87.17,279.35,0.7277,-1,-1,-1
506,17,470.73,147.29,61.59,181.31,0.3819,-1,-1,-1
506,28,279.07,780.50,88.92,255.69,0.7597,-1,-1,-1
506,32,918.62,686.25,97.51,247.11,0.6131,-1,-1,-1
506,41,1030.72,707.35,70.61,221.03,0.6350,-1,-1,-1
506,54,822.08,610.10,75.68,250.88,0.6797,-1,-1,-1
506,57,800.05,147.51,47.62,175.82,0.3007,-1,-1,-1
506,66,1620.09,305.30,59.38,185.94,0.4622,-1,-1,-1
506,69,1739.12,194.27,63.16,167.25,0.4964,-1,-1,-1
506,73,401.19,170.87,67.26,176.08,0.4545,-1,-1,-1
507,3,1036.42,934.14,75.40,145.94,0.6482,-1,-1,-1
507,4,1727.90,458.53,63.74,210.90,0.3478,-1,-1,-1
507,8,208.78,753.51,86.85,279.32,0.7257,-1,-1,-1
507,17,469.08,152.10,60.53,174.21,0.3046,-1,-1,-1
507,28,278.39,782.30,89.78,261.30,0.7620,-1,-1,-1
507,32,929.77,687.06,88.24,245.09,0.6068,-1,-1,-1
507,41,1030.06,708.63,71.53,223.55,0.6134,-1,-1,-1
507,54,823.64,611.44,73.14,249.28,0.6979,-1,-1,-1
507,66,1619.15,303.27,60.45,188.19,0.4307,-1,-1,-1
507,69,1739.59,194.20,62.17,165.81,0.4658,-1,-1,-1
507,73,399.81,168.11,67.64,180.62,0.3865,-1,-1,-1
508,3,1037.30,933.51,75.97,146.47,0.6493,-1,-1,-1
508,4,1727.29,460.08,62.50,207.43,0.3725,-1,-1,-1
508,8,207.86,755.61,88.06,278.67,0.7430,-1,-1,-1
508,28,277.18,784.27,91.85,264.74,0.7674,-1,-1,-1
508,32,923.60,688.51,94.95,247.78,0.6068,-1,-1,-1
508,41,1030.12,710.07,72.37,224.05,0.6238,-1,-1,-1
508,54,825.24,611.51,71.96,249.02,0.7005,-1,-1,-1
508,66,1618.91,304.15,61.22,187.07,0.4918,-1,-1,-1
508,69,1741.47,195.57,60.19,164.83,0.5248,-1,-1,-1
509,3,1038.90,933.19,75.69,146.80,0.6428,-1,-1,-1
509,4,1727.12,459.00,64.55,206.77,0.3603,-1,-1,-1
509,8,206.51,758.50,86.33,274.04,0.7324,-1,-1,-1
509,28,279.71,788.34,86.35,259.90,0.7676,-1,-1,-1
509,32,930.79,690.50,90.52,249.19,0.6219,-1,-1,-1
509,41,1030.96,710.28,75.22,229.50,0.6290,-1,-1,-1
509,54,825.87,611.55,71.74,249.79,0.7007,-1,-1,-1
509,66,1619.26,300.93,57.66,188.17,0.4190,-1,-1,-1
509,69,1743.41,198.08,58.42,163.81,0.4763,-1,-1,-1
510,3,1039.84,934.54,76.72,145.53,0.6352,-1,-1,-1
510,4,1727.08,458.95,62.84,201.81,0.3777,-1,-1,-1
510,8,206.42,761.95,81.03,275.48,0.7396,-1,-1,-1
510,28,280.02,791.83,85.92,255.80,0.7570,-1,-1,-1
510,32,928.47,692.08,94.12,249.92,0.6185,-1,-1,-1
510,41,1028.52,711.43,81.22,228.04,0.5969,-1,-1,-1
510,54,826.40,611.63,70.87,250.00,0.7005,-1,-1,-1
510,66,1618.75,301.11,57.48,189.35,0.4571,-1,-1,-1
510,69,1745.19,200.49,57.55,163.22,0.5357,-1,-1,-1
510,74,1840.22,186.91,66.41,200.77,0.3133,-1,-1,-1
511,3,1041.63,931.82,75.16,148.05,0.6252,-1,-1,-1
511,4,1724.34,459.44,65.21,202.12,0.3957,-1,-1,-1
511,8,203.82,763.35,88.30,276.96,0.7621,-1,-1,-1
511,28,281.09,797.40,82.17,254.09,0.7810,-1,-1,-1
511,32,934.50,695.82,90.60,258.07,0.6370,-1,-1,-1
511,41,1030.50,713.07,79.03,217.29,0.5886,-1,-1,-1
511,54,826.70,612.00,71.25,249.65,0.6950,-1,-1,-1
511,66,1617.47,298.69,56.53,191.50,0.3588,-1,-1,-1
511,69,1748.41,202.41,55.29,162.73,0.5114,-1,-1,-1
512,3,1041.73,931.55,75.43,148.35,0.6333,-1,-1,-1
512,4,1724.49,457.61,64.36,204.69,0.3420,-1,-1,-1
512,8,202.34,766.17,92.02,275.59,0.7600,-1,-1,-1
512,28,280.75,798.80,81.34,259.84,0.7715,-1,-1,-1
512,32,935.11,698.03,91.25,262.23,0.6314,-1,-1,-1
512,41,1032.21,715.25,76.85,213.57,0.5685,-1,-1,-1
512,54,827.07,612.11,70.58,249.23,0.6945,-1,-1,-1
512,66,1616.11,299.98,56.68,189.94,0.3388,-1,-1,-1
512,69,1751.02,203.50,53.06,163.30,0.5362,-1,-1,-1
513,3,1041.38,933.04,76.58,146.34,0.6101,-1,-1,-1
513,4,1724.12,457.97,63.04,202.58,0.3492,-1,-1,-1
513,8,201.18,767.08,92.15,275.30,0.7576,-1,-1,-1
513,28,280.42,800.54,79.87,264.15,0.7784,-1,-1,-1
513,32,937.82,701.42,86.35,260.16,0.6128,-1,-1,-1
513,41,1035.73,718.21,74.35,225.02,0.5635,-1,-1,-1
513,54,827.39,611.61,69.71,250.49,0.6786,-1,-1,-1
513,66,1615.52,300.60,55.76,189.53,0.3846,-1,-1,-1
513,69,1751.80,203.64,53.01,166.29,0.5080,-1,-1,-1
514,3,1042.42,932.06,75.10,146.98,0.6357,-1,-1,-1
514,4,1724.35,461.17,62.24,198.51,0.3388,-1,-1,-1
514,8,198.13,769.87,93.05,274.54,0.7548,-1,-1,-1
514,28,278.72,800.64,78.87,264.01,0.7985,-1,-1,-1
514,32,944.40,704.37,80.65,260.21,0.6248,-1,-1,-1
514,41,1036.08,718.69,74.29,226.30,0.5792,-1,-1,-1
514,54,826.97,611.55,70.28,250.50,0.6590,-1,-1,-1
514,66,1615.71,301.44,53.75,189.28,0.3324,-1,-1,-1
514,69,1754.05,204.10,52.84,168.42,0.4573,-1,-1,-1
515,3,1043.01,932.41,75.19,146.65,0.6428,-1,-1,-1
515,4,1724.39,459.73,60.87,198.83,0.3413,-1,-1,-1
515,8,196.60,770.85,95.10,272.26,0.7595,-1,-1,-1
515,28,275.62,801.49,81.47,263.64,0.8024,-1,-1,-1
515,32,936.38,706.08,90.49,255.78,0.5981,-1,-1,-1
515,41,1034.44,720.00,76.88,231.07,0.6182,-1,-1,-1
515,54,827.70,611.82,69.22,250.13,0.6516,-1,-1,-1
515,66,1612.95,301.19,53.94,186.80,0.3133,-1,-1,-1
515,69,1755.24,205.59,53.20,167.89,0.4316,-1,-1,-1
516,3,1044.11,932.49,74.25,146.84,0.6137,-1,-1,-1
516,4,1721.75,459.43,64.51,203.61,0.4058,-1,-1,-1
516,8,193.37,772.53,96.91,269.76,0.7638,-1,-1,-1
516,28,273.44,801.84,81.75,262.38,0.8159,-1,-1,-1
516,32,938.44,709.00,89.99,252.10,0.6531,-1,-1,-1
516,41,1036.84,721.91,74.14,240.82,0.6360,-1,-1,-1
516,54,828.42,612.29,67.94,249.68,0.6382,-1,-1,-1
516,69,1755.92,204.92,53.46,165.26,0.4432,-1,-1,-1
517,3,1044.54,931.59,73.93,147.39,0.6179,-1,-1,-1
517,4,1723.94,457.07,63.38,207.02,0.3170,-1,-1,-1
517,8,192.92,775.17,93.43,264.22,0.7599,-1,-1,-1
517,28,273.28,803.33,81.41,262.13,0.8187,-1,-1,-1
517,32,938.11,711.36,91.28,253.64,0.6462,-1,-1,-1
517,41,1038.28,723.90,71.59,238.69,0.6404,-1,-1,-1
517,54,827.04,611.47,69.64,250.85,0.6499,-1,-1,-1
517,69,1758.58,203.90,53.40,158.03,0.4174,-1,-1,-1
518,3,1044.69,929.56,72.74,149.15,0.6506,-1,-1,-1
518,4,1723.18,456.50,63.25,206.21,0.3666,-1,-1,-1
518,8,191.47,776.51,91.44,263.05,0.7939,-1,-1,-1
518,28,271.32,803.50,82.80,260.92,0.8227,-1,-1,-1
518,32,941.91,712.83,89.60,258.69,0.6353,-1,-1,-1
518,41,1039.99,726.19,70.37,230.69,0.6212,-1,-1,-1
518,54,827.68,610.83,68.19,251.25,0.6394,-1,-1,-1
518,69,1760.65,204.81,52.74,154.63,0.3887,-1,-1,-1
519,3,1044.50,928.87,72.66,149.76,0.6273,-1,-1,-1
519,4,1722.67,459.88,67.06,206.45,0.3301,-1,-1,-1
519,8,190.05,778.37,92.06,261.74,0.7920,-1,-1,-1
519,17,463.80,137.06,62.27,178.01,0.3591,-1,-1,-1
519,28,270.30,805.16,83.11,259.83,0.8200,-1,-1,-1
519,32,943.64,713.80,87.64,259.52,0.6377,-1,-1,-1
519,41,1037.59,730.87,72.40,223.62,0.5525,-1,-1,-1
519,54,827.79,610.54,67.43,251.06,0.6207,-1,-1,-1
519,69,1759.31,205.44,56.99,166.15,0.3801,-1,-1,-1
519,75,1728.03,629.25,82.16,218.21,0.3593,-1,-1,-1
520,3,1044.52,926.18,72.81,152.76,0.6478,-1,-1,-1
520,4,1720.33,459.41,68.25,209.97,0.3657,-1,-1,-1
520,8,189.24,779.84,92.26,262.01,0.7899,-1,-1,-1
520,17,466.63,136.66,58.93,174.08,0.3062,-1,-1,-1
520,28,268.60,807.96,84.66,258.36,0.8219,-1,-1,-1
520,32,943.94,714.60,86.44,259.50,0.6922,-1,-1,-1
520,41,1038.24,733.09,76.28,206.03,0.5963,-1,-1,-1
520,54,827.54,607.70,68.35,252.11,0.5866,-1,-1,-1
520,69,1759.66,205.63,59.61,168.27,0.3053,-1,-1,-1
520,75,1732.42,629.93,81.07,222.67,0.4432,-1,-1,-1
521,3,1044.50,927.73,72.96,151.88,0.6577,-1,-1,-1
521,4,1717.14,460.52,70.73,209.90,0.3698,-1,-1,-1
521,8,188.61,780.32,94.93,268.91,0.7921,-1,-1,-1
521,17,466.98,145.45,56.68,161.00,0.3294,-1,-1,-1
521,28,267.08,810.60,84.82,257.75,0.8145,-1,-1,-1
521,32,948.61,717.80,83.94,257.01,0.6590,-1,-1,-1
521,41,1039.83,735.53,75.74,200.97,0.6012,-1,-1,-1
521,54,828.59,607.79,66.77,253.45,0.6094,-1,-1,-1
521,75,1732.72,633.06,88.89,215.01,0.5698,-1,-1,-1
522,3,1044.29,929.31,72.62,150.61,0.6439,-1,-1,-1
522,4,1716.24,462.04,71.80,208.13,0.3256,-1,-1,-1
522,8,188.59,781.84,95.97,272.34,0.7774,-1,-1,-1
522,17,468.18,144.12,54.67,160.66,0.3567,-1,-1,-1
522,28,268.15,813.46,83.51,255.86,0.7974,-1,-1,-1
522,32,947.61,718.93,85.60,255.54,0.6857,-1,-1,-1
522,41,1040.88,739.41,76.31,203.01,0.6260,-1,-1,-1
522,54,828.22,606.80,66.59,254.38,0.6268,-1,-1,-1
522,69,1763.61,207.45,59.99,171.01,0.3364,-1,-1,-1
522,75,1737.13,635.60,90.78,213.90,0.5509,-1,-1,-1
523,3,1044.26,929.58,72.24,149.76,0.6096,-1,-1,-1
523,4,1718.37,460.81,68.66,206.72,0.3884,-1,-1,-1
523,8,187.95,783.47,96.92,275.19,0.7728,-1,-1,-1
523,17,467.88,133.06,56.34,172.65,0.3464,-1,-1,-1
523,28,266.01,816.98,85.22,255.42,0.8006,-1,-1,-1
523,32,950.08,719.52,85.55,255.84,0.6343,-1,-1,-1
523,41,1044.83,740.28,72.60,207.86,0.6184,-1,-1,-1
523,54,828.51,607.62,66.38,254.03,0.6329,-1,-1,-1
523,69,1765.10,209.35,59.96,167.44,0.3791,-1,-1,-1
523,75,1743.30,637.21,89.05,214.80,0.4890,-1,-1,-1
523,76,1711.87,312.92,76.45,180.83,0.3923,-1,-1,-1
524,3,1044.34,930.43,71.48,148.88,0.5853,-1,-1,-1
524,4,1720.74,461.71,67.21,205.83,0.3746,-1,-1,-1
524,8,189.42,785.10,91.28,276.21,0.7695,-1,-1,-1
524,28,261.83,819.75,88.21,257.11,0.8094,-1,-1,-1
524,32,953.26,719.74,82.98,249.38,0.5977,-1,-1,-1
524,41,1044.90,743.44,74.16,220.46,0.6168,-1,-1,-1
524,54,827.13,608.31,66.24,253.03,0.6287,-1,-1,-1
524,69,1767.42,211.45,59.41,171.62,0.3880,-1,-1,-1
524,75,1742.10,641.25,93.21,215.85,0.3405,-1,-1,-1
524,76,1711.58,309.40,73.09,192.36,0.4368,-1,-1,-1
525,3,1043.94,931.89,72.74,148.07,0.5426,-1,-1,-1
525,4,1716.34,461.24,71.68,205.75,0.4629,-1,-1,-1
525,8,188.40,785.97,94.70,281.83,0.7708,-1,-1,-1
525,28,263.83,822.45,85.97,256.76,0.8099,-1,-1,-1
525,32,958.54,719.93,79.65,237.22,0.5087,-1,-1,-1
525,41,1045.57,743.47,75.69,227.81,0.6214,-1,-1,-1
525,54,827.06,607.85,66.49,253.10,0.6574,-1,-1,-1
525,69,1767.21,212.34,60.42,169.99,0.4597,-1,-1,-1
525,75,1753.87,643.92,84.04,219.86,0.3483,-1,-1,-1
525,76,1709.84,307.12,73.11,191.54,0.4013,-1,-1,-1
526,3,1043.86,929.46,71.89,150.40,0.6021,-1,-1,-1
526,4,1714.28,460.23,74.53,206.17,0.4467,-1,-1,-1
526,8,188.94,788.28,92.23,281.05,0.7714,-1,-1,-1
526,28,260.31,824.93,88.95,254.22,0.8044,-1,-1,-1
526,32,960.19,718.98,74.61,246.55,0.4979,-1,-1,-1
526,41,1049.88,741.90,74.61,215.29,0.5205,-1,-1,-1
526,54,826.58,606.32,66.97,255.12,0.6678,-1,-1,-1
526,69,1767.61,212.06,62.07,178.89,0.4270,-1,-1,-1
526,76,1706.76,305.74,74.05,188.98,0.3913,-1,-1,-1
527,3,1043.25,926.87,71.84,153.02,0.6514,-1,-1,-1
527,4,1714.87,460.41,74.73,206.11,0.4663,-1,-1,-1
527,8,188.93,788.74,92.66,283.53,0.7836,-1,-1,-1
527,17,465.80,125.86,57.49,180.23,0.3049,-1,-1,-1
527,28,259.33,827.09,89.26,251.37,0.7869,-1,-1,-1
527,32,959.00,723.40,77.39,244.18,0.4360,-1,-1,-1
527,41,1051.89,743.00,75.83,201.70,0.5252,-1,-1,-1
527,54,826.28,605.69,67.02,252.16,0.6680,-1,-1,-1
527,57,778.20,140.58,56.18,179.69,0.3455,-1,-1,-1
527,69,1766.42,213.72,65.50,176.70,0.4472,-1,-1,-1
527,73,385.97,198.14,62.71,183.22,0.3043,-1,-1,-1
527,76,1702.97,305.54,76.83,187.49,0.4029,-1,-1,-1
528,3,1043.31,923.39,69.92,156.51,0.6971,-1,-1,-1
528,4,1714.82,460.05,77.03,206.74,0.5019,-1,-1,-1
528,8,189.57,790.55,89.25,282.46,0.7786,-1,-1,-1
528,17,467.45,125.91,56.04,181.41,0.3319,-1,-1,-1
528,28,257.36,828.13,90.41,250.07,0.7950,-1,-1,-1
528,32,958.54,719.24,82.76,170.95,0.4188,-1,-1,-1
528,41,1053.80,744.80,75.76,197.51,0.5259,-1,-1,-1
528,54,826.06,605.44,67.20,252.36,0.6926,-1,-1,-1
528,57,777.96,140.57,55.91,179.64,0.3187,-1,-1,-1
528,69,1767.82,214.41,66.44,168.87,0.5166,-1,-1,-1
528,73,387.51,203.29,61.24,181.07,0.3118,-1,-1,-1
528,76,1700.29,305.73,77.15,186.45,0.4187,-1,-1,-1
529,3,1041.36,925.10,71.33,154.98,0.7088,-1,-1,-1
529,4,1714.90,460.46,77.51,206.75,0.5138,-1,-1,-1
529,8,191.07,791.74,87.51,281.25,0.7743,-1,-1,-1
529,17,466.48,125.46,57.71,182.27,0.3412,-1,-1,-1
529,28,257.20,829.06,89.05,247.94,0.7873,-1,-1,-1
529,32,965.28,733.86,75.04,247.98,0.4716,-1,-1,-1
529,41,1056.25,746.18,75.04,202.21,0.5672,-1,-1,-1
529,54,825.38,605.65,67.51,251.89,0.7107,-1,-1,-1
529,57,773.73,142.13,61.93,178.79,0.3109,-1,-1,-1
529,69,1766.91,213.36,67.40,174.34,0.5195,-1,-1,-1
529,73,388.14,202.97,60.07,186.68,0.3331,-1,-1,-1
529,76,1696.81,305.65,79.33,186.65,0.3176,-1,-1,-1
530,3,1039.90,927.52,72.55,152.63,0.6416,-1,-1,-1
530,4,1714.85,459.39,77.15,208.53,0.5285,-1,-1,-1
530,8,191.33,792.82,87.30,280.97,0.7637,-1,-1,-1
530,28,256.32,831.48,90.21,245.76,0.7871,-1,-1,-1
530,32,964.80,732.30,78.07,253.50,0.6288,-1,-1,-1
530,41,1055.98,747.80,76.91,199.46,0.5644,-1,-1,-1
530,54,823.51,604.86,67.14,251.85,0.7131,-1,-1,-1
530,69,1765.54,213.80,70.09,174.54,0.5135,-1,-1,-1
530,73,387.55,201.60,60.58,189.15,0.3470,-1,-1,-1
530,76,1695.31,306.99,78.72,182.58,0.3620,-1,-1,-1
531,3,1039.17,930.14,72.32,150.00,0.6540,-1,-1,-1
531,4,1715.24,460.52,76.75,207.07,0.5389,-1,-1,-1
531,8,191.60,794.83,87.04,279.10,0.7521,-1,-1,-1
531,17,468.12,124.44,57.31,177.49,0.3103,-1,-1,-1
531,28,256.79,832.67,89.16,245.22,0.7844,-1,-1,-1
531,32,965.53,732.67,78.54,253.97,0.6366,-1,-1,-1
531,41,1058.56,749.71,75.04,206.69,0.5973,-1,-1,-1
531,54,820.95,603.98,68.56,253.07,0.7079,-1,-1,-1
531,69,1764.12,214.26,71.75,173.66,0.5200,-1,-1,-1
531,73,375.54,197.02,72.35,194.50,0.4177,-1,-1,-1
531,76,1695.47,305.80,76.83,183.06,0.3705,-1,-1,-1
532,3,1039.49,936.92,71.64,143.45,0.6097,-1,-1,-1
532,4,1714.41,459.89,75.35,211.29,0.6018,-1,-1,-1
532,8,191.65,796.64,87.15,275.80,0.7768,-1,-1,-1
532,17,468.65,122.49,57.21,180.47,0.3334,-1,-1,-1
532,28,256.85,833.55,89.38,244.73,0.7899,-1,-1,-1
532,32,966.54,736.09,83.45,254.54,0.6743,-1,-1,-1
532,41,1058.46,750.80,76.39,210.71,0.6405,-1,-1,-1
532,54,817.78,603.03,70.14,251.44,0.7099,-1,-1,-1
532,69,1764.17,215.44,73.47,174.65,0.5165,-1,-1,-1
532,73,376.39,194.54,71.98,195.70,0.4117,-1,-1,-1
532,76,1697.38,305.22,74.48,185.07,0.3386,-1,-1,-1
533,3,1038.92,945.35,72.03,135.23,0.5311,-1,-1,-1
533,4,1714.51,458.41,74.89,211.43,0.6038,-1,-1,-1
533,8,190.19,797.99,90.51,273.84,0.7658,-1,-1,-1
533,28,256.63,835.05,89.28,243.85,0.7916,-1,-1,-1
533,32,968.29,738.82,86.66,249.11,0.6902,-1,-1,-1
533,41,1060.40,753.47,76.94,210.99,0.6015,-1,-1,-1
533,54,813.08,602.65,69.97,254.35,0.7122,-1,-1,-1
533,69,1765.21,218.47,73.08,172.66,0.4868,-1,-1,-1
533,73,376.52,195.86,71.42,195.77,0.3674,-1,-1,-1
533,76,1698.59,304.95,71.23,184.59,0.3674,-1,-1,-1
534,3,1037.73,948.87,72.90,131.35,0.4488,-1,-1,-1
534,4,1713.16,458.77,76.64,210.71,0.5888,-1,-1,-1
534,8,189.68,799.40,92.36,270.28,0.7755,-1,-1,-1
534,17,467.28,122.84,56.96,175.25,0.3688,-1,-1,-1
534,28,256.77,836.30,90.04,241.80,0.7829,-1,-1,-1
534,32,966.95,740.42,89.21,248.38,0.6799,-1,-1,-1
534,41,1064.08,755.34,73.33,214.68,0.5560,-1,-1,-1
534,54,809.21,601.29,70.95,256.88,0.7300,-1,-1,-1
534,69,1765.80,219.92,74.29,170.85,0.5252,-1,-1,-1
534,73,382.02,197.95,67.58,193.06,0.3665,-1,-1,-1
534,76,1696.51,303.43,71.52,184.81,0.4167,-1,-1,-1
535,4,1714.07,457.14,74.99,212.88,0.6176,-1,-1,-1
535,8,189.36,799.54,94.73,271.77,0.7963,-1,-1,-1
535,28,256.88,837.35,90.33,240.23,0.7887,-1,-1,-1
535,32,968.15,742.82,88.49,246.97,0.6599,-1,-1,-1
535,41,1061.06,758.81,77.55,225.43,0.4514,-1,-1,-1
535,54,804.33,599.81,73.41,254.70,0.7457,-1,-1,-1
535,69,1765.87,222.17,73.27,169.11,0.4699,-1,-1,-1
535,73,387.22,200.97,63.75,189.27,0.4037,-1,-1,-1
535,76,1694.58,300.18,72.98,187.15,0.3237,-1,-1,-1
535,78,139.38,311.59,93.08,188.32,0.3306,-1,-1,-1
536,4,1714.56,458.77,75.11,210.54,0.6237,-1,-1,-1
536,8,190.02,800.46,94.12,275.28,0.8008,-1,-1,-1
536,28,257.49,838.70,88.42,239.35,0.7894,-1,-1,-1
536,32,972.79,742.87,86.47,251.59,0.6402,-1,-1,-1
536,41,1061.77,761.06,78.17,222.23,0.4686,-1,-1,-1
536,54,802.26,599.78,73.26,253.47,0.7305,-1,-1,-1
536,69,1765.55,222.92,73.53,167.98,0.5121,-1,-1,-1
536,73,389.78,199.40,62.01,190.98,0.3940,-1,-1,-1
536,76,1694.21,299.98,72.07,187.44,0.3111,-1,-1,-1
536,78,140.81,309.95,91.65,189.20,0.4294,-1,-1,-1
537,4,1715.94,460.33,73.99,209.92,0.6184,-1,-1,-1
537,8,191.64,801.42,92.69,278.41,0.7857,-1,-1,-1
537,28,257.67,841.10,86.85,237.54,0.7763,-1,-1,-1
537,32,972.28,745.64,90.26,248.37,0.6561,-1,-1,-1
537,41,1064.94,762.98,75.41,227.16,0.5254,-1,-1,-1
537,54,797.66,599.99,76.87,255.29,0.7274,-1,-1,-1
537,69,1767.80,223.45,72.72,167.71,0.5019,-1,-1,-1
537,73,389.44,199.93,62.49,189.99,0.4261,-1,-1,-1
537,78,142.30,309.49,90.77,189.62,0.4440,-1,-1,-1
538,3,1031.40,943.90,78.75,135.75,0.3105,-1,-1,-1
538,4,1717.09,460.83,72.32,208.87,0.6259,-1,-1,-1
538,8,192.91,802.95,91.89,277.08,0.7956,-1,-1,-1
538,28,256.21,844.24,87.78,235.42,0.7830,-1,-1,-1
538,32,974.69,747.44,90.43,245.60,0.6989,-1,-1,-1
538,41,1061.78,764.83,78.64,226.02,0.5723,-1,-1,-1
538,54,797.05,600.40,77.79,254.36,0.7362,-1,-1,-1
538,69,1771.59,223.57,67.33,167.37,0.5207,-1,-1,-1
538,73,390.25,196.17,61.21,194.30,0.3624,-1,-1,-1
538,76,1690.38,296.45,68.36,190.44,0.3831,-1,-1,-1
538,78,144.45,309.47,90.38,188.81,0.3817,-1,-1,-1
539,3,1029.29,940.50,80.77,139.19,0.5008,-1,-1,-1
539,4,1716.09,460.32,73.63,209.00,0.6110,-1,-1,-1
539,8,193.34,804.85,91.81,275.19,0.7848,-1,-1,-1
539,28,254.26,846.74,88.61,233.02,0.7834,-1,-1,-1
539,32,975.63,748.56,89.41,244.20,0.7038,-1,-1,-1
539,41,1060.10,767.55,81.87,228.08,0.6095,-1,-1,-1
539,54,794.85,599.98,77.77,254.99,0.7297,-1,-1,-1
539,69,1774.93,224.63,64.39,166.42,0.4939,-1,-1,-1
539,73,390.14,191.24,60.77,200.05,0.4182,-1,-1,-1
539,76,1688.63,294.16,71.04,194.44,0.3624,-1,-1,-1
540,3,1029.00,944.01,81.15,136.33,0.3970,-1,-1,-1
540,4,1716.13,459.27,73.47,210.04,0.6306,-1,-1,-1
540,8,192.99,806.14,92.05,273.10,0.7671,-1,-1,-1
540,28,254.05,848.91,86.98,229.21,0.7685,-1,-1,-1
540,32,977.75,748.66,89.28,242.53,0.6745,-1,-1,-1
540,41,1061.65,768.77,81.85,221.33,0.5426,-1,-1,-1
540,54,792.39,599.78,79.38,254.09,0.7462,-1,-1,-1
540,69,1775.33,225.01,63.48,166.49,0.4509,-1,-1,-1
540,73,390.91,186.58,59.23,204.93,0.4420,-1,-1,-1
540,76,1684.15,291.02,72.00,196.68,0.4186,-1,-1,-1
541,3,1027.51,939.48,82.21,140.22,0.5404,-1,-1,-1
541,4,1716.39,458.61,73.25,209.92,0.6412,-1,-1,-1
541,8,196.68,809.37,89.65,270.34,0.7777,-1,-1,-1
541,28,254.80,850.48,86.53,228.27,0.7680,-1,-1,-1
541,32,982.12,750.75,85.02,238.27,0.6863,-1,-1,-1
541,41,1053.60,769.84,89.24,222.93,0.6325,-1,-1,-1
541,54,792.22,599.88,78.65,251.76,0.7224,-1,-1,-1
541,69,1776.50,225.64,63.14,166.39,0.4483,-1,-1,-1
541,73,390.00,186.96,60.14,206.95,0.4692,-1,-1,-1
541,76,1678.15,288.08,76.55,198.61,0.4099,-1,-1,-1
542,3,1030.70,948.41,78.87,132.70,0.3613,-1,-1,-1
542,4,1715.80,457.87,73.76,210.91,0.5984,-1,-1,-1
542,8,200.93,810.69,86.36,269.32,0.7557,-1,-1,-1
542,28,256.63,852.79,83.78,226.73,0.7469,-1,-1,-1
542,32,985.89,750.90,80.44,239.35,0.6710,-1,-1,-1
542,41,1069.36,771.39,75.41,223.93,0.5655,-1,-1,-1
542,54,790.53,599.15,78.29,251.86,0.7132,-1,-1,-1
542,69,1777.67,227.22,62.54,165.12,0.4327,-1,-1,-1
542,73,390.73,190.17,57.97,204.99,0.3987,-1,-1,-1
542,76,1675.79,284.72,79.77,202.06,0.4371,-1,-1,-1
542,79,775.31,91.73,74.23,230.14,0.3005,-1,-1,-1
543,3,1030.16,945.55,78.57,134.24,0.4403,-1,-1,-1
543,4,1714.71,456.64,75.37,211.98,0.5699,-1,-1,-1
543,8,203.42,811.75,85.40,268.27,0.7123,-1,-1,-1
543,28,256.53,857.59,82.07,222.30,0.7136,-1,-1,-1
543,32,988.77,752.79,81.37,231.65,0.6377,-1,-1,-1
543,41,1070.79,772.31,75.06,228.33,0.5949,-1,-1,-1
543,54,787.94,599.26,80.73,251.52,0.7077,-1,-1,-1
543,69,1779.78,227.49,61.31,165.91,0.4199,-1,-1,-1
543,73,390.20,206.11,56.87,191.41,0.3006,-1,-1,-1
543,76,1671.84,283.74,83.02,202.76,0.4385,-1,-1,-1
543,79,777.86,90.27,72.63,230.92,0.3138,-1,-1,-1
544,3,1027.50,944.06,81.44,135.74,0.4525,-1,-1,-1
544,4,1714.08,456.95,75.94,212.20,0.5608,-1,-1,-1
544,8,206.41,813.05,83.87,266.97,0.7178,-1,-1,-1
544,28,256.14,862.66,82.51,216.25,0.6976,-1,-1,-1
544,32,987.11,755.19,86.33,225.95,0.6524,-1,-1,-1
544,41,1071.14,772.43,76.99,227.18,0.5996,-1,-1,-1
544,54,783.93,598.95,83.10,252.38,0.7251,-1,-1,-1
544,69,1780.47,227.95,61.01,166.32,0.4219,-1,-1,-1
544,73,390.77,202.38,56.62,194.47,0.3186,-1,-1,-1
544,76,1669.31,283.52,85.50,202.69,0.4205,-1,-1,-1
544,79,778.94,87.40,71.93,233.06,0.3591,-1,-1,-1
545,3,1017.93,942.46,90.11,137.40,0.5469,-1,-1,-1
545,4,1713.32,458.28,76.19,208.97,0.6114,-1,-1,-1
545,8,208.52,814.72,82.40,265.31,0.6978,-1,-1,-1
545,28,253.35,866.14,84.13,212.83,0.7242,-1,-1,-1
545,32,991.44,756.97,82.82,224.97,0.6540,-1,-1,-1
545,41,1069.76,775.74,79.71,225.33,0.5953,-1,-1,-1
545,54,775.48,598.43,90.62,253.52,0.7364,-1,-1,-1
545,69,1784.37,227.82,58.56,169.95,0.4187,-1,-1,-1
545,73,390.62,211.44,56.92,188.74,0.3657,-1,-1,-1
545,76,1666.01,283.25,87.59,203.36,0.3899,-1,-1,-1
545,79,777.50,86.55,72.79,234.30,0.3533,-1,-1,-1
546,3,1021.24,942.73,85.98,137.28,0.5612,-1,-1,-1
546,4,1711.08,457.53,78.86,211.08,0.6235,-1,-1,-1
546,8,209.77,815.70,82.66,264.31,0.6788,-1,-1,-1
546,28,251.87,868.82,83.68,210.85,0.7188,-1,-1,-1
546,32,992.51,759.63,84.62,225.84,0.6304,-1,-1,-1
546,41,1072.92,776.89,78.51,227.82,0.6101,-1,-1,-1
546,54,770.74,598.41,93.60,253.07,0.7461,-1,-1,-1
546,69,1787.12,229.60,56.80,170.50,0.3927,-1,-1,-1
546,76,1666.37,283.88,87.25,201.67,0.3893,-1,-1,-1
546,79,779.23,85.20,71.32,234.76,0.4338,-1,-1,-1
547,3,1027.63,944.64,79.91,135.49,0.5319,-1,-1,-1
547,4,1711.80,456.97,83.49,211.30,0.5921,-1,-1,-1
547,8,211.12,817.34,82.95,262.69,0.6817,-1,-1,-1
547,28,251.91,872.56,84.04,207.47,0.6903,-1,-1,-1
547,32,994.97,761.57,85.94,219.48,0.6357,-1,-1,-1
547,41,1074.46,779.33,78.40,230.29,0.6291,-1,-1,-1
547,54,770.99,597.97,93.14,255.33,0.7605,-1,-1,-1
547,69,1788.43,231.87,58.44,171.68,0.3923,-1,-1,-1
547,76,1660.22,284.91,91.99,198.16,0.3394,-1,-1,-1
547,79,778.61,85.13,72.51,235.11,0.4511,-1,-1,-1
548,3,1026.80,938.70,80.04,140.89,0.5494,-1,-1,-1
548,4,1716.49,458.70,73.89,210.77,0.5886,-1,-1,-1
548,8,212.66,818.45,81.40,261.56,0.6488,-1,-1,-1
548,28,252.11,875.33,80.74,204.67,0.6880,-1,-1,-1
548,32,993.88,765.87,87.34,216.60,0.6599,-1,-1,-1
548,41,1066.92,781.90,88.36,237.71,0.6415,-1,-1,-1
548,54,769.53,598.16,93.83,256.02,0.7462,-1,-1,-1
548,69,1788.97,235.26,60.90,173.50,0.4258,-1,-1,-1
548,73,383.92,218.46,62.15,187.83,0.3723,-1,-1,-1
548,76,1660.33,285.21,92.37,196.67,0.3616,-1,-1,-1
548,79,779.29,83.91,72.00,237.92,0.4320,-1,-1,-1
549,3,1024.53,934.72,82.52,144.97,0.5255,-1,-1,-1
549,4,1721.44,459.13,68.47,208.73,0.6295,-1,-1,-1
549,8,213.59,819.96,82.01,260.09,0.5254,-1,-1,-1
549,28,249.36,873.26,80.91,206.52,0.6309,-1,-1,-1
549,32,996.88,768.49,83.23,211.70,0.5850,-1,-1,-1
549,41,1068.39,783.62,87.26,243.36,0.6419,-1,-1,-1
549,54,769.60,599.26,92.98,254.22,0.7488,-1,-1,-1
549,69,1790.28,236.78,61.91,174.49,0.3902,-1,-1,-1
549,73,386.68,225.36,56.85,182.92,0.4233,-1,-1,-1
549,76,1659.34,284.88,94.59,198.25,0.3832,-1,-1,-1
549,78,183.80,300.56,67.65,199.14,0.3119,-1,-1,-1
549,79,779.69,84.58,71.04,236.31,0.4413,-1,-1,-1
550,3,1023.79,934.75,82.56,145.29,0.5165,-1,-1,-1
550,4,1718.63,458.54,71.38,209.86,0.6131,-1,-1,-1
550,8,214.88,821.95,82.95,258.15,0.4100,-1,-1,-1
550,28,247.02,873.67,81.30,206.21,0.5721,-1,-1,-1
550,32,998.92,772.30,80.18,198.75,0.5128,-1,-1,-1
550,41,1067.93,786.92,89.54,244.78,0.5967,-1,-1,-1
550,54,767.37,600.02,94.44,252.80,0.7335,-1,-1,-1
550,69,1794.06,235.99,58.82,175.35,0.4180,-1,-1,-1
550,73,383.44,228.87,60.87,178.75,0.3811,-1,-1,-1
550,76,1658.97,283.84,93.78,197.39,0.4002,-1,-1,-1
550,79,782.32,84.95,70.09,236.35,0.4438,-1,-1,-1
551,3,1018.73,936.55,87.00,143.61,0.5713,-1,-1,-1
551,4,1721.09,459.20,68.71,209.16,0.6051,-1,-1,-1
551,8,217.07,823.50,85.74,256.57,0.3523,-1,-1,-1
551,28,239.32,874.13,89.35,205.78,0.5715,-1,-1,-1
551,32,1002.63,772.50,79.25,188.30,0.4895,-1,-1,-1
551,41,1076.21,789.83,85.45,241.90,0.5681,-1,-1,-1
551,54,767.03,598.60,92.55,255.13,0.7295,-1,-1,-1
551,69,1795.78,235.87,58.26,176.04,0.4389,-1,-1,-1
551,73,381.17,225.87,62.63,181.79,0.4695,-1,-1,-1
551,76,1660.82,282.35,91.82,202.15,0.4083,-1,-1,-1
551,79,781.93,84.81,70.69,236.72,0.4775,-1,-1,-1
552,3,1012.21,934.46,91.94,145.43,0.5270,-1,-1,-1
552,4,1724.57,458.28,64.88,208.62,0.6062,-1,-1,-1
552,28,233.68,874.81,94.18,205.15,0.6563,-1,-1,-1
552,32,1007.42,774.90,76.70,176.62,0.4712,-1,-1,-1
552,41,1073.12,793.00,91.52,240.79,0.5720,-1,-1,-1
552,54,766.70,597.89,91.98,254.15,0.7420,-1,-1,-1
552,69,1796.99,236.72,57.85,176.63,0.3951,-1,-1,-1
552,73,380.03,225.53,64.41,182.09,0.4154,-1,-1,-1
552,76,1662.37,281.42,87.55,209.36,0.3966,-1,-1,-1
552,79,784.53,83.65,70.39,237.75,0.4573,-1,-1,-1
553,3,995.90,928.37,108.92,151.04,0.5364,-1,-1,-1
553,4,1722.27,458.80,67.05,208.10,0.5768,-1,-1,-1
553,28,234.44,875.61,91.71,204.36,0.6737,-1,-1,-1
553,32,1010.44,777.59,73.48,166.08,0.5104,-1,-1,-1
553,41,1072.78,795.13,95.79,243.35,0.5789,-1,-1,-1
553,54,766.44,595.76,91.77,254.42,0.7524,-1,-1,-1
553,69,1799.06,236.85,57.97,176.04,0.3755,-1,-1,-1
553,73,380.14,222.88,64.81,184.01,0.4120,-1,-1,-1
553,76,1662.05,279.43,88.47,218.55,0.3751,-1,-1,-1
553,79,786.23,84.68,71.27,235.01,0.4183,-1,-1,-1
554,4,1722.57,459.06,66.84,207.78,0.5985,-1,-1,-1
554,8,231.87,832.83,95.19,247.24,0.6351,-1,-1,-1
554,32,1009.60,782.30,71.09,165.84,0.3104,-1,-1,-1
554,41,1082.22,797.01,90.61,242.44,0.5158,-1,-1,-1
554,54,766.73,595.64,88.02,251.52,0.7511,-1,-1,-1
554,69,1803.20,236.37,56.04,176.03,0.3026,-1,-1,-1
554,73,377.41,219.55,66.79,186.71,0.5271,-1,-1,-1
554,76,1663.47,275.81,84.24,208.92,0.4109,-1,-1,-1
554,79,788.50,85.31,71.61,233.60,0.4258,-1,-1,-1
555,3,1005.37,928.40,100.42,151.73,0.3213,-1,-1,-1
555,4,1722.94,457.18,66.20,209.38,0.6001,-1,-1,-1
555,8,232.89,834.35,96.62,245.65,0.7003,-1,-1,-1
555,32,1013.20,783.30,70.75,157.95,0.3537,-1,-1,-1
555,41,1087.73,798.66,85.36,238.79,0.6162,-1,-1,-1
555,54,764.92,595.98,88.71,251.08,0.7344,-1,-1,-1
555,73,376.89,217.98,65.94,188.87,0.5312,-1,-1,-1
555,76,1667.98,274.99,79.51,198.38,0.4645,-1,-1,-1
555,79,787.26,84.61,74.52,234.48,0.3998,-1,-1,-1
556,3,1018.09,795.40,87.45,273.83,0.4625,-1,-1,-1
556,4,1723.39,455.85,65.03,208.07,0.6181,-1,-1,-1
556,28,237.19,877.33,91.94,202.36,0.6131,-1,-1,-1
556,32,1016.89,787.93,68.61,178.64,0.3027,-1,-1,-1
556,41,1095.81,799.03,81.39,238.79,0.5739,-1,-1,-1
556,54,762.96,593.72,87.53,250.22,0.7562,-1,-1,-1
556,69,1806.94,236.64,61.20,175.17,0.3256,-1,-1,-1
556,73,377.58,220.25,65.81,189.59,0.5016,-1,-1,-1
556,76,1667.20,273.52,76.40,194.47,0.4873,-1,-1,-1
556,79,787.73,85.71,74.91,232.80,0.4121,-1,-1,-1
557,3,1012.67,786.09,90.01,291.41,0.4499,-1,-1,-1
557,4,1724.51,457.83,67.41,206.91,0.6170,-1,-1,-1
557,8,238.99,837.19,94.91,242.79,0.7365,-1,-1,-1
557,41,1101.40,800.34,78.42,235.85,0.5541,-1,-1,-1
557,54,760.60,593.65,86.94,247.03,0.7159,-1,-1,-1
557,69,1806.07,237.06,62.16,174.00,0.3461,-1,-1,-1
557,73,375.52,222.60,67.92,186.70,0.5111,-1,-1,-1
557,76,1668.69,273.68,78.41,194.36,0.5163,-1,-1,-1
557,79,789.77,84.90,72.18,233.21,0.4474,-1,-1,-1
558,3,1012.71,784.31,89.97,295.42,0.5358,-1,-1,-1
558,4,1720.93,455.93,67.20,209.86,0.6835,-1,-1,-1
558,8,239.39,837.97,98.97,242.00,0.7190,-1,-1,-1
558,41,1101.98,800.19,80.46,234.20,0.6041,-1,-1,-1
558,54,757.20,594.05,87.13,244.06,0.7109,-1,-1,-1
558,69,1811.33,237.05,61.91,174.98,0.3606,-1,-1,-1
558,73,375.72,223.16,67.45,187.69,0.5429,-1,-1,-1
558,76,1669.23,271.48,75.63,193.67,0.5492,-1,-1,-1
558,79,791.67,84.14,70.73,234.90,0.4338,-1,-1,-1
559,4,1725.24,458.13,65.28,205.61,0.6567,-1,-1,-1
559,28,239.57,889.21,95.91,190.85,0.7282,-1,-1,-1
559,32,1019.02,786.12,74.61,197.14,0.4999,-1,-1,-1
559,41,1101.44,801.44,84.73,233.60,0.6068,-1,-1,-1
559,54,754.76,593.40,82.46,242.71,0.6848,-1,-1,-1
559,69,1814.48,237.01,60.55,174.65,0.3662,-1,-1,-1
559,73,375.14,225.51,67.67,187.08,0.5571,-1,-1,-1
559,76,1669.70,271.90,74.84,193.94,0.5372,-1,-1,-1
559,79,792.11,83.01,69.31,236.80,0.3929,-1,-1,-1
560,4,1725.91,458.84,64.77,202.59,0.6607,-1,-1,-1
560,17,461.63,92.24,57.22,180.11,0.3287,-1,-1,-1
560,28,240.41,890.95,93.54,189.04,0.7417,-1,-1,-1
560,32,1018.72,786.43,79.89,198.35,0.5257,-1,-1,-1
560,41,1102.64,801.80,84.72,232.60,0.5581,-1,-1,-1
560,54,752.34,590.83,79.57,244.50,0.6902,-1,-1,-1
560,69,1817.46,237.30,58.47,175.80,0.3580,-1,-1,-1
560,73,373.77,225.82,67.02,189.07,0.5476,-1,-1,-1
560,76,1668.01,271.12,75.00,192.87,0.5489,-1,-1,-1
560,79,793.97,91.82,66.79,226.94,0.4046,-1,-1,-1
561,4,1724.25,458.23,63.56,203.31,0.6692,-1,-1,-1
561,17,462.20,92.47,57.29,175.78,0.3462,-1,-1,-1
561,28,243.03,894.89,91.33,185.07,0.6748,-1,-1,-1
561,32,1018.52,787.74,78.87,199.04,0.4826,-1,-1,-1
561,41,1104.65,802.99,82.59,232.32,0.5990,-1,-1,-1
561,54,749.57,590.92,74.09,242.12,0.6932,-1,-1,-1
561,69,1818.52,237.84,60.93,176.99,0.3352,-1,-1,-1
561,73,373.76,228.05,66.96,187.96,0.5728,-1,-1,-1
561,76,1666.61,271.27,75.66,192.84,0.5644,-1,-1,-1
561,79,795.03,83.09,65.72,235.71,0.4365,-1,-1,-1
562,4,1722.95,456.98,63.84,206.34,0.6457,-1,-1,-1
562,28,244.31,898.43,91.96,181.06,0.6623,-1,-1,-1
562,32,1017.54,791.03,81.35,197.44,0.6257,-1,-1,-1
562,41,1105.29,805.59,86.15,234.79,0.6008,-1,-1,-1
562,54,747.12,593.12,71.44,236.13,0.6951,-1,-1,-1
562,69,1820.33,238.25,62.13,179.71,0.3342,-1,-1,-1
562,73,373.40,231.03,67.83,186.40,0.5958,-1,-1,-1
562,76,1663.73,270.71,77.39,192.14,0.5677,-1,-1,-1
562,79,793.98,79.58,67.35,238.55,0.4263,-1,-1,-1
563,4,1720.74,456.32,72.54,207.53,0.6362,-1,-1,-1
563,8,267.14,841.36,84.20,230.48,0.5089,-1,-1,-1
563,28,245.23,902.43,82.21,177.53,0.6873,-1,-1,-1
563,32,1017.79,795.14,84.17,220.38,0.5468,-1,-1,-1
563,41,1106.12,809.63,88.60,236.67,0.5827,-1,-1,-1
563,54,740.80,591.05,75.37,241.25,0.7023,-1,-1,-1
563,69,1819.74,241.72,63.02,177.70,0.3142,-1,-1,-1
563,73,375.26,234.40,66.57,184.89,0.5617,-1,-1,-1
563,76,1663.14,270.31,76.02,189.41,0.5080,-1,-1,-1
563,79,795.32,78.87,66.41,239.67,0.3966,-1,-1,-1
563,80,988.97,936.10,106.54,142.70,0.5193,-1,-1,-1
564,4,1720.35,453.83,69.06,208.79,0.6452,-1,-1,-1
564,8,268.60,842.84,86.73,230.01,0.5922,-1,-1,-1
564,28,246.41,905.54,79.83,174.44,0.7043,-1,-1,-1
564,32,1020.85,798.12,81.09,249.65,0.5989,-1,-1,-1
564,41,1106.17,812.24,86.84,241.97,0.5645,-1,-1,-1
564,54,735.31,589.73,78.67,242.83,0.6926,-1,-1,-1
564,69,1821.91,242.77,66.34,178.93,0.3452,-1,-1,-1
564,73,375.37,234.51,65.95,189.30,0.6126,-1,-1,-1
564,76,1663.49,269.62,74.61,188.99,0.5098,-1,-1,-1
564,79,796.20,77.22,67.38,241.84,0.4446,-1,-1,-1
564,80,986.11,935.95,110.04,142.81,0.5763,-1,-1,-1
565,4,1719.00,456.67,75.36,207.60,0.6391,-1,-1,-1
565,8,269.02,844.17,92.06,231.44,0.5832,-1,-1,-1
565,28,248.30,906.50,79.56,173.11,0.7141,-1,-1,-1
565,32,1019.81,798.70,86.70,266.34,0.6417,-1,-1,-1
565,41,1106.11,814.27,89.56,243.03,0.6163,-1,-1,-1
565,54,733.40,589.32,79.40,242.60,0.6092,-1,-1,-1
565,69,1823.25,245.10,67.23,176.69,0.3827,-1,-1,-1
565,73,375.58,235.76,64.27,191.18,0.6520,-1,-1,-1
565,76,1664.75,268.89,72.93,189.91,0.4923,-1,-1,-1
565,79,796.80,75.91,68.06,243.82,0.4424,-1,-1,-1
565,80,984.83,936.71,107.37,141.61,0.4413,-1,-1,-1
566,4,1717.82,456.24,76.11,208.33,0.6350,-1,-1,-1
566,8,270.15,846.50,98.88,232.10,0.6399,-1,-1,-1
566,28,248.74,908.72,79.64,171.26,0.7456,-1,-1,-1
566,32,1021.55,800.92,86.09,267.42,0.5945,-1,-1,-1
566,41,1101.13,817.32,95.45,243.93,0.6226,-1,-1,-1
566,54,733.92,590.69,76.53,240.66,0.6116,-1,-1,-1
566,69,1824.57,246.54,68.08,172.52,0.4078,-1,-1,-1
566,73,375.61,235.18,63.82,191.75,0.6633,-1,-1,-1
566,76,1667.43,269.55,68.60,183.20,0.5109,-1,-1,-1
566,79,797.22,76.09,68.33,243.13,0.4446,-1,-1,-1
566,80,984.83,933.04,103.92,145.94,0.5274,-1,-1,-1
566,81,1580.14,603.41,93.54,225.83,0.3020,-1,-1,-1
567,4,1716.55,457.05,79.57,209.90,0.6463,-1,-1,-1
567,8,270.12,848.11,104.59,231.73,0.6446,-1,-1,-1
567,17,473.88,89.97,49.08,168.02,0.3047,-1,-1,-1
567,28,249.05,910.96,79.14,169.03,0.7539,-1,-1,-1
567,32,1026.26,804.29,82.68,260.62,0.4887,-1,-1,-1
567,41,1113.14,819.72,84.66,240.95,0.4847,-1,-1,-1
567,54,730.39,590.84,78.37,242.51,0.5696,-1,-1,-1
567,69,1825.27,249.15,67.72,170.81,0.4119,-1,-1,-1
567,73,374.96,236.33,63.69,191.53,0.6653,-1,-1,-1
567,76,1668.61,270.18,65.03,181.30,0.5393,-1,-1,-1
567,79,796.04,76.83,70.48,242.29,0.4445,-1,-1,-1
567,80,985.30,931.56,100.88,146.92,0.6045,-1,-1,-1
567,81,1573.46,588.88,102.90,235.97,0.5710,-1,-1,-1
568,4,1716.65,456.60,77.53,210.39,0.6965,-1,-1,-1
568,8,271.47,849.27,106.94,230.25,0.6575,-1,-1,-1
568,28,248.73,912.83,81.02,167.16,0.7605,-1,-1,-1
568,32,1026.99,808.45,84.06,260.56,0.4812,-1,-1,-1
568,41,1113.34,822.03,84.83,240.18,0.4960,-1,-1,-1
568,54,730.53,589.16,76.56,244.48,0.6217,-1,-1,-1
568,69,1825.12,252.00,67.40,171.16,0.3843,-1,-1,-1
568,73,375.48,237.75,63.75,190.36,0.6409,-1,-1,-1
568,76,1669.40,270.63,62.07,181.93,0.5738,-1,-1,-1
568,79,794.82,75.83,73.09,243.52,0.4727,-1,-1,-1
568,80,985.05,933.12,100.33,144.60,0.3815,-1,-1,-1
568,81,1565.31,587.55,111.92,237.56,0.4046,-1,-1,-1
569,4,1715.49,457.48,78.74,209.72,0.6937,-1,-1,-1
569,8,277.59,851.29,106.68,228.46,0.6480,-1,-1,-1
569,28,248.85,914.21,81.17,165.76,0.7553,-1,-1,-1
569,32,1032.54,810.02,82.57,263.64,0.5718,-1,-1,-1
569,41,1115.46,825.25,83.15,239.75,0.4755,-1,-1,-1
569,54,726.15,588.00,79.90,246.02,0.6255,-1,-1,-1
569,69,1826.50,253.26,67.16,172.64,0.3846,-1,-1,-1
569,73,374.99,236.71,65.93,192.75,0.6382,-1,-1,-1
569,76,1667.80,267.22,61.91,184.32,0.5477,-1,-1,-1
569,79,795.98,74.72,72.66,244.81,0.4433,-1,-1,-1
569,81,1569.70,594.86,109.96,231.91,0.4364,-1,-1,-1
570,4,1714.78,457.02,79.04,209.31,0.6843,-1,-1,-1
570,8,280.43,852.64,108.35,227.36,0.6638,-1,-1,-1
570,28,248.81,915.64,80.73,164.34,0.7440,-1,-1,-1
570,32,1034.20,811.81,81.75,264.66,0.6019,-1,-1,-1
570,41,1119.26,826.46,83.78,241.70,0.5841,-1,-1,-1
570,54,724.48,586.54,80.79,249.30,0.6121,-1,-1,-1
570,69,1826.70,254.32,68.81,173.84,0.3345,-1,-1,-1
570,73,375.39,237.06,66.01,192.71,0.6360,-1,-1,-1
570,76,1666.75,265.90,62.06,182.26,0.5398,-1,-1,-1
570,79,795.18,72.88,74.33,247.18,0.4924,-1,-1,-1
570,80,990.66,932.55,86.92,145.75,0.3424,-1,-1,-1
570,81,1569.74,593.39,107.86,232.24,0.5573,-1,-1,-1
571,4,1714.83,455.61,80.78,209.34,0.6716,-1,-1,-1
571,8,283.01,855.46,106.31,224.60,0.6721,-1,-1,-1
571,28,247.30,918.85,81.49,161.17,0.7474,-1,-1,-1
571,32,1040.32,813.67,77.66,263.30,0.6702,-1,-1,-1
571,41,1128.50,828.60,75.24,242.64,0.6648,-1,-1,-1
571,54,719.18,587.54,85.73,247.18,0.5525,-1,-1,-1
571,73,374.98,236.21,66.84,191.93,0.6212,-1,-1,-1
571,76,1663.96,262.92,62.16,179.96,0.5539,-1,-1,-1
571,79,794.15,71.32,77.33,247.99,0.4730,-1,-1,-1
571,80,994.50,931.19,80.42,146.89,0.4004,-1,-1,-1
571,81,1560.65,587.71,116.93,237.11,0.5822,-1,-1,-1
572,4,1715.00,457.73,80.32,208.21,0.6369,-1,-1,-1
572,8,294.16,857.21,98.38,222.80,0.6897,-1,-1,-1
572,28,249.23,918.78,81.92,160.95,0.7480,-1,-1,-1
572,32,1042.23,816.68,78.60,258.73,0.6373,-1,-1,-1
572,41,1123.32,829.53,80.28,241.52,0.6073,-1,-1,-1
572,54,714.72,587.07,88.99,249.59,0.5177,-1,-1,-1
572,73,377.32,238.54,64.46,188.06,0.6144,-1,-1,-1
572,76,1663.28,260.29,64.12,180.42,0.5111,-1,-1,-1
572,79,792.61,71.71,79.38,247.22,0.4477,-1,-1,-1
572,80,992.08,929.52,82.51,149.35,0.5683,-1,-1,-1
572,81,1566.29,590.07,111.97,236.04,0.5144,-1,-1,-1
573,4,1714.97,457.10,81.73,210.23,0.6214,-1,-1,-1
573,8,292.72,859.22,94.71,220.20,0.6913,-1,-1,-1
573,28,247.03,925.20,83.20,154.91,0.7368,-1,-1,-1
573,32,1044.59,818.68,80.17,254.32,0.6230,-1,-1,-1
573,41,1124.61,831.63,78.93,245.02,0.6401,-1,-1,-1
573,54,712.91,587.18,88.19,249.65,0.6433,-1,-1,-1
573,73,377.39,240.28,64.06,184.58,0.6200,-1,-1,-1
573,76,1660.16,258.52,64.42,183.12,0.5203,-1,-1,-1
573,79,792.78,70.38,80.67,248.88,0.4695,-1,-1,-1
573,80,993.52,929.70,80.83,149.28,0.6001,-1,-1,-1
573,81,1562.76,587.55,116.48,237.73,0.4860,-1,-1,-1
574,4,1716.04,457.69,80.33,208.04,0.6429,-1,-1,-1
574,8,296.12,860.85,97.20,219.13,0.6987,-1,-1,-1
574,28,247.91,928.12,82.73,151.89,0.7365,-1,-1,-1
574,32,1046.30,819.23,81.44,251.86,0.6010,-1,-1,-1
574,41,1124.57,832.05,80.93,245.00,0.6194,-1,-1,-1
574,54,709.28,585.40,89.80,249.47,0.6973,-1,-1,-1
574,73,377.94,241.15,63.33,184.26,0.6426,-1,-1,-1
574,76,1659.97,257.02,66.89,184.54,0.5341,-1,-1,-1
574,79,791.45,69.46,82.12,251.02,0.4648,-1,-1,-1
574,80,996.32,928.90,77.25,149.63,0.6000,-1,-1,-1
574,81,1565.83,596.30,115.87,231.39,0.4310,-1,-1,-1
575,4,1715.76,456.40,80.36,208.64,0.6428,-1,-1,-1
575,8,297.53,863.10,94.89,216.93,0.6977,-1,-1,-1
575,28,249.36,925.26,80.60,154.60,0.7335,-1,-1,-1
575,32,1046.43,820.25,83.43,252.97,0.6199,-1,-1,-1
575,41,1121.23,834.21,89.18,243.91,0.6431,-1,-1,-1
575,54,708.62,584.18,89.49,249.33,0.6841,-1,-1,-1
575,73,377.84,240.56,64.28,187.27,0.6438,-1,-1,-1
575,76,1658.45,255.54,68.06,186.26,0.5477,-1,-1,-1
575,79,800.28,70.02,74.04,249.20,0.4354,-1,-1,-1
575,80,999.98,928.41,73.15,149.50,0.5780,-1,-1,-1
575,81,1564.88,600.12,113.38,227.14,0.5406,-1,-1,-1
576,4,1716.21,456.74,81.14,209.83,0.6138,-1,-1,-1
576,8,297.28,865.86,93.77,214.04,0.6981,-1,-1,-1
576,28,248.96,929.84,81.81,150.23,0.7418,-1,-1,-1
576,32,1047.53,820.81,81.85,252.34,0.5828,-1,-1,-1
576,41,1124.04,834.95,89.64,242.04,0.5978,-1,-1,-1
576,54,707.06,582.89,89.70,251.27,0.7062,-1,-1,-1
576,73,377.69,244.31,64.55,187.51,0.6619,-1,-1,-1
576,76,1656.87,253.96,69.84,186.03,0.5612,-1,-1,-1
576,79,804.33,69.92,70.07,248.65,0.4033,-1,-1,-1
576,80,1005.44,927.85,65.30,149.50,0.4797,-1,-1,-1
576,81,1567.23,598.33,109.31,226.67,0.6099,-1,-1,-1
577,4,1716.60,457.75,80.78,208.59,0.5880,-1,-1,-1
577,8,297.59,870.37,97.90,209.41,0.6998,-1,-1,-1
577,28,248.60,935.51,83.29,144.57,0.7432,-1,-1,-1
577,32,1049.52,822.70,80.63,249.03,0.5016,-1,-1,-1
577,41,1120.66,837.66,96.91,239.20,0.5126,-1,-1,-1
577,54,704.91,580.61,89.42,248.98,0.7005,-1,-1,-1
577,73,378.62,247.64,63.54,187.51,0.6273,-1,-1,-1
577,76,1655.03,251.74,71.72,187.63,0.5222,-1,-1,-1
577,79,805.43,70.30,69.82,247.65,0.4469,-1,-1,-1
577,80,1004.87,927.07,67.21,150.16,0.5718,-1,-1,-1
577,81,1563.74,600.21,113.43,226.52,0.5659,-1,-1,-1
578,4,1716.64,458.62,80.51,209.36,0.5575,-1,-1,-1
578,8,297.49,872.07,96.03,207.18,0.6970,-1,-1,-1
578,28,248.95,940.74,82.49,139.33,0.7391,-1,-1,-1
578,32,1053.22,823.66,78.19,246.03,0.4853,-1,-1,-1
578,41,1126.30,839.66,81.21,238.00,0.4747,-1,-1,-1
578,54,703.47,576.68,88.42,246.30,0.6775,-1,-1,-1
578,73,377.77,249.73,63.77,188.41,0.6461,-1,-1,-1
578,76,1654.40,250.40,73.03,189.40,0.5596,-1,-1,-1
578,79,808.14,70.31,67.61,246.96,0.4341,-1,-1,-1
578,80,1005.29,926.59,69.86,150.75,0.5379,-1,-1,-1
578,81,1562.26,601.38,112.87,226.15,0.5775,-1,-1,-1
579,4,1716.97,459.10,80.16,209.07,0.5637,-1,-1,-1
579,8,297.45,873.77,95.87,204.89,0.6986,-1,-1,-1
579,28,248.68,944.18,82.11,135.84,0.7279,-1,-1,-1
579,32,1052.96,826.32,82.43,248.00,0.4999,-1,-1,-1
579,41,1127.84,839.46,91.12,237.73,0.5749,-1,-1,-1
579,54,703.19,574.51,83.19,233.11,0.5908,-1,-1,-1
579,69,1841.94,255.79,62.68,173.75,0.3459,-1,-1,-1
579,73,377.80,250.52,63.64,187.95,0.6678,-1,-1,-1
579,76,1649.97,248.69,78.22,192.54,0.5490,-1,-1,-1
579,79,808.56,69.39,66.80,248.10,0.4626,-1,-1,-1
579,80,1007.06,925.49,72.07,151.20,0.5378,-1,-1,-1
579,81,1563.09,601.76,113.02,225.45,0.6078,-1,-1,-1
580,4,1717.07,459.14,79.60,211.35,0.5831,-1,-1,-1
580,8,295.08,874.54,96.42,205.38,0.7240,-1,-1,-1
580,28,246.81,945.90,83.13,133.52,0.7220,-1,-1,-1
580,32,1055.06,828.40,80.55,246.60,0.4887,-1,-1,-1
580,41,1129.11,841.48,82.82,238.02,0.5564,-1,-1,-1
580,54,704.40,576.24,78.18,247.80,0.5795,-1,-1,-1
580,69,1844.49,256.06,65.11,175.65,0.3610,-1,-1,-1
580,73,377.59,252.72,63.25,187.12,0.6868,-1,-1,-1
580,76,1648.65,248.42,79.08,191.00,0.5543,-1,-1,-1
580,79,806.95,67.61,68.07,250.43,0.4907,-1,-1,-1
580,80,1005.63,925.80,77.34,150.78,0.5670,-1,-1,-1
580,81,1561.28,601.85,115.63,225.75,0.6064,-1,-1,-1
581,4,1718.04,457.83,77.19,210.74,0.5733,-1,-1,-1
581,8,293.99,875.89,99.79,204.02,0.7253,-1,-1,-1
581,28,248.43,947.63,81.60,132.05,0.7270,-1,-1,-1
581,32,1058.32,831.21,80.97,242.14,0.5535,-1,-1,-1
581,41,1131.04,841.38,96.16,238.38,0.5224,-1,-1,-1
581,54,703.96,573.98,74.15,249.79,0.6000,-1,-1,-1
581,69,1848.27,255.63,61.59,179.75,0.3798,-1,-1,-1
581,73,376.92,254.95,63.89,184.84,0.6495,-1,-1,-1
581,76,1647.64,246.83,78.67,191.35,0.4979,-1,-1,-1
581,79,807.26,68.20,67.26,249.28,0.4384,-1,-1,-1
581,80,1005.80,925.42,78.75,151.10,0.5918,-1,-1,-1
581,81,1562.23,600.96,114.65,226.12,0.5761,-1,-1,-1
582,4,1719.89,457.75,76.91,207.96,0.5333,-1,-1,-1
582,8,296.13,877.58,100.59,202.41,0.7379,-1,-1,-1
582,28,247.45,948.30,81.94,131.36,0.7115,-1,-1,-1
582,32,1060.56,834.70,79.87,235.51,0.5550,-1,-1,-1
582,41,1129.21,844.93,98.39,235.30,0.5294,-1,-1,-1
582,54,703.23,570.48,73.25,241.51,0.4719,-1,-1,-1
582,73,376.00,255.67,64.53,186.30,0.6421,-1,-1,-1
582,76,1646.66,246.95,79.09,191.68,0.4698,-1,-1,-1
582,79,807.77,67.19,66.78,250.21,0.4474,-1,-1,-1
582,80,1004.10,925.75,84.58,152.28,0.6060,-1,-1,-1
582,81,1563.52,602.97,113.48,223.80,0.5262,-1,-1,-1
583,4,1719.96,457.65,76.13,208.56,0.5856,-1,-1,-1
583,8,297.89,879.66,97.68,200.35,0.7513,-1,-1,-1
583,28,246.37,948.75,82.33,131.13,0.7088,-1,-1,-1
583,32,1064.11,838.79,78.40,237.99,0.6572,-1,-1,-1
583,41,1141.61,845.61,88.73,234.41,0.6566,-1,-1,-1
583,54,702.35,569.35,69.10,232.00,0.4284,-1,-1,-1
583,69,1851.23,257.36,63.93,182.41,0.3632,-1,-1,-1
583,73,374.56,256.73,66.17,188.76,0.6739,-1,-1,-1
583,76,1645.94,246.81,80.41,190.46,0.4968,-1,-1,-1
583,79,807.81,65.63,66.80,251.79,0.4598,-1,-1,-1
583,80,1004.77,926.45,79.85,152.04,0.5773,-1,-1,-1
583,81,1559.25,606.06,111.90,224.01,0.4246,-1,-1,-1
584,4,1718.34,453.97,79.09,212.65,0.6184,-1,-1,-1
584,8,299.48,881.31,96.00,198.69,0.7555,-1,-1,-1
584,28,245.69,949.73,81.42,130.22,0.7005,-1,-1,-1
584,32,1060.77,842.02,82.81,237.94,0.6877,-1,-1,-1
584,41,1139.36,848.14,90.83,231.94,0.6701,-1,-1,-1
584,73,372.68,257.34,66.75,190.11,0.6968,-1,-1,-1
584,76,1645.53,247.25,80.26,188.84,0.5106,-1,-1,-1
584,79,810.16,66.46,64.50,250.64,0.4434,-1,-1,-1
584,80,1003.78,926.43,64.14,152.20,0.5637,-1,-1,-1
584,81,1561.50,602.32,112.14,224.84,0.5065,-1,-1,-1
585,4,1720.04,456.39,75.90,208.13,0.6331,-1,-1,-1
585,8,299.51,883.33,95.39,196.68,0.7540,-1,-1,-1
585,28,245.76,950.97,81.33,128.73,0.7086,-1,-1,-1
585,32,1061.46,843.85,79.32,235.67,0.7316,-1,-1,-1
585,41,1140.55,851.74,89.96,228.35,0.7216,-1,-1,-1
585,73,372.20,257.80,66.43,189.12,0.7123,-1,-1,-1
585,76,1644.18,247.35,82.87,187.99,0.5317,-1,-1,-1
585,79,808.68,68.01,65.77,249.43,0.4724,-1,-1,-1
585,80,1003.11,927.39,64.27,150.61,0.5902,-1,-1,-1
585,81,1559.43,606.11,112.11,224.11,0.4350,-1,-1,-1
586,4,1719.64,456.77,74.19,206.17,0.6221,-1,-1,-1
586,8,300.96,886.28,94.30,193.75,0.7595,-1,-1,-1
586,28,243.83,952.60,83.18,127.20,0.7044,-1,-1,-1
586,32,1062.26,845.98,80.52,232.19,0.7109,-1,-1,-1
586,41,1145.51,854.74,88.31,225.33,0.6960,-1,-1,-1
586,73,372.24,257.97,65.33,189.69,0.7196,-1,-1,-1
586,76,1646.21,247.74,80.65,186.83,0.5339,-1,-1,-1
586,79,808.97,68.78,64.88,249.34,0.4833,-1,-1,-1
586,80,1004.45,928.28,60.46,149.94,0.6019,-1,-1,-1
586,81,1563.69,603.09,113.76,224.15,0.5337,-1,-1,-1
587,4,1721.75,455.11,73.17,209.83,0.6410,-1,-1,-1
587,8,302.37,888.56,94.29,191.28,0.7587,-1,-1,-1
587,28,246.63,954.98,81.31,125.02,0.7236,-1,-1,-1
587,32,1065.69,847.53,78.62,230.04,0.7135,-1,-1,-1
587,41,1149.15,858.29,88.64,221.80,0.6704,-1,-1,-1
587,69,1854.39,257.31,64.54,185.80,0.3107,-1,-1,-1
587,73,371.23,258.42,65.60,189.37,0.7010,-1,-1,-1
587,76,1646.20,247.31,80.59,185.93,0.5087,-1,-1,-1
587,79,808.03,70.37,65.19,248.58,0.4748,-1,-1,-1
587,80,1002.78,929.34,62.75,148.90,0.6297,-1,-1,-1
587,81,1560.83,602.94,112.11,227.40,0.5409,-1,-1,-1
588,4,1721.77,453.00,67.53,213.66,0.6281,-1,-1,-1
588,8,302.57,891.18,93.87,188.83,0.7552,-1,-1,-1
588,28,246.61,957.67,81.77,122.35,0.7202,-1,-1,-1
588,32,1066.90,849.47,77.04,227.25,0.7055,-1,-1,-1
588,41,1149.50,857.83,92.92,222.09,0.6634,-1,-1,-1
588,69,1857.10,256.74,62.09,186.02,0.3220,-1,-1,-1
588,73,371.31,258.56,65.61,189.51,0.7073,-1,-1,-1
588,76,1648.31,245.44,78.26,186.86,0.4996,-1,-1,-1
588,79,808.40,70.14,64.58,248.57,0.4542,-1,-1,-1
588,80,1001.47,930.33,63.46,149.50,0.6196,-1,-1,-1
588,81,1563.08,602.44,112.82,224.92,0.5299,-1,-1,-1
589,4,1723.81,455.78,70.21,208.33,0.6433,-1,-1,-1
589,8,302.37,894.92,93.97,185.11,0.7672,-1,-1,-1
589,28,246.80,961.08,82.45,118.97,0.7211,-1,-1,-1
589,32,1066.92,850.62,78.80,227.01,0.7150,-1,-1,-1
589,41,1154.57,857.92,90.96,222.03,0.6849,-1,-1,-1
589,73,370.46,259.90,65.48,187.10,0.7045,-1,-1,-1
589,76,1651.06,242.58,76.09,182.96,0.5037,-1,-1,-1
589,79,809.20,75.32,63.31,242.10,0.4087,-1,-1,-1
589,80,1002.41,930.77,61.35,149.24,0.6252,-1,-1,-1
589,81,1559.51,603.62,112.43,226.58,0.5504,-1,-1,-1
589,83,284.78,117.12,58.52,177.20,0.3531,-1,-1,-1
590,4,1722.68,455.93,72.49,208.91,0.6039,-1,-1,-1
590,8,305.11,895.71,92.30,183.69,0.7620,-1,-1,-1
590,28,246.25,963.26,82.15,116.74,0.6994,-1,-1,-1
590,32,1067.55,852.20,81.21,226.12,0.7313,-1,-1,-1
590,41,1157.10,861.76,89.68,218.33,0.6945,-1,-1,-1
590,73,370.01,261.56,65.11,185.81,0.7152,-1,-1,-1
590,76,1654.30,240.59,73.26,183.60,0.5250,-1,-1,-1
590,79,808.90,73.21,62.47,244.70,0.3700,-1,-1,-1
590,80,1001.47,931.12,61.65,148.90,0.6389,-1,-1,-1
590,81,1559.49,603.85,112.21,226.15,0.5481,-1,-1,-1
590,83,284.90,118.99,59.08,176.41,0.3605,-1,-1,-1
591,4,1723.17,457.71,71.71,206.64,0.6259,-1,-1,-1
591,8,306.27,897.96,91.65,179.86,0.7609,-1,-1,-1
591,28,245.99,966.65,82.31,113.38,0.7018,-1,-1,-1
591,32,1068.77,853.04,82.58,225.56,0.7235,-1,-1,-1
591,41,1158.61,863.01,90.37,216.98,0.6913,-1,-1,-1
591,73,368.75,262.74,66.40,184.89,0.7217,-1,-1,-1
591,76,1655.57,239.64,72.86,182.96,0.5817,-1,-1,-1
591,79,808.25,76.59,60.65,240.80,0.3316,-1,-1,-1
591,80,1001.22,932.20,59.50,147.85,0.6280,-1,-1,-1
591,81,1560.35,603.62,112.21,225.78,0.5709,-1,-1,-1
591,83,284.13,120.65,58.88,175.40,0.3591,-1,-1,-1
592,4,1722.37,457.40,71.57,206.71,0.6256,-1,-1,-1
592,8,307.99,902.00,90.37,176.56,0.7391,-1,-1,-1
592,28,248.39,968.97,82.26,111.03,0.7213,-1,-1,-1
592,32,1069.90,854.39,81.12,222.59,0.7154,-1,-1,-1
592,41,1156.79,865.93,93.77,214.12,0.6864,-1,-1,-1
592,73,368.24,264.50,65.89,181.90,0.7176,-1,-1,-1
592,76,1656.48,237.73,73.74,186.41,0.6350,-1,-1,-1
592,79,808.85,82.29,58.81,234.48,0.3065,-1,-1,-1
592,80,1000.41,932.95,59.82,147.09,0.5837,-1,-1,-1
592,81,1560.50,603.05,112.33,226.75,0.5074,-1,-1,-1
592,83,284.88,118.75,57.47,176.41,0.3563,-1,-1,-1
593,4,1720.51,454.80,69.94,212.93,0.6501,-1,-1,-1
593,8,308.07,908.06,91.58,171.97,0.7728,-1,-1,-1
593,28,249.50,971.48,82.27,108.53,0.7289,-1,-1,-1
593,32,1071.69,855.38,80.17,221.27,0.7240,-1,-1,-1
593,41,1161.72,868.42,90.02,211.62,0.6762,-1,-1,-1
593,73,367.63,265.26,66.27,184.09,0.7253,-1,-1,-1
593,76,1655.96,235.40,73.15,185.64,0.6653,-1,-1,-1
593,79,809.63,83.69,58.34,233.37,0.3156,-1,-1,-1
593,80,1000.75,933.39,59.28,146.20,0.5825,-1,-1,-1
593,81,1560.89,603.29,111.07,226.42,0.4749,-1,-1,-1
593,83,283.85,118.08,58.63,177.63,0.3425,-1,-1,-1
594,4,1720.51,454.89,69.94,213.04,0.6487,-1,-1,-1
594,8,309.25,910.26,93.63,169.73,0.7756,-1,-1,-1
594,28,250.03,975.27,85.76,104.77,0.7218,-1,-1,-1
594,32,1072.93,856.67,79.18,222.23,0.7187,-1,-1,-1
594,41,1163.03,870.46,89.47,209.55,0.6682,-1,-1,-1
594,73,367.38,266.93,65.26,186.37,0.7209,-1,-1,-1
594,76,1657.37,232.91,71.37,186.85,0.6364,-1,-1,-1
594,80,1001.14,935.09,58.26,144.97,0.5750,-1,-1,-1
594,81,1561.76,605.59,109.72,223.74,0.4861,-1,-1,-1
594,83,283.49,117.06,58.80,179.24,0.3426,-1,-1,-1
595,4,1720.88,453.55,70.70,213.54,0.6796,-1,-1,-1
595,8,310.21,911.52,95.37,168.44,0.7620,-1,-1,-1
595,28,250.42,978.66,82.78,101.37,0.7018,-1,-1,-1
595,32,1074.07,858.83,80.44,221.17,0.7198,-1,-1,-1
595,41,1165.33,871.98,88.21,208.01,0.6596,-1,-1,-1
595,73,366.19,269.71,66.02,188.72,0.7235,-1,-1,-1
595,76,1658.08,230.95,70.76,188.61,0.6287,-1,-1,-1
595,80,1000.53,935.52,57.42,144.48,0.5936,-1,-1,-1
595,81,1562.47,605.32,109.35,223.83,0.4457,-1,-1,-1
595,83,282.94,114.99,59.38,180.54,0.3436,-1,-1,-1
596,4,1718.58,453.11,73.39,214.88,0.7018,-1,-1,-1
596,8,312.11,912.51,94.83,167.46,0.7688,-1,-1,-1
596,28,251.25,981.22,83.41,98.78,0.7023,-1,-1,-1
596,32,1074.13,861.07,81.84,218.97,0.7210,-1,-1,-1
596,41,1170.08,873.83,83.51,206.17,0.6872,-1,-1,-1
596,73,365.37,269.87,66.11,192.04,0.7263,-1,-1,-1
596,76,1657.51,229.63,70.77,187.73,0.6107,-1,-1,-1
596,80,999.79,934.95,58.18,143.06,0.5730,-1,-1,-1
596,81,1562.46,606.24,109.22,223.80,0.4586,-1,-1,-1
596,83,283.05,117.21,59.46,178.52,0.3265,-1,-1,-1
597,4,1717.39,454.41,74.82,213.15,0.6876,-1,-1,-1
597,8,314.18,912.87,94.32,167.08,0.7388,-1,-1,-1
597,28,251.34,982.31,84.03,97.63,0.6963,-1,-1,-1
597,32,1076.31,863.48,78.00,216.57,0.6754,-1,-1,-1
597,41,1171.95,875.66,82.84,204.34,0.6498,-1,-1,-1
597,73,364.37,271.85,66.67,191.29,0.7106,-1,-1,-1
597,76,1658.50,227.53,70.17,188.86,0.5942,-1,-1,-1
597,80,999.22,935.78,59.17,141.82,0.6177,-1,-1,-1
597,81,1560.71,608.77,111.04,221.58,0.4109,-1,-1,-1
598,4,1715.45,453.87,76.80,213.24,0.7063,-1,-1,-1
598,8,313.78,913.44,98.50,165.57,0.7353,-1,-1,-1
598,28,252.00,983.96,83.86,96.01,0.6773,-1,-1,-1
598,32,1077.30,865.01,79.74,215.00,0.6628,-1,-1,-1
598,41,1168.45,877.66,88.24,202.35,0.6631,-1,-1,-1
598,73,363.97,272.54,66.71,190.63,0.7063,-1,-1,-1
598,76,1657.05,226.82,69.83,189.38,0.5918,-1,-1,-1
598,80,999.52,936.50,62.00,141.13,0.6250,-1,-1,-1
598,81,1559.66,611.31,111.92,219.24,0.3846,-1,-1,-1
599,4,1713.86,453.87,79.36,212.93,0.7033,-1,-1,-1
599,8,313.34,915.86,101.54,162.80,0.7269,-1,-1,-1
599,28,253.53,984.97,79.62,94.98,0.6593,-1,-1,-1
599,32,1078.37,867.38,82.10,212.68,0.6202,-1,-1,-1
599,41,1171.31,880.76,86.48,199.29,0.6585,-1,-1,-1
599,73,364.86,272.76,65.84,191.76,0.6714,-1,-1,-1
599,76,1653.70,227.66,70.85,188.35,0.5505,-1,-1,-1
599,80,998.51,936.81,60.75,140.83,0.6461,-1,-1,-1
599,81,1559.93,608.83,112.15,221.55,0.3645,-1,-1,-1
599,83,281.17,114.95,60.74,181.57,0.3122,-1,-1,-1
600,4,1714.18,453.95,79.17,211.46,0.7201,-1,-1,-1
600,8,314.28,917.96,104.75,159.82,0.7043,-1,-1,-1
600,28,253.22,985.97,83.41,93.98,0.6489,-1,-1,-1
600,32,1079.98,869.47,81.83,210.56,0.6532,-1,-1,-1
600,41,1177.78,884.54,80.38,195.54,0.6587,-1,-1,-1
600,73,365.28,274.93,65.61,192.04,0.6770,-1,-1,-1
600,76,1651.27,226.97,71.60,185.21,0.5433,-1,-1,-1
600,80,998.60,938.67,60.50,139.20,0.6405,-1,-1,-1
600,81,1560.66,607.21,112.41,221.44,0.3525,-1,-1,-1
600,84,429.75,74.04,53.97,160.69,0.3705,-1,-1,-1
601,4,1714.20,454.09,80.24,213.18,0.7016,-1,-1,-1
601,8,314.54,919.63,103.63,158.53,0.7216,-1,-1,-1
601,28,253.34,986.14,84.67,93.77,0.6263,-1,-1,-1
601,32,1080.95,872.19,85.44,207.88,0.6059,-1,-1,-1
601,41,1175.01,886.57,83.88,193.42,0.6561,-1,-1,-1
601,73,364.19,274.56,65.31,197.11,0.7021,-1,-1,-1
601,76,1647.54,226.90,73.15,186.36,0.5767,-1,-1,-1
601,80,998.64,939.87,58.49,137.93,0.6213,-1,-1,-1
601,81,1562.32,602.18,110.39,224.87,0.3923,-1,-1,-1
602,4,1711.82,455.46,82.78,211.90,0.6954,-1,-1,-1
602,8,316.05,921.37,104.54,156.05,0.7223,-1,-1,-1
602,28,253.47,988.49,85.01,91.53,0.6100,-1,-1,-1
602,32,1079.22,875.33,88.22,204.73,0.6725,-1,-1,-1
602,41,1174.67,888.50,85.31,191.49,0.6497,-1,-1,-1
602,73,365.39,274.20,63.74,196.78,0.6821,-1,-1,-1
602,76,1647.67,227.50,72.04,183.36,0.5898,-1,-1,-1
602,80,996.00,940.39,60.29,137.54,0.6516,-1,-1,-1
602,81,1562.50,599.03,115.17,226.62,0.5916,-1,-1,-1
603,4,1710.90,455.37,84.20,214.24,0.7157,-1,-1,-1
603,8,316.58,924.62,104.25,153.72,0.7365,-1,-1,-1
603,28,254.11,991.22,84.65,88.82,0.6235,-1,-1,-1
603,32,1080.61,878.11,87.74,201.93,0.6606,-1,-1,-1
603,41,1176.04,890.90,83.19,189.12,0.6049,-1,-1,-1
603,73,363.71,276.46,66.13,195.00,0.6959,-1,-1,-1
603,76,1647.31,228.31,69.55,182.82,0.6220,-1,-1,-1
603,80,995.97,940.91,59.28,136.97,0.6627,-1,-1,-1
603,81,1563.21,600.09,112.28,226.99,0.4890,-1,-1,-1
604,4,1709.34,454.55,85.66,211.71,0.7131,-1,-1,-1
604,8,317.86,927.23,104.24,151.15,0.7546,-1,-1,-1
604,28,254.64,992.78,84.89,87.20,0.6277,-1,-1,-1
604,32,1079.95,880.97,91.54,199.08,0.6017,-1,-1,-1
604,41,1178.79,893.19,79.70,186.82,0.5312,-1,-1,-1
604,73,365.23,276.64,64.41,196.22,0.6813,-1,-1,-1
604,76,1649.55,227.79,65.49,182.01,0.6060,-1,-1,-1
604,80,996.66,942.45,59.35,135.97,0.6399,-1,-1,-1
604,81,1563.35,598.93,112.45,228.06,0.4353,-1,-1,-1
605,4,1710.92,454.14,84.64,213.55,0.7033,-1,-1,-1
605,8,320.27,930.12,100.74,148.50,0.7468,-1,-1,-1
605,28,254.49,994.66,85.61,85.34,0.6278,-1,-1,-1
605,32,1085.26,883.17,89.06,196.84,0.5588,-1,-1,-1
605,41,1182.93,896.10,73.06,183.96,0.5162,-1,-1,-1
605,73,363.26,276.55,67.08,195.70,0.6851,-1,-1,-1
605,76,1648.27,228.31,66.20,178.90,0.5553,-1,-1,-1
605,80,996.67,943.60,59.13,135.31,0.6214,-1,-1,-1
605,81,1564.08,602.37,108.51,225.15,0.3535,-1,-1,-1
606,4,1711.80,454.90,84.42,212.93,0.6995,-1,-1,-1
606,8,322.23,933.32,98.19,146.47,0.7544,-1,-1,-1
606,28,253.92,997.65,85.25,82.40,0.6128,-1,-1,-1
606,32,1090.30,886.02,84.75,194.03,0.5627,-1,-1,-1
606,41,1180.78,898.15,76.36,181.83,0.5178,-1,-1,-1
606,73,362.92,277.19,67.02,195.03,0.6935,-1,-1,-1
606,76,1646.91,228.33,66.45,177.76,0.5478,-1,-1,-1
606,80,996.10,944.77,58.57,134.84,0.5915,-1,-1,-1
606,81,1561.09,607.44,110.21,222.79,0.5028,-1,-1,-1
607,4,1709.97,455.23,86.65,212.37,0.7107,-1,-1,-1
607,8,323.06,935.94,96.26,144.06,0.7348,-1,-1,-1
607,28,253.86,1000.37,83.56,79.67,0.6117,-1,-1,-1
607,32,1095.28,887.14,83.34,192.79,0.5634,-1,-1,-1
607,41,1181.71,897.62,76.32,182.15,0.4722,-1,-1,-1
607,73,363.70,278.09,66.21,193.89,0.6974,-1,-1,-1
607,76,1646.42,227.38,65.56,177.73,0.5484,-1,-1,-1
607,80,995.44,945.32,58.98,134.28,0.5981,-1,-1,-1
607,81,1563.29,610.10,108.65,220.02,0.4497,-1,-1,-1
607,84,433.59,72.16,51.46,172.52,0.4022,-1,-1,-1
608,4,1710.17,454.44,86.48,213.37,0.7104,-1,-1,-1
608,8,322.81,940.77,97.38,139.29,0.7450,-1,-1,-1
608,28,253.12,1002.33,84.75,77.66,0.6197,-1,-1,-1
608,32,1099.34,889.23,80.45,190.77,0.5824,-1,-1,-1
608,41,1183.87,898.89,73.45,181.04,0.5002,-1,-1,-1
608,73,362.20,277.67,66.72,193.31,0.6765,-1,-1,-1
608,76,1645.95,226.34,63.44,181.07,0.5322,-1,-1,-1
608,80,995.20,945.61,59.60,134.34,0.5930,-1,-1,-1
608,81,1562.52,610.71,108.72,218.68,0.4514,-1,-1,-1
608,84,434.65,71.72,51.11,174.28,0.3617,-1,-1,-1
609,4,1711.91,454.39,84.11,212.30,0.7434,-1,-1,-1
609,8,320.46,942.77,98.96,134.10,0.7327,-1,-1,-1
609,28,253.48,1005.36,83.88,74.44,0.6135,-1,-1,-1
609,32,1100.80,889.77,80.57,190.14,0.5873,-1,-1,-1
609,41,1182.58,899.92,81.46,180.01,0.5185,-1,-1,-1
609,54,597.80,555.82,80.07,227.24,0.4166,-1,-1,-1
609,73,362.63,277.15,66.13,193.98,0.6860,-1,-1,-1
609,76,1642.11,223.21,67.11,186.86,0.5487,-1,-1,-1
609,80,993.65,946.57,60.99,133.45,0.6183,-1,-1,-1
609,81,1562.67,607.78,107.78,222.02,0.4508,-1,-1,-1
609,84,435.34,70.66,51.20,176.04,0.3797,-1,-1,-1
610,4,1711.83,454.29,84.35,212.10,0.7385,-1,-1,-1
610,8,321.04,945.46,97.13,131.37,0.7272,-1,-1,-1
610,28,253.51,1008.55,80.37,70.75,0.5548,-1,-1,-1
610,32,1101.47,889.92,80.66,189.97,0.5694,-1,-1,-1
610,41,1182.93,900.18,80.11,179.70,0.5102,-1,-1,-1
610,54,591.19,552.41,86.65,228.57,0.5013,-1,-1,-1
610,73,361.72,278.30,66.52,193.69,0.6984,-1,-1,-1
610,76,1640.18,221.28,67.44,183.60,0.5339,-1,-1,-1
610,80,992.28,946.22,61.43,133.73,0.6246,-1,-1,-1
610,81,1564.85,597.84,111.22,227.46,0.3978,-1,-1,-1
610,84,435.25,72.37,51.92,174.18,0.3620,-1,-1,-1
611,4,1710.89,454.69,85.36,213.26,0.7411,-1,-1,-1
611,8,319.40,948.27,96.35,131.59,0.7304,-1,-1,-1
611,28,254.20,1011.86,75.80,67.30,0.5000,-1,-1,-1
611,32,1102.55,890.80,82.91,189.15,0.5769,-1,-1,-1
611,41,1182.79,901.96,81.82,178.05,0.5078,-1,-1,-1
611,54,584.91,548.79,92.90,233.36,0.5637,-1,-1,-1
611,73,360.65,280.41,67.86,192.66,0.7044,-1,-1,-1
611,76,1639.66,218.34,66.47,184.10,0.5441,-1,-1,-1
611,80,991.27,946.00,62.02,133.96,0.6313,-1,-1,-1
611,81,1565.36,594.73,111.98,229.92,0.5345,-1,-1,-1
611,84,436.16,74.92,52.11,171.74,0.3355,-1,-1,-1
612,4,1709.55,453.65,86.81,213.19,0.7544,-1,-1,-1
612,8,319.28,948.87,96.85,131.09,0.7591,-1,-1,-1
612,28,253.12,1014.88,76.77,64.97,0.4775,-1,-1,-1
612,32,1106.21,892.23,79.27,187.76,0.5754,-1,-1,-1
612,41,1180.49,904.13,83.97,175.92,0.5083,-1,-1,-1
612,54,579.59,548.34,98.48,234.60,0.6284,-1,-1,-1
612,73,359.53,283.01,68.00,191.97,0.6710,-1,-1,-1
612,76,1637.64,215.90,67.42,185.84,0.5590,-1,-1,-1
612,80,990.68,945.98,62.50,133.99,0.6087,-1,-1,-1
612,81,1566.02,601.91,109.31,224.94,0.4832,-1,-1,-1
613,4,1711.63,453.32,84.05,213.54,0.7486,-1,-1,-1
613,8,319.67,951.69,95.46,128.33,0.7302,-1,-1,-1
613,28,253.52,1017.30,75.80,62.63,0.3951,-1,-1,-1
613,32,1106.36,893.38,80.09,186.59,0.5127,-1,-1,-1
613,41,1183.52,906.98,83.41,173.19,0.3367,-1,-1,-1
613,54,579.64,548.27,99.29,235.06,0.6566,-1,-1,-1
613,73,360.00,286.35,66.29,193.21,0.6754,-1,-1,-1
613,76,1636.38,213.19,67.66,188.81,0.5704,-1,-1,-1
613,80,989.32,947.12,63.35,132.91,0.6227,-1,-1,-1
613,81,1563.55,606.83,108.25,222.63,0.5298,-1,-1,-1
613,86,804.55,136.10,60.01,182.67,0.3800,-1,-1,-1
614,4,1712.24,453.00,83.21,213.36,0.7400,-1,-1,-1
614,8,319.67,952.62,96.06,127.35,0.7285,-1,-1,-1
614,28,254.19,1020.21,74.71,59.82,0.3781,-1,-1,-1
614,32,1107.10,896.68,83.17,183.41,0.5913,-1,-1,-1
614,41,1186.47,910.61,80.43,169.53,0.4906,-1,-1,-1
614,54,576.82,548.75,101.01,235.69,0.6421,-1,-1,-1
614,73,358.60,285.71,67.20,197.35,0.6760,-1,-1,-1
614,76,1634.18,211.86,68.75,185.23,0.5782,-1,-1,-1
614,80,987.66,946.04,64.45,133.90,0.6450,-1,-1,-1
614,81,1562.61,609.18,108.84,221.04,0.4839,-1,-1,-1
614,86,806.94,138.49,57.79,179.74,0.3854,-1,-1,-1
615,4,1712.41,452.33,82.86,215.28,0.7523,-1,-1,-1
615,8,319.89,955.75,94.41,124.28,0.7235,-1,-1,-1
615,28,251.24,1023.97,71.74,56.16,0.3560,-1,-1,-1
615,32,1106.79,898.47,81.86,181.54,0.5788,-1,-1,-1
615,41,1190.33,914.06,79.43,166.10,0.4067,-1,-1,-1
615,54,576.99,548.34,99.12,235.30,0.6234,-1,-1,-1
615,73,357.20,286.56,67.75,197.89,0.6712,-1,-1,-1
615,76,1631.86,210.23,69.67,184.68,0.5846,-1,-1,-1
615,80,987.18,945.92,63.83,134.06,0.6479,-1,-1,-1
615,81,1562.16,606.91,109.49,222.68,0.4943,-1,-1,-1
615,86,806.18,142.07,58.13,177.42,0.3922,-1,-1,-1
616,4,1713.35,452.21,82.09,216.16,0.7282,-1,-1,-1
616,8,320.23,958.66,93.74,121.36,0.7304,-1,-1,-1
616,28,256.32,1023.20,68.66,56.48,0.3791,-1,-1,-1
616,32,1108.94,901.35,83.87,178.71,0.6107,-1,-1,-1
616,41,1196.47,915.67,76.96,164.00,0.4821,-1,-1,-1
616,54,577.78,546.95,94.90,232.25,0.5548,-1,-1,-1
616,73,355.72,286.96,69.59,197.33,0.6786,-1,-1,-1
616,76,1630.57,209.95,70.55,183.46,0.5463,-1,-1,-1
616,80,984.93,947.16,64.22,132.88,0.6756,-1,-1,-1
616,81,1561.33,605.58,110.98,224.13,0.5195,-1,-1,-1
616,86,805.72,143.47,58.69,176.41,0.3829,-1,-1,-1
617,4,1713.33,452.80,82.35,214.60,0.7014,-1,-1,-1
617,8,320.90,960.60,94.27,119.39,0.7207,-1,-1,-1
617,28,253.73,1025.84,67.47,54.16,0.3569,-1,-1,-1
617,32,1109.71,903.01,81.08,176.99,0.6094,-1,-1,-1
617,41,1193.81,918.33,79.30,161.68,0.3866,-1,-1,-1
617,54,578.75,545.01,73.25,232.18,0.4812,-1,-1,-1
617,73,355.15,290.61,67.78,195.78,0.6572,-1,-1,-1
617,76,1629.32,209.30,71.49,185.69,0.5325,-1,-1,-1
617,80,982.38,945.57,65.68,134.36,0.6921,-1,-1,-1
617,81,1560.58,601.15,112.68,227.99,0.5699,-1,-1,-1
617,86,806.46,144.65,58.17,176.03,0.3680,-1,-1,-1
618,4,1714.66,453.52,80.24,211.91,0.6878,-1,-1,-1
618,8,320.18,963.30,95.28,116.71,0.7010,-1,-1,-1
618,28,254.72,1027.00,64.29,52.87,0.3309,-1,-1,-1
618,32,1111.74,907.16,78.40,172.94,0.6349,-1,-1,-1
618,41,1192.78,920.36,80.40,159.63,0.4311,-1,-1,-1
618,54,574.81,541.20,71.52,234.95,0.5767,-1,-1,-1
618,73,354.43,291.78,67.65,195.67,0.6649,-1,-1,-1
618,76,1627.22,209.02,73.30,185.90,0.4843,-1,-1,-1
618,80,981.13,944.93,65.70,135.04,0.6971,-1,-1,-1
618,81,1562.32,603.21,109.80,226.10,0.4444,-1,-1,-1
618,86,806.12,145.34,58.25,174.55,0.3665,-1,-1,-1
619,4,1715.14,452.69,79.72,213.77,0.6913,-1,-1,-1
619,8,320.54,965.94,95.63,114.07,0.6981,-1,-1,-1
619,28,255.45,1028.26,59.28,51.62,0.3195,-1,-1,-1
619,32,1111.99,911.16,79.26,168.92,0.6639,-1,-1,-1
619,41,1193.25,921.90,83.25,157.66,0.5310,-1,-1,-1
619,54,572.37,540.96,70.48,237.18,0.6149,-1,-1,-1
619,73,353.02,294.69,67.41,195.49,0.6102,-1,-1,-1
619,76,1624.40,208.48,76.04,189.53,0.4458,-1,-1,-1
619,80,977.96,943.57,66.03,136.38,0.7036,-1,-1,-1
619,81,1560.31,609.24,111.08,221.36,0.3766,-1,-1,-1
619,86,807.26,146.20,57.03,172.71,0.3631,-1,-1,-1
620,4,1715.29,453.25,79.79,212.21,0.6928,-1,-1,-1
620,8,321.31,968.77,96.37,110.63,0.6984,-1,-1,-1
620,28,258.33,1027.84,53.21,51.29,0.3048,-1,-1,-1
620,32,1113.03,914.15,77.23,165.88,0.6598,-1,-1,-1
620,41,1191.71,922.25,85.68,157.52,0.5654,-1,-1,-1
620,54,570.92,539.41,73.04,237.58,0.6439,-1,-1,-1
620,73,353.66,294.58,65.69,197.21,0.5667,-1,-1,-1
620,76,1622.80,208.55,78.02,187.83,0.4151,-1,-1,-1
620,80,975.28,943.44,66.44,136.56,0.6942,-1,-1,-1
620,81,1563.77,606.14,107.32,223.56,0.4069,-1,-1,-1
620,86,807.05,145.78,59.74,172.11,0.3251,-1,-1,-1
621,4,1715.41,452.11,79.48,213.23,0.7084,-1,-1,-1
621,8,320.65,971.92,98.13,107.37,0.6487,-1,-1,-1
621,28,258.88,1030.18,53.27,49.63,0.3094,-1,-1,-1
621,32,1113.15,915.97,75.28,163.98,0.6781,-1,-1,-1
621,41,1192.00,923.81,85.88,155.55,0.4723,-1,-1,-1
621,54,569.54,538.26,69.13,237.78,0.6566,-1,-1,-1
621,73,351.81,293.81,67.03,197.82,0.6335,-1,-1,-1
621,76,1621.45,209.56,78.09,184.23,0.4494,-1,-1,-1
621,80,973.44,943.08,66.15,136.91,0.6659,-1,-1,-1
621,81,1562.49,607.74,108.91,221.64,0.4362,-1,-1,-1
621,86,805.91,145.93,59.07,172.89,0.3377,-1,-1,-1
622,4,1717.00,452.21,77.61,212.44,0.6977,-1,-1,-1
622,8,321.20,975.19,97.29,104.56,0.6335,-1,-1,-1
622,28,258.62,1036.89,54.85,43.65,0.3253,-1,-1,-1
622,32,1113.99,917.39,73.20,162.24,0.6790,-1,-1,-1
622,41,1193.72,924.65,84.43,154.10,0.3598,-1,-1,-1
622,54,566.29,537.30,62.35,238.33,0.7016,-1,-1,-1
622,73,351.06,294.22,66.89,197.61,0.5798,-1,-1,-1
622,76,1621.70,209.95,77.99,182.63,0.4798,-1,-1,-1
622,80,971.17,942.96,64.53,137.04,0.6660,-1,-1,-1
622,81,1562.59,610.49,108.71,218.70,0.3877,-1,-1,-1
622,86,806.94,144.52,59.58,174.49,0.3439,-1,-1,-1
623,4,1717.93,452.50,77.01,212.61,0.6935,-1,-1,-1
623,8,321.98,979.20,95.43,100.83,0.6840,-1,-1,-1
623,28,260.42,1040.19,49.86,39.71,0.3110,-1,-1,-1
623,32,1114.55,918.61,76.26,160.70,0.6545,-1,-1,-1
623,41,1193.97,925.95,89.22,152.47,0.3888,-1,-1,-1
623,54,562.29,538.34,61.05,242.72,0.6762,-1,-1,-1
623,73,347.73,293.32,67.65,197.67,0.5878,-1,-1,-1
623,76,1621.73,210.26,76.44,181.75,0.4723,-1,-1,-1
623,80,969.17,943.68,64.00,136.35,0.6761,-1,-1,-1
623,81,1561.63,612.82,109.06,216.88,0.3152,-1,-1,-1
623,86,806.60,146.04,57.94,173.58,0.3250,-1,-1,-1
624,4,1718.03,452.08,77.04,213.12,0.6891,-1,-1,-1
624,8,323.60,982.08,93.48,97.93,0.6977,-1,-1,-1
624,32,1114.42,920.08,76.39,159.87,0.6740,-1,-1,-1
624,41,1195.29,927.38,88.83,150.56,0.4411,-1,-1,-1
624,54,559.61,537.42,62.32,242.36,0.6919,-1,-1,-1
624,73,345.43,294.13,69.54,196.61,0.5785,-1,-1,-1
624,76,1622.52,208.55,75.69,182.29,0.4558,-1,-1,-1
624,80,963.96,942.21,65.67,137.74,0.6751,-1,-1,-1
624,81,1561.75,609.93,109.80,219.30,0.4427,-1,-1,-1
624,86,806.70,144.19,59.21,175.21,0.3645,-1,-1,-1
625,4,1718.23,452.33,77.80,214.60,0.6915,-1,-1,-1
625,8,323.63,984.91,92.98,95.09,0.6973,-1,-1,-1
625,32,1115.35,921.94,76.44,158.05,0.6685,-1,-1,-1
625,41,1196.75,931.49,87.01,146.69,0.5396,-1,-1,-1
625,54,553.99,537.84,64.16,242.01,0.7065,-1,-1,-1
625,73,345.73,293.95,68.14,196.58,0.5616,-1,-1,-1
625,76,1623.04,208.04,73.64,184.80,0.4251,-1,-1,-1
625,80,962.09,938.70,64.90,141.17,0.6794,-1,-1,-1
625,81,1562.42,607.72,108.57,221.48,0.3744,-1,-1,-1
625,86,807.24,143.52,58.65,175.40,0.3862,-1,-1,-1
626,4,1718.51,451.88,77.45,213.92,0.6842,-1,-1,-1
626,8,323.55,987.91,93.75,92.09,0.6837,-1,-1,-1
626,32,1114.71,921.35,78.86,158.54,0.6546,-1,-1,-1
626,41,1196.11,932.27,88.04,146.21,0.4685,-1,-1,-1
626,54,545.87,538.63,69.44,240.37,0.6980,-1,-1,-1
626,73,343.57,294.51,68.82,196.62,0.6188,-1,-1,-1
626,76,1623.43,205.39,73.72,181.40,0.4388,-1,-1,-1
626,80,958.25,938.21,65.93,141.79,0.6710,-1,-1,-1
626,81,1562.47,605.88,108.35,223.53,0.4676,-1,-1,-1
626,86,805.80,142.73,60.03,176.71,0.3895,-1,-1,-1
627,4,1718.40,453.26,77.96,213.36,0.6828,-1,-1,-1
627,8,325.17,990.90,93.43,89.11,0.6585,-1,-1,-1
627,32,1115.77,923.03,77.71,156.97,0.6883,-1,-1,-1
627,41,1192.85,933.65,92.93,144.91,0.6068,-1,-1,-1
627,54,524.51,539.37,92.62,241.69,0.6546,-1,-1,-1
627,73,343.12,295.45,69.14,195.69,0.6238,-1,-1,-1
627,76,1626.70,205.96,69.06,181.92,0.4339,-1,-1,-1
627,80,958.51,937.27,63.33,142.72,0.6849,-1,-1,-1
627,81,1562.02,604.66,107.78,224.62,0.3558,-1,-1,-1
627,86,806.36,142.40,59.30,176.10,0.3768,-1,-1,-1
628,4,1718.09,451.82,76.77,215.86,0.6621,-1,-1,-1
628,8,325.07,991.86,94.25,88.06,0.6304,-1,-1,-1
628,32,1114.81,924.08,80.99,155.89,0.6672,-1,-1,-1
628,41,1195.78,934.68,90.60,144.48,0.5781,-1,-1,-1
628,54,510.38,538.72,106.43,240.91,0.7207,-1,-1,-1
628,73,342.70,295.42,68.93,195.85,0.6479,-1,-1,-1
628,76,1626.75,201.79,68.65,188.01,0.3919,-1,-1,-1
628,80,956.29,935.98,61.78,144.00,0.6828,-1,-1,-1
628,81,1563.81,603.70,106.28,225.36,0.3661,-1,-1,-1
628,86,806.95,142.57,59.06,175.14,0.3741,-1,-1,-1
629,4,1718.71,451.54,76.97,215.92,0.6913,-1,-1,-1
629,8,324.35,994.71,95.07,85.30,0.6706,-1,-1,-1
629,32,1114.83,924.42,82.36,155.54,0.7073,-1,-1,-1
629,41,1193.91,936.26,96.06,143.52,0.6305,-1,-1,-1
629,54,503.10,538.01,114.03,240.08,0.7400,-1,-1,-1
629,73,342.83,296.54,68.25,195.39,0.6597,-1,-1,-1
629,76,1626.15,202.50,70.51,187.32,0.4385,-1,-1,-1
629,80,954.04,934.63,61.70,145.34,0.6796,-1,-1,-1
629,81,1564.34,600.89,106.22,228.29,0.4912,-1,-1,-1
629,86,806.64,142.72,57.86,175.68,0.3713,-1,-1,-1
630,4,1717.44,450.63,79.23,215.62,0.6904,-1,-1,-1
630,8,323.94,997.82,96.35,82.20,0.6843,-1,-1,-1
630,32,1114.76,926.18,84.71,153.83,0.7034,-1,-1,-1
630,41,1194.96,940.48,95.84,138.92,0.5785,-1,-1,-1
630,54,499.44,537.90,115.99,238.49,0.7698,-1,-1,-1
630,73,341.11,296.70,69.19,197.43,0.6676,-1,-1,-1
630,76,1626.34,200.90,69.09,186.52,0.5137,-1,-1,-1
630,80,952.93,933.28,59.55,146.70,0.6849,-1,-1,-1
630,81,1563.89,604.54,106.55,224.56,0.4069,-1,-1,-1
630,86,808.85,143.08,55.45,174.68,0.4160,-1,-1,-1
630,87,1444.33,1004.85,74.02,74.56,0.3652,-1,-1,-1
631,4,1717.26,451.03,78.84,216.91,0.6824,-1,-1,-1
631,8,324.45,998.38,96.14,81.54,0.6658,-1,-1,-1
631,32,1115.14,927.72,87.22,152.29,0.6888,-1,-1,-1
631,41,1197.42,942.84,92.17,135.07,0.5439,-1,-1,-1
631,54,499.35,539.74,116.18,236.40,0.7585,-1,-1,-1
631,73,340.48,298.06,69.61,200.99,0.6773,-1,-1,-1
631,76,1626.82,199.42,68.78,183.12,0.5342,-1,-1,-1
631,80,950.55,931.88,59.58,147.72,0.6879,-1,-1,-1
631,81,1563.10,603.39,107.59,224.73,0.4547,-1,-1,-1
631,86,808.35,142.59,56.20,173.37,0.3792,-1,-1,-1
631,87,1440.07,1001.12,76.51,77.28,0.3643,-1,-1,-1
632,4,1716.92,451.65,80.37,216.11,0.7065,-1,-1,-1
632,8,323.48,1001.23,97.73,78.78,0.6477,-1,-1,-1
632,32,1114.71,930.77,94.14,148.80,0.7012,-1,-1,-1
632,41,1198.19,944.42,89.95,132.72,0.5040,-1,-1,-1
632,54,493.63,540.29,122.50,237.24,0.7760,-1,-1,-1
632,73,339.71,298.13,69.43,204.19,0.6922,-1,-1,-1
632,76,1627.27,196.30,67.87,181.45,0.5563,-1,-1,-1
632,80,948.67,930.53,59.69,149.44,0.7065,-1,-1,-1
632,81,1563.25,607.55,106.98,221.48,0.3836,-1,-1,-1
632,86,806.59,143.97,57.85,173.15,0.4202,-1,-1,-1
632,87,1437.84,994.56,75.61,83.69,0.3548,-1,-1,-1
632,88,1512.18,978.75,93.99,98.51,0.3799,-1,-1,-1
633,4,1717.63,451.09,79.63,215.94,0.7134,-1,-1,-1
633,8,325.35,1001.61,95.49,77.80,0.6305,-1,-1,-1
633,32,1115.20,934.20,97.73,144.98,0.6815,-1,-1,-1
633,41,1202.06,948.14,85.02,128.44,0.3319,-1,-1,-1
633,54,493.41,540.18,120.13,236.86,0.7857,-1,-1,-1
633,73,339.71,299.14,68.44,204.64,0.6827,-1,-1,-1
633,76,1628.03,194.15,65.48,182.29,0.5706,-1,-1,-1
633,80,947.15,929.53,59.46,150.47,0.6643,-1,-1,-1
633,81,1565.30,602.52,107.34,223.99,0.4567,-1,-1,-1
633,86,805.36,144.69,58.95,173.41,0.3769,-1,-1,-1
633,87,1436.82,988.85,74.53,90.62,0.3082,-1,-1,-1
633,88,1507.37,975.27,97.00,102.62,0.4561,-1,-1,-1
634,4,1716.74,450.04,80.62,215.79,0.7251,-1,-1,-1
634,8,324.86,1004.38,96.37,74.68,0.6331,-1,-1,-1
634,32,1114.13,938.46,99.76,140.80,0.7034,-1,-1,-1
634,41,1204.81,951.30,80.30,125.78,0.3175,-1,-1,-1
634,54,493.46,540.10,120.87,236.84,0.7749,-1,-1,-1
634,73,339.30,300.05,68.47,205.22,0.7077,-1,-1,-1
634,76,1628.07,192.41,65.21,183.12,0.5690,-1,-1,-1
634,80,945.77,928.53,58.94,151.34,0.6844,-1,-1,-1
634,81,1562.78,601.20,107.85,227.72,0.4650,-1,-1,-1
634,86,807.04,145.06,57.38,173.28,0.3950,-1,-1,-1
634,88,1502.39,971.57,98.16,107.13,0.3793,-1,-1,-1
635,4,1716.48,450.66,80.75,215.09,0.7383,-1,-1,-1
635,8,325.29,1007.46,95.46,71.47,0.6349,-1,-1,-1
635,32,1113.52,940.41,101.81,139.33,0.6974,-1,-1,-1
635,41,1202.33,954.87,81.75,123.23,0.3275,-1,-1,-1
635,54,492.89,538.31,121.01,238.99,0.7706,-1,-1,-1
635,73,339.59,302.66,67.00,205.14,0.7039,-1,-1,-1
635,76,1626.48,192.09,65.66,182.69,0.5665,-1,-1,-1
635,80,940.79,928.54,62.42,151.49,0.6760,-1,-1,-1
635,81,1562.60,604.53,107.52,225.39,0.3776,-1,-1,-1
635,86,806.61,144.98,57.96,173.23,0.4201,-1,-1,-1
635,88,1501.04,967.73,95.24,111.18,0.4734,-1,-1,-1
636,4,1716.21,451.10,81.42,215.64,0.7288,-1,-1,-1
636,8,326.90,1010.71,92.16,68.60,0.6310,-1,-1,-1
636,32,1113.38,943.37,102.65,136.65,0.6897,-1,-1,-1
636,41,1200.92,956.94,81.63,121.71,0.4316,-1,-1,-1
636,54,495.17,538.85,114.69,237.62,0.7661,-1,-1,-1
636,73,338.64,306.31,68.42,204.08,0.7111,-1,-1,-1
636,76,1625.97,190.67,65.15,183.57,0.5488,-1,-1,-1
636,80,940.74,928.91,59.62,150.67,0.6554,-1,-1,-1
636,81,1562.04,605.46,108.68,224.30,0.3686,-1,-1,-1
636,86,807.08,145.58,57.02,173.92,0.3971,-1,-1,-1
636,87,1426.55,979.10,79.18,100.97,0.4346,-1,-1,-1
636,88,1497.37,963.36,97.32,116.49,0.5061,-1,-1,-1
637,4,1716.50,450.67,81.08,216.55,0.7386,-1,-1,-1
637,8,328.13,1014.60,90.16,65.44,0.6051,-1,-1,-1
637,32,1113.43,947.02,105.75,133.03,0.6872,-1,-1,-1
637,41,1202.24,957.17,79.00,120.94,0.4507,-1,-1,-1
637,54,496.96,538.85,112.62,236.59,0.7360,-1,-1,-1
637,73,339.29,307.78,67.87,203.84,0.7040,-1,-1,-1
637,76,1625.15,189.67,64.78,184.58,0.5964,-1,-1,-1
637,80,937.51,928.94,61.63,149.70,0.6502,-1,-1,-1
637,86,806.83,145.19,57.62,175.12,0.4155,-1,-1,-1
637,87,1425.21,978.27,78.53,102.15,0.3235,-1,-1,-1
637,88,1495.92,958.55,93.43,120.05,0.5610,-1,-1,-1
638,4,1716.88,451.03,79.77,215.37,0.7214,-1,-1,-1
638,8,328.91,1019.80,87.46,60.35,0.5722,-1,-1,-1
638,32,1114.18,949.63,108.43,130.38,0.6372,-1,-1,-1
638,41,1201.42,959.98,75.69,119.38,0.3872,-1,-1,-1
638,54,497.66,539.40,101.96,236.25,0.7293,-1,-1,-1
638,73,338.91,308.88,68.16,205.67,0.7074,-1,-1,-1
638,76,1625.07,190.99,63.58,182.59,0.5917,-1,-1,-1
638,80,936.99,929.22,60.23,150.15,0.6523,-1,-1,-1
638,86,806.72,145.10,57.98,174.82,0.4126,-1,-1,-1
638,87,1421.71,978.26,76.34,102.02,0.5275,-1,-1,-1
638,88,1495.50,956.29,93.76,122.17,0.5613,-1,-1,-1
638,89,207.49,255.07,62.81,172.83,0.3479,-1,-1,-1
639,4,1717.12,451.97,79.63,215.98,0.7479,-1,-1,-1
639,8,331.04,1024.38,82.19,55.73,0.5290,-1,-1,-1
639,32,1115.65,951.48,114.40,128.48,0.5282,-1,-1,-1
639,41,1200.93,961.55,73.78,118.31,0.3352,-1,-1,-1
639,54,499.76,540.04,94.19,235.63,0.7100,-1,-1,-1
639,73,338.86,309.79,67.66,205.85,0.7234,-1,-1,-1
639,76,1624.84,191.12,63.14,182.18,0.6118,-1,-1,-1
639,80,934.16,928.52,60.51,151.12,0.6439,-1,-1,-1
639,86,806.19,143.82,58.26,176.52,0.4030,-1,-1,-1
639,87,1417.43,978.70,77.87,101.55,0.5720,-1,-1,-1
639,88,1492.70,952.33,95.24,126.42,0.4894,-1,-1,-1
639,89,208.50,250.36,62.22,174.80,0.3376,-1,-1,-1
640,4,1716.33,451.98,80.52,214.93,0.7387,-1,-1,-1
640,8,334.08,1028.01,71.13,52.03,0.4231,-1,-1,-1
640,32,1117.26,954.13,106.67,125.89,0.5273,-1,-1,-1
640,41,1197.92,962.85,75.77,117.06,0.3441,-1,-1,-1
640,54,500.35,539.85,86.34,236.21,0.7166,-1,-1,-1
640,73,338.59,310.21,68.78,206.65,0.7183,-1,-1,-1
640,76,1625.57,191.36,61.02,182.06,0.6058,-1,-1,-1
640,80,931.72,928.26,61.69,151.73,0.6263,-1,-1,-1
640,81,1564.52,606.93,107.85,220.36,0.3068,-1,-1,-1
640,86,806.58,144.55,58.26,176.06,0.4137,-1,-1,-1
640,87,1414.23,977.30,78.24,102.81,0.5615,-1,-1,-1
640,88,1490.81,950.56,96.03,128.57,0.4893,-1,-1,-1
640,89,209.20,247.86,60.94,177.47,0.3806,-1,-1,-1
641,4,1716.21,452.20,81.07,214.06,0.7378,-1,-1,-1
641,32,1119.51,956.23,96.47,123.76,0.6075,-1,-1,-1
641,41,1196.78,962.08,76.25,117.21,0.4449,-1,-1,-1
641,54,499.80,539.42,81.35,236.24,0.7124,-1,-1,-1
641,73,337.99,311.26,68.74,204.62,0.7134,-1,-1,-1
641,76,1624.66,189.04,61.40,182.26,0.5626,-1,-1,-1
641,80,930.21,927.86,62.10,152.01,0.6147,-1,-1,-1
641,81,1564.94,604.19,108.01,222.75,0.3198,-1,-1,-1
641,86,806.29,143.92,58.75,176.40,0.4100,-1,-1,-1
641,87,1412.37,975.04,77.67,104.99,0.5778,-1,-1,-1
641,88,1485.12,948.52,99.70,130.08,0.5458,-1,-1,-1
641,89,209.99,249.19,61.54,175.63,0.3862,-1,-1,-1
642,4,1716.26,452.69,80.31,214.42,0.7294,-1,-1,-1
642,32,1122.76,957.52,87.24,122.43,0.6291,-1,-1,-1
642,41,1193.23,964.15,79.59,115.83,0.5282,-1,-1,-1
642,54,495.81,538.85,76.16,237.92,0.7326,-1,-1,-1
642,73,338.13,311.23,69.17,204.58,0.7162,-1,-1,-1
642,76,1625.45,190.33,58.93,179.86,0.5612,-1,-1,-1
642,80,926.78,927.70,62.54,152.31,0.6153,-1,-1,-1
642,86,805.85,144.91,59.32,175.39,0.4088,-1,-1,-1
642,87,1410.65,972.34,75.82,107.65,0.6042,-1,-1,-1
642,88,1485.16,946.41,95.02,132.28,0.5385,-1,-1,-1
642,89,212.19,242.52,57.55,181.26,0.3441,-1,-1,-1
643,4,1715.37,454.12,81.07,213.12,0.7248,-1,-1,-1
643,32,1124.09,958.55,83.62,121.38,0.5928,-1,-1,-1
643,41,1193.99,966.36,78.08,113.36,0.3805,-1,-1,-1
643,54,491.14,539.02,69.91,236.24,0.7055,-1,-1,-1
643,73,338.00,312.43,69.28,203.31,0.6934,-1,-1,-1
643,76,1624.24,189.98,58.73,182.95,0.5622,-1,-1,-1
643,80,925.63,927.47,61.93,151.51,0.6340,-1,-1,-1
643,86,805.91,145.47,59.10,175.02,0.4266,-1,-1,-1
643,87,1406.88,969.64,78.73,110.34,0.6171,-1,-1,-1
643,88,1482.35,944.47,93.90,133.55,0.6202,-1,-1,-1
644,4,1715.28,452.38,81.32,214.02,0.7200,-1,-1,-1
644,32,1122.89,959.76,86.02,120.19,0.5938,-1,-1,-1
644,41,1198.27,966.42,73.60,113.37,0.3692,-1,-1,-1
644,54,484.30,539.46,66.21,237.57,0.7517,-1,-1,-1
644,73,337.03,313.27,70.46,202.09,0.7101,-1,-1,-1
644,76,1623.90,188.67,57.68,180.08,0.6121,-1,-1,-1
644,80,923.65,928.41,61.42,151.17,0.6790,-1,-1,-1
644,86,805.96,145.71,58.83,175.81,0.4295,-1,-1,-1
644,87,1403.05,965.87,80.15,114.06,0.6073,-1,-1,-1
644,88,1479.59,944.18,94.56,134.31,0.5813,-1,-1,-1
645,4,1715.92,452.85,81.01,213.92,0.7229,-1,-1,-1
645,32,1121.72,960.71,91.39,119.21,0.4906,-1,-1,-1
645,54,475.95,539.99,70.10,238.52,0.7676,-1,-1,-1
645,73,337.27,314.77,70.20,199.91,0.6924,-1,-1,-1
645,76,1623.27,188.14,57.22,178.77,0.6223,-1,-1,-1
645,80,921.54,928.84,62.37,150.44,0.6906,-1,-1,-1
645,86,805.82,145.53,58.94,175.50,0.4718,-1,-1,-1
645,87,1400.25,963.20,79.37,116.79,0.6027,-1,-1,-1
645,88,1474.21,943.68,96.84,135.33,0.5267,-1,-1,-1
646,4,1715.33,454.20,81.87,213.18,0.7332,-1,-1,-1
646,32,1124.69,962.28,78.77,117.70,0.5773,-1,-1,-1
646,41,1195.96,969.49,75.41,110.51,0.4398,-1,-1,-1
646,54,469.17,538.70,75.69,239.44,0.7732,-1,-1,-1
646,73,336.54,317.45,70.45,197.86,0.7010,-1,-1,-1
646,76,1622.40,186.13,58.26,178.35,0.6405,-1,-1,-1
646,80,919.37,928.40,62.82,150.69,0.6762,-1,-1,-1
646,81,1562.21,605.59,107.49,224.50,0.3774,-1,-1,-1
646,86,806.49,145.69,58.32,174.43,0.4739,-1,-1,-1
646,87,1394.20,958.96,83.53,120.98,0.6705,-1,-1,-1
646,88,1468.90,941.90,98.25,137.08,0.4550,-1,-1,-1
647,4,1715.50,453.03,82.15,214.16,0.7302,-1,-1,-1
647,32,1125.87,963.48,73.91,116.47,0.5147,-1,-1,-1
647,41,1198.11,972.14,73.17,107.99,0.3710,-1,-1,-1
647,54,466.54,538.31,76.30,239.54,0.7619,-1,-1,-1
647,73,335.91,320.34,69.59,196.85,0.7115,-1,-1,-1
647,76,1622.07,183.94,58.82,181.54,0.6471,-1,-1,-1
647,80,913.89,928.65,66.14,149.91,0.6718,-1,-1,-1
647,81,1561.77,612.35,108.72,218.83,0.3846,-1,-1,-1
647,86,806.60,145.73,58.09,173.92,0.4338,-1,-1,-1
647,87,1388.84,954.69,88.54,124.90,0.7061,-1,-1,-1
647,88,1468.45,939.89,93.27,140.07,0.5775,-1,-1,-1
648,4,1716.38,452.99,80.75,212.74,0.7300,-1,-1,-1
648,32,1125.07,965.78,77.02,114.26,0.5521,-1,-1,-1
648,41,1198.35,976.05,72.22,104.16,0.4518,-1,-1,-1
648,54,461.82,537.75,79.16,239.59,0.7499,-1,-1,-1
648,73,336.19,320.38,68.37,198.18,0.7189,-1,-1,-1
648,76,1620.36,182.25,59.92,176.68,0.6567,-1,-1,-1
648,80,910.62,929.48,69.29,149.15,0.6892,-1,-1,-1
648,81,1563.37,607.19,106.27,222.07,0.3636,-1,-1,-1
648,86,806.53,145.66,57.91,173.80,0.4485,-1,-1,-1
648,87,1386.71,951.72,88.90,127.52,0.7037,-1,-1,-1
648,88,1467.23,937.57,91.34,141.20,0.6301,-1,-1,-1
649,4,1716.79,453.75,82.81,213.33,0.7300,-1,-1,-1
649,32,1124.38,968.14,80.50,111.90,0.5285,-1,-1,-1
649,41,1195.94,977.94,73.78,102.08,0.4520,-1,-1,-1
649,54,459.55,538.78,79.77,237.63,0.7665,-1,-1,-1
649,73,335.05,321.28,68.20,200.50,0.7241,-1,-1,-1
649,76,1619.06,181.32,60.99,178.40,0.6595,-1,-1,-1
649,80,906.45,929.68,70.63,149.00,0.7042,-1,-1,-1
649,86,806.46,145.31,58.34,174.07,0.4677,-1,-1,-1
649,87,1383.14,950.80,88.72,127.88,0.6953,-1,-1,-1
649,88,1461.51,933.05,94.99,144.44,0.6274,-1,-1,-1
650,4,1717.49,453.31,79.84,212.84,0.7358,-1,-1,-1
650,32,1125.65,971.11,73.67,108.48,0.4842,-1,-1,-1
650,41,1193.36,981.95,76.07,98.26,0.4099,-1,-1,-1
650,54,455.33,536.84,82.31,238.98,0.7775,-1,-1,-1
650,73,335.02,322.57,66.80,204.54,0.7115,-1,-1,-1
650,76,1618.26,180.01,62.17,179.40,0.6244,-1,-1,-1
650,80,904.19,931.79,70.93,146.86,0.7192,-1,-1,-1
650,81,1562.67,605.54,110.30,222.65,0.3270,-1,-1,-1
650,86,806.31,144.37,58.15,176.02,0.4638,-1,-1,-1
650,87,1378.46,947.43,87.42,131.03,0.7016,-1,-1,-1
650,88,1455.68,929.28,96.49,148.72,0.6492,-1,-1,-1
651,4,1717.45,453.78,80.24,212.43,0.7262,-1,-1,-1
651,32,1124.85,972.71,79.00,107.23,0.5221,-1,-1,-1
651,41,1193.25,983.16,75.21,96.78,0.4304,-1,-1,-1
651,54,454.34,537.17,82.49,238.55,0.7802,-1,-1,-1
651,73,333.87,323.08,67.39,205.33,0.7222,-1,-1,-1
651,76,1616.79,177.39,64.13,178.21,0.6217,-1,-1,-1
651,80,902.33,931.31,71.30,147.73,0.7264,-1,-1,-1
651,81,1561.22,602.89,112.14,224.97,0.3183,-1,-1,-1
651,86,805.39,143.55,59.29,177.24,0.4501,-1,-1,-1
651,87,1371.14,946.02,90.36,132.80,0.6956,-1,-1,-1
651,88,1456.62,927.22,93.37,152.26,0.6642,-1,-1,-1
652,4,1717.40,453.78,79.02,212.41,0.7171,-1,-1,-1
652,32,1125.82,975.91,66.33,104.18,0.4874,-1,-1,-1
652,41,1185.68,987.57,80.90,92.62,0.4591,-1,-1,-1
652,54,452.58,536.65,83.85,238.56,0.7725,-1,-1,-1
652,73,333.45,325.58,66.62,205.42,0.7090,-1,-1,-1
652,76,1616.39,174.79,64.11,178.77,0.6510,-1,-1,-1
652,80,900.42,930.81,70.83,147.15,0.6997,-1,-1,-1
652,81,1560.86,602.01,108.69,227.31,0.3287,-1,-1,-1
652,86,807.63,144.01,57.62,175.97,0.4759,-1,-1,-1
652,87,1368.14,943.93,91.85,134.84,0.6665,-1,-1,-1
652,88,1455.30,923.48,91.46,155.02,0.6132,-1,-1,-1
653,4,1718.46,452.94,78.97,213.24,0.7314,-1,-1,-1
653,32,1123.89,980.27,73.07,99.60,0.5599,-1,-1,-1
653,41,1190.93,989.07,76.31,89.92,0.5711,-1,-1,-1
653,54,450.84,536.57,85.87,238.18,0.7784,-1,-1,-1
653,73,333.74,327.19,65.23,205.46,0.7245,-1,-1,-1
653,76,1615.75,174.77,65.56,175.36,0.6819,-1,-1,-1
653,80,899.04,931.73,68.55,145.91,0.6970,-1,-1,-1
653,81,1561.11,597.94,111.27,229.81,0.3987,-1,-1,-1
653,86,806.24,145.08,58.31,175.15,0.5210,-1,-1,-1
653,87,1365.10,941.86,92.35,136.39,0.7052,-1,-1,-1
653,88,1450.90,917.20,92.08,161.99,0.6484,-1,-1,-1
654,4,1718.93,452.67,78.86,212.84,0.7316,-1,-1,-1
654,32,1123.49,983.14,68.78,96.31,0.5158,-1,-1,-1
654,41,1196.56,991.46,70.93,86.72,0.5471,-1,-1,-1
654,54,452.82,536.32,84.34,238.53,0.7813,-1,-1,-1
654,73,334.19,328.80,63.51,206.19,0.7105,-1,-1,-1
654,76,1614.96,173.88,66.89,177.20,0.6421,-1,-1,-1
654,80,898.99,932.48,64.60,145.29,0.6881,-1,-1,-1
654,81,1561.04,598.03,111.27,229.68,0.4418,-1,-1,-1
654,86,806.62,145.28,58.07,173.64,0.5031,-1,-1,-1
654,87,1361.13,940.24,91.82,136.71,0.6924,-1,-1,-1
654,88,1449.31,914.63,91.33,164.88,0.6315,-1,-1,-1
655,4,1718.36,452.56,79.07,213.41,0.7276,-1,-1,-1
655,32,1122.54,986.19,78.07,93.22,0.5832,-1,-1,-1
655,41,1200.59,993.77,68.78,84.23,0.5788,-1,-1,-1
655,54,453.27,536.21,82.38,238.63,0.7840,-1,-1,-1
655,73,333.15,330.42,63.70,204.76,0.6950,-1,-1,-1
655,76,1614.45,168.34,68.25,182.30,0.5920,-1,-1,-1
655,80,895.07,932.21,65.80,145.32,0.6859,-1,-1,-1
655,81,1562.77,599.02,110.16,229.69,0.4130,-1,-1,-1
655,86,806.37,144.55,58.43,175.16,0.4859,-1,-1,-1
655,87,1359.98,938.51,91.54,138.96,0.6731,-1,-1,-1
655,88,1445.45,915.31,92.02,164.85,0.6456,-1,-1,-1
656,4,1718.79,452.11,78.38,214.21,0.7408,-1,-1,-1
656,32,1122.61,988.27,72.15,90.15,0.5592,-1,-1,-1
656,41,1200.47,995.16,70.44,83.21,0.5795,-1,-1,-1
656,54,455.15,534.76,79.94,239.75,0.7881,-1,-1,-1
656,73,331.63,331.61,65.11,206.17,0.6912,-1,-1,-1
656,76,1613.69,166.69,69.41,181.64,0.5936,-1,-1,-1
656,80,891.46,932.44,66.95,144.93,0.7028,-1,-1,-1
656,81,1561.00,595.44,110.13,232.06,0.3194,-1,-1,-1
656,86,807.59,144.81,56.95,175.14,0.4742,-1,-1,-1
656,87,1359.13,936.00,91.08,141.45,0.6797,-1,-1,-1
656,88,1440.14,911.20,95.15,168.57,0.6134,-1,-1,-1
657,4,1718.50,452.12,79.38,213.93,0.7387,-1,-1,-1
657,32,1121.87,989.84,66.89,88.33,0.5343,-1,-1,-1
657,41,1196.92,996.49,74.80,82.06,0.5637,-1,-1,-1
657,54,455.49,535.14,78.70,239.67,0.7761,-1,-1,-1
657,73,329.93,332.93,65.34,205.85,0.6783,-1,-1,-1
657,76,1612.31,168.61,71.63,177.85,0.6008,-1,-1,-1
657,80,887.65,931.89,68.41,146.01,0.6986,-1,-1,-1
657,81,1562.77,593.34,110.01,233.83,0.3849,-1,-1,-1
657,86,804.87,145.43,59.88,175.66,0.4420,-1,-1,-1
657,87,1359.58,932.99,89.77,144.92,0.6722,-1,-1,-1
657,88,1434.29,907.69,97.75,171.32,0.6414,-1,-1,-1
658,4,1719.14,451.97,77.82,214.99,0.7164,-1,-1,-1
658,32,1118.52,990.06,71.63,87.99,0.5450,-1,-1,-1
658,41,1194.95,998.03,78.86,80.84,0.5983,-1,-1,-1
658,54,453.62,533.74,78.80,240.90,0.7578,-1,-1,-1
658,73,328.32,333.49,65.48,205.57,0.6805,-1,-1,-1
658,76,1611.13,167.97,73.31,176.34,0.5999,-1,-1,-1
658,80,885.28,932.52,69.15,145.87,0.7055,-1,-1,-1
658,81,1561.24,595.69,110.95,232.38,0.3064,-1,-1,-1
658,86,806.15,144.14,59.11,175.22,0.4296,-1,-1,-1
658,87,1355.21,929.14,90.74,148.02,0.6750,-1,-1,-1
658,88,1432.14,906.04,96.08,172.71,0.6657,-1,-1,-1
659,4,1718.06,452.26,80.00,214.63,0.7405,-1,-1,-1
659,32,1117.47,991.49,78.15,87.08,0.6017,-1,-1,-1
659,41,1194.99,999.39,81.39,80.53,0.6217,-1,-1,-1
659,54,452.19,530.87,79.46,242.16,0.7662,-1,-1,-1
659,73,324.54,332.28,68.92,206.55,0.7248,-1,-1,-1
659,76,1611.32,167.52,74.45,176.33,0.6066,-1,-1,-1
659,80,882.80,932.69,68.17,145.12,0.7052,-1,-1,-1
659,86,806.36,143.79,58.73,176.95,0.4360,-1,-1,-1
659,87,1352.59,926.67,91.11,150.85,0.6723,-1,-1,-1
659,88,1429.56,905.42,95.92,172.69,0.6155,-1,-1,-1
660,4,1718.06,451.77,78.92,214.51,0.7281,-1,-1,-1
660,32,1115.24,993.45,78.35,85.17,0.6365,-1,-1,-1
660,41,1193.69,1002.04,84.24,77.99,0.6206,-1,-1,-1
660,54,449.66,530.26,76.96,239.92,0.7579,-1,-1,-1
660,73,322.58,332.98,69.51,205.54,0.7227,-1,-1,-1
660,76,1613.03,166.84,73.54,178.52,0.6504,-1,-1,-1
660,80,880.78,932.04,67.27,145.40,0.6978,-1,-1,-1
660,86,805.50,144.67,59.24,175.93,0.4491,-1,-1,-1
660,87,1350.46,923.23,91.63,153.02,0.6752,-1,-1,-1
660,88,1427.15,902.95,99.07,174.99,0.6228,-1,-1,-1
660,92,431.82,127.44,43.25,152.88,0.3232,-1,-1,-1
661,4,1718.19,451.90,79.79,213.13,0.7519,-1,-1,-1
661,32,1112.41,993.72,74.21,85.03,0.5997,-1,-1,-1
661,41,1191.85,1005.18,87.20,74.90,0.5822,-1,-1,-1
661,54,447.90,530.75,69.16,239.16,0.7663,-1,-1,-1
661,73,321.57,333.47,69.36,204.27,0.6933,-1,-1,-1
661,76,1614.28,166.84,74.14,175.22,0.6517,-1,-1,-1
661,80,879.16,931.08,65.35,147.71,0.6722,-1,-1,-1
661,81,1558.54,602.88,115.14,224.32,0.3076,-1,-1,-1
661,86,806.68,144.35,58.44,175.29,0.4406,-1,-1,-1
661,87,1348.80,920.69,89.54,155.37,0.6756,-1,-1,-1
661,88,1425.75,901.18,99.22,176.39,0.6329,-1,-1,-1
661,92,431.57,130.28,42.87,150.02,0.3154,-1,-1,-1
661,93,473.37,119.37,55.71,166.89,0.3062,-1,-1,-1
662,4,1717.84,451.74,80.04,213.69,0.7496,-1,-1,-1
662,32,1111.45,996.13,74.75,82.67,0.6012,-1,-1,-1
662,41,1193.00,1005.37,86.53,74.02,0.5335,-1,-1,-1
662,54,442.77,530.30,70.19,240.14,0.7829,-1,-1,-1
662,73,320.78,333.55,69.18,204.47,0.7002,-1,-1,-1
662,76,1613.79,166.04,75.20,175.71,0.6382,-1,-1,-1
662,80,876.26,929.75,64.84,149.44,0.6624,-1,-1,-1
662,81,1561.03,595.91,114.07,231.42,0.3862,-1,-1,-1
662,86,806.19,143.03,58.56,175.53,0.4638,-1,-1,-1
662,87,1346.08,915.50,86.41,160.73,0.6168,-1,-1,-1
662,88,1423.76,898.62,100.54,179.51,0.4911,-1,-1,-1
662,92,430.60,133.88,43.57,146.53,0.3284,-1,-1,-1
662,93,473.55,119.16,56.63,169.43,0.3226,-1,-1,-1
663,4,1717.80,452.57,81.96,212.68,0.7377,-1,-1,-1
663,32,1110.54,997.71,67.82,80.97,0.5350,-1,-1,-1
663,41,1193.12,1007.78,84.99,71.32,0.5120,-1,-1,-1
663,54,438.51,529.13,68.75,239.36,0.8057,-1,-1,-1
663,73,320.96,333.98,68.29,203.93,0.7130,-1,-1,-1
663,76,1616.26,164.90,73.37,175.07,0.6153,-1,-1,-1
663,80,874.91,929.38,63.06,149.39,0.6632,-1,-1,-1
663,81,1562.90,600.50,112.52,226.64,0.3749,-1,-1,-1
663,86,807.08,143.26,57.74,175.04,0.4405,-1,-1,-1
663,87,1342.33,910.76,86.72,167.11,0.6731,-1,-1,-1
663,88,1422.68,896.07,97.42,183.83,0.6283,-1,-1,-1
663,92,429.87,132.70,44.62,147.01,0.3312,-1,-1,-1
664,4,1717.74,452.74,82.41,213.55,0.7252,-1,-1,-1
664,32,1108.94,1000.54,65.05,78.47,0.5255,-1,-1,-1
664,41,1193.87,1009.72,83.31,69.86,0.4593,-1,-1,-1
664,54,434.20,527.95,67.52,241.20,0.7957,-1,-1,-1
664,73,320.47,335.07,67.91,202.77,0.7015,-1,-1,-1
664,76,1616.95,164.00,73.45,179.21,0.6268,-1,-1,-1
664,80,872.04,929.53,64.38,148.37,0.6802,-1,-1,-1
664,81,1558.82,615.42,112.09,214.73,0.3208,-1,-1,-1
664,86,805.44,143.08,58.71,175.34,0.4364,-1,-1,-1
664,87,1340.84,907.38,85.41,171.29,0.6328,-1,-1,-1
664,88,1421.86,892.68,94.11,187.27,0.6074,-1,-1,-1
664,92,431.21,130.40,43.88,149.17,0.3100,-1,-1,-1
665,4,1718.16,452.35,81.95,213.22,0.7288,-1,-1,-1
665,32,1105.82,1001.94,77.17,77.73,0.5655,-1,-1,-1
665,41,1195.63,1012.67,72.20,67.38,0.4696,-1,-1,-1
665,54,431.39,526.46,62.81,244.12,0.7424,-1,-1,-1
665,73,317.34,334.65,69.98,203.15,0.6931,-1,-1,-1
665,76,1618.37,162.44,72.29,183.71,0.5983,-1,-1,-1
665,80,868.83,930.72,65.58,148.30,0.6747,-1,-1,-1
665,81,1561.43,599.91,111.69,225.34,0.3465,-1,-1,-1
665,86,807.26,143.27,57.23,175.13,0.4678,-1,-1,-1
665,87,1338.58,904.14,82.37,174.21,0.6500,-1,-1,-1
665,88,1417.31,885.30,98.02,194.47,0.6324,-1,-1,-1
665,92,432.30,129.15,42.31,150.60,0.3358,-1,-1,-1
665,93,474.45,121.30,56.82,168.09,0.3013,-1,-1,-1
666,4,1717.88,452.07,81.59,214.28,0.7037,-1,-1,-1
666,32,1104.17,1004.78,79.02,74.47,0.5717,-1,-1,-1
666,41,1194.82,1014.79,70.62,65.23,0.4931,-1,-1,-1
666,54,428.39,526.77,63.03,247.40,0.7489,-1,-1,-1
666,73,312.91,335.61,73.69,203.91,0.6713,-1,-1,-1
666,76,1619.06,160.93,72.26,183.33,0.6059,-1,-1,-1
666,80,867.15,930.15,65.92,148.14,0.6917,-1,-1,-1
666,81,1559.85,600.15,114.94,227.15,0.3517,-1,-1,-1
666,86,807.66,143.07,56.49,173.55,0.4453,-1,-1,-1
666,87,1334.12,902.96,82.16,175.28,0.6548,-1,-1,-1
666,88,1413.30,882.38,101.95,197.62,0.6420,-1,-1,-1
666,92,431.56,130.48,44.06,149.73,0.3169,-1,-1,-1
667,4,1716.87,452.84,82.90,214.18,0.6936,-1,-1,-1
667,32,1103.50,1007.18,70.35,71.21,0.5468,-1,-1,-1
667,41,1196.06,1017.34,66.60,62.69,0.5358,-1,-1,-1
667,54,425.90,526.37,63.13,248.14,0.7494,-1,-1,-1
667,73,307.70,338.46,79.62,203.48,0.7022,-1,-1,-1
667,76,1620.30,159.48,71.74,184.17,0.6140,-1,-1,-1
667,80,864.43,929.89,66.31,148.42,0.6827,-1,-1,-1
667,81,1559.69,598.75,113.81,227.64,0.4136,-1,-1,-1
667,86,806.93,144.53,57.29,173.37,0.4432,-1,-1,-1
667,87,1331.76,899.92,81.57,179.13,0.6582,-1,-1,-1
667,88,1408.42,880.25,99.12,199.79,0.6887,-1,-1,-1
667,92,431.44,131.81,44.50,149.12,0.3315,-1,-1,-1
667,93,477.63,125.85,54.04,163.42,0.3187,-1,-1,-1
668,4,1717.04,452.67,83.80,214.06,0.7211,-1,-1,-1
668,32,1103.78,1009.90,70.06,67.72,0.5577,-1,-1,-1
668,41,1195.73,1020.17,62.91,59.53,0.5497,-1,-1,-1
668,54,422.81,526.98,64.24,245.28,0.7642,-1,-1,-1
668,73,310.11,341.62,76.48,204.26,0.6965,-1,-1,-1
668,76,1622.10,156.66,72.13,182.89,0.5986,-1,-1,-1
668,80,862.38,929.56,66.52,148.59,0.6842,-1,-1,-1
668,81,1559.82,601.44,114.43,226.30,0.3893,-1,-1,-1
668,86,808.29,143.00,55.74,173.74,0.4508,-1,-1,-1
668,87,1330.57,899.12,82.30,179.78,0.6540,-1,-1,-1
668,88,1406.57,876.57,98.78,203.41,0.6790,-1,-1,-1
668,93,479.14,123.13,51.80,165.49,0.3398,-1,-1,-1
669,4,1717.99,451.75,82.68,215.88,0.6930,-1,-1,-1
669,32,1104.93,1013.04,59.74,63.76,0.4825,-1,-1,-1
669,41,1195.86,1025.20,60.64,54.75,0.4728,-1,-1,-1
669,54,416.89,527.36,69.73,246.29,0.7522,-1,-1,-1
669,73,311.51,345.61,75.22,203.99,0.7222,-1,-1,-1
669,76,1622.64,153.45,72.43,184.43,0.6092,-1,-1,-1
669,80,859.38,930.25,67.44,148.34,0.6618,-1,-1,-1
669,81,1560.21,601.64,114.52,225.90,0.3875,-1,-1,-1
669,86,807.28,144.62,57.00,173.19,0.4310,-1,-1,-1
669,87,1329.58,898.27,80.54,180.43,0.6975,-1,-1,-1
669,88,1404.62,874.68,98.56,205.35,0.7231,-1,-1,-1
669,89,225.51,234.05,59.54,172.69,0.3010,-1,-1,-1
669,93,479.20,124.46,53.85,163.84,0.3489,-1,-1,-1
670,4,1716.73,452.17,84.55,214.78,0.7121,-1,-1,-1
670,32,1104.89,1016.39,63.16,60.44,0.4967,-1,-1,-1
670,41,1196.57,1028.45,57.67,50.64,0.4299,-1,-1,-1
670,54,409.47,527.86,75.98,245.13,0.7736,-1,-1,-1
670,73,311.93,346.63,73.38,205.71,0.7317,-1,-1,-1
670,76,1624.17,153.15,71.74,183.94,0.6214,-1,-1,-1
670,80,857.56,929.53,67.95,149.24,0.6724,-1,-1,-1
670,81,1562.47,599.11,111.04,226.98,0.3952,-1,-1,-1
670,86,805.83,144.87,58.33,174.19,0.4429,-1,-1,-1
670,87,1326.89,896.64,80.28,182.28,0.7181,-1,-1,-1
670,88,1401.56,870.87,102.51,209.10,0.6869,-1,-1,-1
670,93,479.27,116.84,54.32,171.00,0.3427,-1,-1,-1
671,4,1716.59,452.74,85.27,214.31,0.7191,-1,-1,-1
671,32,1103.86,1020.35,52.90,57.20,0.5073,-1,-1,-1
671,41,1197.54,1032.10,51.75,47.56,0.3961,-1,-1,-1
671,54,405.36,527.56,78.64,245.47,0.7843,-1,-1,-1
671,73,311.51,347.73,73.39,208.65,0.7608,-1,-1,-1
671,76,1625.47,152.15,70.40,182.01,0.6195,-1,-1,-1
671,80,855.64,930.12,68.25,148.50,0.6828,-1,-1,-1
671,81,1561.87,601.57,113.52,226.20,0.4000,-1,-1,-1
671,86,806.76,144.53,57.27,174.11,0.4940,-1,-1,-1
671,87,1325.07,895.69,78.20,183.33,0.7093,-1,-1,-1
671,88,1400.82,866.18,101.14,213.53,0.6959,-1,-1,-1
671,93,478.36,117.26,56.24,171.26,0.3796,-1,-1,-1
672,4,1716.71,451.69,84.62,214.81,0.7041,-1,-1,-1
672,32,1106.49,1025.05,47.75,53.85,0.4839,-1,-1,-1
672,41,1197.41,1034.42,48.83,45.32,0.3781,-1,-1,-1
672,54,402.83,528.87,80.67,243.77,0.7850,-1,-1,-1
672,73,311.94,348.67,72.14,207.63,0.7650,-1,-1,-1
672,76,1627.12,156.21,68.43,175.11,0.5869,-1,-1,-1
672,80,854.74,929.04,67.21,149.23,0.6779,-1,-1,-1
672,81,1560.34,599.52,113.82,227.81,0.3610,-1,-1,-1
672,86,806.18,143.68,57.65,175.88,0.4744,-1,-1,-1
672,87,1318.91,894.79,82.40,184.96,0.7340,-1,-1,-1
672,88,1401.21,861.69,100.06,218.27,0.7246,-1,-1,-1
672,92,429.89,135.40,45.11,151.89,0.3581,-1,-1,-1
672,93,480.19,124.12,52.89,165.77,0.3251,-1,-1,-1
673,4,1716.35,452.77,86.15,214.79,0.7261,-1,-1,-1
673,32,1108.13,1029.57,45.14,50.17,0.4311,-1,-1,-1
673,41,1197.21,1035.81,43.79,43.85,0.3754,-1,-1,-1
673,54,400.78,530.75,82.41,242.95,0.7856,-1,-1,-1
673,73,312.07,351.01,71.44,207.86,0.7739,-1,-1,-1
673,76,1627.47,156.43,67.81,175.37,0.5827,-1,-1,-1
673,80,853.99,929.75,66.16,149.50,0.6823,-1,-1,-1
673,81,1559.98,600.28,112.60,226.84,0.3480,-1,-1,-1
673,86,807.66,144.04,56.25,175.72,0.4711,-1,-1,-1
673,87,1316.48,892.08,82.21,187.90,0.7126,-1,-1,-1
673,88,1402.72,861.34,94.61,218.75,0.6946,-1,-1,-1
673,89,228.23,233.72,59.80,173.44,0.3534,-1,-1,-1
673,92,428.53,134.81,45.38,153.33,0.3555,-1,-1,-1
673,93,480.60,127.59,52.82,164.21,0.3662,-1,-1,-1
674,4,1715.64,452.54,87.94,215.09,0.7271,-1,-1,-1
674,32,1109.32,1031.48,42.52,48.40,0.4071,-1,-1,-1
674,41,1196.80,1036.94,42.79,42.87,0.3225,-1,-1,-1
674,54,397.82,530.57,84.60,243.56,0.7802,-1,-1,-1
674,73,311.25,351.62,72.38,209.03,0.7630,-1,-1,-1
674,76,1627.84,156.51,67.40,173.50,0.5283,-1,-1,-1
674,80,851.41,929.10,65.46,150.62,0.6870,-1,-1,-1
674,81,1564.73,599.18,103.41,227.61,0.4025,-1,-1,-1
674,86,807.12,144.50,56.88,174.95,0.4518,-1,-1,-1
674,87,1312.65,888.83,82.57,191.08,0.7251,-1,-1,-1
674,88,1400.22,859.40,92.56,220.68,0.5804,-1,-1,-1
674,92,429.08,134.53,45.51,155.07,0.3380,-1,-1,-1
674,93,479.66,128.90,52.61,166.27,0.4240,-1,-1,-1
675,4,1715.64,452.43,87.77,213.58,0.7088,-1,-1,-1
675,32,1109.08,1035.73,42.04,44.40,0.3530,-1,-1,-1
675,41,1195.91,1041.29,43.86,38.91,0.3339,-1,-1,-1
675,54,393.92,528.73,88.49,245.51,0.7812,-1,-1,-1
675,73,312.13,352.96,71.82,210.20,0.7547,-1,-1,-1
675,76,1627.57,156.30,67.05,174.24,0.5498,-1,-1,-1
675,80,851.45,930.49,62.87,149.56,0.6792,-1,-1,-1
675,81,1559.67,613.24,112.69,216.96,0.4194,-1,-1,-1
675,86,806.31,144.46,57.86,175.42,0.4834,-1,-1,-1
675,87,1305.45,886.05,85.47,193.38,0.7486,-1,-1,-1
675,88,1392.94,862.56,107.73,217.87,0.5470,-1,-1,-1
675,89,230.39,231.20,63.33,177.16,0.3060,-1,-1,-1
675,92,429.84,134.68,45.42,158.04,0.3502,-1,-1,-1
675,93,479.34,127.07,53.74,171.33,0.4519,-1,-1,-1
676,4,1716.65,453.26,86.39,212.69,0.7210,-1,-1,-1
676,41,1195.96,1043.12,44.77,36.82,0.3280,-1,-1,-1
676,54,390.11,530.84,91.98,244.12,0.7890,-1,-1,-1
676,73,312.18,355.26,70.80,208.97,0.7454,-1,-1,-1
676,76,1627.77,155.18,66.09,180.21,0.5772,-1,-1,-1
676,80,849.65,930.70,61.68,149.32,0.6678,-1,-1,-1
676,86,807.45,144.83,56.71,174.76,0.4157,-1,-1,-1
676,87,1302.19,883.04,84.37,196.93,0.7680,-1,-1,-1
676,88,1380.86,862.14,107.00,217.98,0.6201,-1,-1,-1
676,92,427.68,139.95,48.59,153.95,0.3067,-1,-1,-1
676,93,480.41,128.75,55.15,171.83,0.4885,-1,-1,-1
677,4,1716.06,453.19,87.21,213.29,0.7146,-1,-1,-1
677,41,1195.85,1045.15,47.26,34.80,0.3254,-1,-1,-1
677,54,383.54,530.91,97.46,244.31,0.7918,-1,-1,-1
677,73,311.57,355.17,72.26,209.23,0.7470,-1,-1,-1
677,76,1626.50,156.33,66.10,175.19,0.5569,-1,-1,-1
677,80,848.13,930.40,62.34,149.42,0.6736,-1,-1,-1
677,86,806.17,145.41,57.35,173.11,0.4295,-1,-1,-1
677,87,1299.78,879.03,84.82,199.60,0.7790,-1,-1,-1
677,88,1373.31,859.66,106.29,220.33,0.6728,-1,-1,-1
677,89,232.81,229.38,65.28,176.87,0.3570,-1,-1,-1
677,92,425.97,141.67,48.45,153.88,0.3163,-1,-1,-1
677,93,479.11,129.57,56.24,173.96,0.4870,-1,-1,-1
678,4,1716.24,453.32,87.17,213.55,0.6945,-1,-1,-1
678,41,1194.52,1047.71,50.13,32.30,0.3037,-1,-1,-1
678,54,378.05,531.55,103.17,243.53,0.7888,-1,-1,-1
678,73,311.76,356.53,71.67,209.00,0.7369,-1,-1,-1
678,76,1624.93,156.61,67.19,173.51,0.5405,-1,-1,-1
678,80,846.66,929.16,63.04,150.37,0.6766,-1,-1,-1
678,81,1558.82,624.47,110.53,205.31,0.3366,-1,-1,-1
678,86,806.67,144.80,57.04,173.25,0.4275,-1,-1,-1
678,87,1292.19,876.49,87.12,203.48,0.7790,-1,-1,-1
678,88,1370.17,859.84,107.54,220.27,0.6415,-1,-1,-1
678,89,235.32,232.92,58.66,172.42,0.3683,-1,-1,-1
678,93,480.02,130.57,56.46,173.62,0.4901,-1,-1,-1
679,4,1715.86,452.34,86.07,212.82,0.6947,-1,-1,-1
679,54,372.12,531.35,107.89,243.92,0.7829,-1,-1,-1
679,73,312.44,355.66,69.26,209.80,0.7147,-1,-1,-1
679,76,1624.86,156.79,66.72,173.51,0.5725,-1,-1,-1
679,80,844.59,927.00,65.72,152.92,0.6984,-1,-1,-1
679,81,1562.44,601.27,109.94,224.54,0.4542,-1,-1,-1
679,86,806.04,145.20,57.30,173.22,0.4359,-1,-1,-1
679,87,1287.41,873.83,89.86,206.17,0.7926,-1,-1,-1
679,88,1371.15,858.21,103.80,221.81,0.6364,-1,-1,-1
679,89,236.76,233.98,57.05,168.71,0.3749,-1,-1,-1
679,93,480.90,131.67,55.07,173.58,0.5016,-1,-1,-1
680,4,1715.98,453.21,87.76,213.57,0.7332,-1,-1,-1
680,54,367.58,530.39,110.80,244.91,0.7842,-1,-1,-1
680,73,310.77,356.52,71.82,207.94,0.7214,-1,-1,-1
680,76,1624.51,155.21,66.59,172.79,0.5885,-1,-1,-1
680,80,844.21,927.38,63.92,152.64,0.7235,-1,-1,-1
680,81,1559.11,617.80,110.77,212.91,0.3474,-1,-1,-1
680,86,805.99,145.32,56.26,173.56,0.4524,-1,-1,-1
680,87,1285.20,870.93,88.66,209.06,0.7654,-1,-1,-1
680,88,1368.23,857.34,100.79,222.71,0.6466,-1,-1,-1
680,89,238.49,233.14,55.20,167.47,0.3297,-1,-1,-1
680,93,479.27,132.92,57.84,173.28,0.4887,-1,-1,-1
681,4,1717.08,453.35,86.39,213.28,0.7224,-1,-1,-1
681,54,359.26,530.55,118.39,244.83,0.8075,-1,-1,-1
681,73,311.77,356.67,70.82,207.05,0.7005,-1,-1,-1
681,76,1623.50,156.83,66.02,171.82,0.6201,-1,-1,-1
681,80,841.66,925.66,68.32,153.71,0.7214,-1,-1,-1
681,81,1559.18,623.46,111.09,206.23,0.3382,-1,-1,-1
681,86,808.61,145.11,53.75,172.20,0.4537,-1,-1,-1
681,87,1279.59,868.26,89.99,211.05,0.7400,-1,-1,-1
681,88,1369.70,854.13,95.28,225.82,0.6771,-1,-1,-1
681,89,239.30,233.59,55.44,165.12,0.4024,-1,-1,-1
681,93,479.10,132.37,57.25,174.32,0.4733,-1,-1,-1
682,4,1716.37,453.35,86.51,213.66,0.7354,-1,-1,-1
682,54,357.94,530.52,119.71,244.06,0.8010,-1,-1,-1
682,73,310.14,357.85,72.49,206.93,0.7168,-1,-1,-1
682,76,1623.44,155.42,66.40,174.01,0.5939,-1,-1,-1
682,80,838.66,924.12,71.10,155.29,0.7307,-1,-1,-1
682,81,1562.91,606.07,106.65,219.69,0.3477,-1,-1,-1
682,86,807.09,144.75,54.51,173.26,0.4277,-1,-1,-1
682,87,1277.22,865.37,90.45,214.19,0.7595,-1,-1,-1
682,88,1371.43,850.34,90.39,229.60,0.7170,-1,-1,-1
682,89,238.41,232.00,60.57,169.16,0.3068,-1,-1,-1
682,93,479.24,131.84,57.90,174.52,0.4573,-1,-1,-1
683,4,1716.89,453.96,86.39,213.05,0.7296,-1,-1,-1
683,54,353.64,530.31,122.67,245.00,0.7991,-1,-1,-1
683,73,310.60,356.98,70.78,207.33,0.7243,-1,-1,-1
683,76,1621.68,155.38,65.62,176.67,0.5770,-1,-1,-1
683,80,836.27,924.11,73.27,155.37,0.7290,-1,-1,-1
683,81,1562.69,603.54,110.10,223.79,0.3797,-1,-1,-1
683,86,808.97,145.06,53.01,171.78,0.4263,-1,-1,-1
683,87,1271.68,863.86,93.95,215.62,0.7655,-1,-1,-1
683,88,1367.11,844.71,91.23,235.18,0.7204,-1,-1,-1
683,93,480.60,131.06,56.00,175.72,0.4436,-1,-1,-1
684,4,1716.03,453.27,85.84,214.11,0.7205,-1,-1,-1
684,54,353.17,527.64,120.47,247.48,0.7919,-1,-1,-1
684,73,310.12,357.57,70.16,206.89,0.7256,-1,-1,-1
684,76,1620.55,155.41,64.61,178.02,0.5948,-1,-1,-1
684,80,833.98,923.35,75.14,156.17,0.7274,-1,-1,-1
684,81,1559.51,616.45,109.96,214.24,0.3500,-1,-1,-1
684,86,806.73,145.18,54.49,173.25,0.4360,-1,-1,-1
684,87,1267.05,861.80,95.70,215.93,0.7917,-1,-1,-1
684,88,1359.88,840.03,94.25,239.90,0.7312,-1,-1,-1
684,92,426.19,142.67,46.63,153.14,0.3502,-1,-1,-1
684,93,481.48,134.93,56.20,171.69,0.4283,-1,-1,-1
685,4,1715.70,452.56,85.16,214.40,0.7321,-1,-1,-1
685,54,352.28,527.57,119.58,248.67,0.7988,-1,-1,-1
685,73,310.09,359.56,69.69,206.57,0.7166,-1,-1,-1
685,76,1620.33,154.01,63.58,181.82,0.5787,-1,-1,-1
685,80,829.55,923.61,79.35,155.86,0.7385,-1,-1,-1
685,81,1562.90,603.40,107.68,223.66,0.4136,-1,-1,-1
685,86,807.79,145.16,53.15,172.32,0.3861,-1,-1,-1
685,87,1266.71,860.09,92.39,217.04,0.7938,-1,-1,-1
685,88,1358.71,837.95,91.89,242.06,0.7493,-1,-1,-1
685,93,479.80,135.54,58.20,171.06,0.4336,-1,-1,-1
686,4,1715.51,451.60,86.21,215.03,0.7436,-1,-1,-1
686,54,352.43,528.81,115.99,247.78,0.8008,-1,-1,-1
686,73,309.46,363.16,68.21,206.66,0.7138,-1,-1,-1
686,76,1618.87,151.73,64.86,181.93,0.5285,-1,-1,-1
686,80,828.57,922.29,80.58,156.33,0.7459,-1,-1,-1
686,81,1559.94,614.39,110.28,216.40,0.3928,-1,-1,-1
686,86,807.36,145.08,52.81,171.82,0.3854,-1,-1,-1
686,87,1264.44,857.81,93.93,220.39,0.7990,-1,-1,-1
686,88,1356.63,833.84,91.65,245.77,0.7473,-1,-1,-1
686,92,424.40,143.55,49.10,155.43,0.3441,-1,-1,-1
686,93,480.06,136.30,56.99,170.11,0.4760,-1,-1,-1
687,4,1715.77,451.92,86.45,214.07,0.7522,-1,-1,-1
687,54,353.15,529.32,108.94,248.30,0.7980,-1,-1,-1
687,73,310.18,366.49,66.57,206.91,0.7049,-1,-1,-1
687,76,1617.64,149.92,63.88,182.23,0.5445,-1,-1,-1
687,80,827.52,922.88,80.98,156.13,0.7347,-1,-1,-1
687,81,1560.54,601.85,110.94,225.04,0.4128,-1,-1,-1
687,86,808.33,144.70,51.42,171.10,0.3754,-1,-1,-1
687,87,1262.49,856.32,90.88,223.66,0.7733,-1,-1,-1
687,88,1352.81,830.21,91.57,249.28,0.7660,-1,-1,-1
687,92,425.48,147.80,47.71,151.42,0.3644,-1,-1,-1
687,93,479.28,134.62,59.00,170.98,0.5019,-1,-1,-1
688,4,1715.41,453.01,88.06,214.23,0.7611,-1,-1,-1
688,54,353.97,528.81,105.01,249.26,0.8145,-1,-1,-1
688,73,310.41,368.89,65.60,207.05,0.7048,-1,-1,-1
688,76,1614.44,147.12,64.82,176.43,0.5620,-1,-1,-1
688,80,824.60,923.32,83.52,155.56,0.7342,-1,-1,-1
688,81,1559.94,612.34,110.69,217.76,0.4330,-1,-1,-1
688,86,807.30,143.63,52.15,171.71,0.3822,-1,-1,-1
688,87,1261.97,853.57,87.93,226.42,0.7828,-1,-1,-1
688,88,1348.24,830.55,91.60,249.49,0.7935,-1,-1,-1
688,93,480.95,134.97,57.20,171.03,0.4925,-1,-1,-1
689,4,1715.23,451.82,85.99,215.09,0.7512,-1,-1,-1
689,54,356.64,529.65,101.24,248.48,0.8144,-1,-1,-1
689,73,310.77,369.53,63.82,206.27,0.7069,-1,-1,-1
689,76,1614.31,144.84,65.05,177.54,0.5713,-1,-1,-1
689,80,822.65,924.06,84.68,154.91,0.7300,-1,-1,-1
689,81,1559.29,598.91,113.04,227.89,0.4635,-1,-1,-1
689,86,807.53,143.22,51.01,171.87,0.3374,-1,-1,-1
689,87,1259.94,851.05,86.28,228.95,0.7728,-1,-1,-1
689,88,1344.89,827.50,94.44,252.49,0.7898,-1,-1,-1
689,92,426.50,146.22,47.38,155.79,0.3173,-1,-1,-1
689,93,481.61,133.42,57.01,172.63,0.5106,-1,-1,-1
690,4,1715.82,451.02,87.23,217.01,0.7242,-1,-1,-1
690,54,359.38,529.22,96.06,250.20,0.8186,-1,-1,-1
690,73,310.37,372.59,62.86,207.56,0.6977,-1,-1,-1
690,76,1612.58,143.45,65.70,178.36,0.5981,-1,-1,-1
690,80,822.20,925.71,85.98,152.62,0.7442,-1,-1,-1
690,81,1561.59,597.15,112.54,229.70,0.4750,-1,-1,-1
690,86,805.72,141.02,50.37,171.40,0.3101,-1,-1,-1
690,87,1258.47,848.15,86.74,231.83,0.7244,-1,-1,-1
690,88,1340.68,824.26,92.78,255.73,0.7714,-1,-1,-1
690,92,426.54,148.98,47.41,155.07,0.3625,-1,-1,-1
690,93,480.81,133.36,57.79,173.86,0.4951,-1,-1,-1
691,4,1715.92,452.02,87.45,216.70,0.7420,-1,-1,-1
691,54,365.31,531.53,88.64,249.02,0.8249,-1,-1,-1
691,73,309.59,375.17,63.60,207.79,0.7123,-1,-1,-1
691,76,1610.54,141.59,65.25,178.95,0.6323,-1,-1,-1
691,80,823.14,926.16,84.45,151.67,0.7384,-1,-1,-1
691,81,1564.56,598.08,110.15,229.83,0.5027,-1,-1,-1
691,86,804.08,140.56,51.46,171.07,0.3557,-1,-1,-1
691,87,1257.31,845.23,85.27,233.45,0.7877,-1,-1,-1
691,88,1334.94,823.79,97.56,256.25,0.7799,-1,-1,-1
691,92,426.41,147.93,47.51,158.26,0.4164,-1,-1,-1
691,93,479.13,134.10,59.78,176.58,0.4977,-1,-1,-1
692,4,1716.28,452.74,87.22,214.94,0.7367,-1,-1,-1
692,54,369.68,533.90,84.10,248.98,0.8117,-1,-1,-1
692,73,308.59,374.50,64.01,211.41,0.7244,-1,-1,-1
692,76,1609.00,140.55,66.11,179.37,0.6501,-1,-1,-1
692,80,823.12,928.25,83.63,148.50,0.7439,-1,-1,-1
692,81,1561.98,601.06,112.97,226.92,0.4431,-1,-1,-1
692,86,805.43,141.51,51.08,173.14,0.3667,-1,-1,-1
692,87,1256.60,841.73,83.01,236.10,0.7949,-1,-1,-1
692,88,1332.26,823.20,96.00,256.84,0.7622,-1,-1,-1
692,92,427.34,150.98,46.76,157.36,0.4642,-1,-1,-1
692,93,480.89,135.49,58.28,179.46,0.5239,-1,-1,-1
693,4,1716.20,451.26,86.35,216.41,0.7273,-1,-1,-1
693,54,374.00,534.52,78.72,250.56,0.8112,-1,-1,-1
693,73,307.29,374.05,64.12,214.65,0.7135,-1,-1,-1
693,76,1608.31,138.48,65.72,178.74,0.6570,-1,-1,-1
693,80,823.74,928.19,82.96,148.68,0.7416,-1,-1,-1
693,81,1562.14,601.39,112.51,226.22,0.4972,-1,-1,-1
693,86,805.02,141.53,50.87,173.12,0.3685,-1,-1,-1
693,87,1254.14,838.32,82.01,241.48,0.8201,-1,-1,-1
693,88,1329.96,820.91,93.79,259.08,0.7656,-1,-1,-1
693,92,427.57,154.84,46.54,155.06,0.4494,-1,-1,-1
693,93,481.29,138.41,56.98,178.84,0.4969,-1,-1,-1
694,4,1715.78,451.62,87.27,217.17,0.7418,-1,-1,-1
694,54,377.88,534.96,75.19,249.45,0.8163,-1,-1,-1
694,73,305.77,374.56,65.20,215.67,0.7027,-1,-1,-1
694,76,1606.50,135.83,66.28,179.23,0.6390,-1,-1,-1
694,80,823.02,928.64,85.08,148.21,0.7642,-1,-1,-1
694,81,1562.52,600.62,111.62,226.93,0.5118,-1,-1,-1
694,86,805.20,140.74,49.85,173.51,0.3449,-1,-1,-1
694,87,1252.57,834.73,80.88,244.11,0.8163,-1,-1,-1
694,88,1327.82,819.32,94.03,260.69,0.7709,-1,-1,-1
694,92,427.31,154.95,47.12,155.69,0.4790,-1,-1,-1
694,93,480.98,140.45,57.14,178.07,0.5082,-1,-1,-1
695,4,1717.09,452.39,86.16,215.40,0.7253,-1,-1,-1
695,54,380.10,535.13,72.37,249.93,0.8111,-1,-1,-1
695,73,305.42,374.40,65.35,215.30,0.6669,-1,-1,-1
695,76,1606.59,135.50,65.51,178.81,0.6304,-1,-1,-1
695,80,822.84,930.69,85.56,146.78,0.7505,-1,-1,-1
695,81,1562.12,599.89,111.44,227.88,0.4231,-1,-1,-1
695,86,805.12,138.06,48.67,175.14,0.3660,-1,-1,-1
695,87,1249.71,831.27,81.03,246.82,0.7898,-1,-1,-1
695,88,1327.84,817.97,92.65,261.91,0.7505,-1,-1,-1
695,92,428.36,155.47,45.96,154.73,0.4007,-1,-1,-1
695,93,480.13,142.91,59.37,176.70,0.5267,-1,-1,-1
696,4,1717.14,452.13,86.40,214.74,0.7146,-1,-1,-1
696,54,381.74,535.34,69.48,250.89,0.8032,-1,-1,-1
696,73,302.87,374.81,67.98,214.60,0.6333,-1,-1,-1
696,76,1605.30,134.84,65.75,179.88,0.6069,-1,-1,-1
696,80,823.71,931.55,84.76,146.60,0.7368,-1,-1,-1
696,81,1561.22,601.12,113.03,225.99,0.4138,-1,-1,-1
696,86,804.99,137.49,48.18,175.02,0.3305,-1,-1,-1
696,87,1244.62,829.98,81.83,247.82,0.7861,-1,-1,-1
696,88,1325.87,815.51,92.47,264.48,0.7582,-1,-1,-1
696,92,427.43,157.68,47.15,151.77,0.4005,-1,-1,-1
696,93,481.39,147.43,57.97,172.57,0.5444,-1,-1,-1
697,4,1716.35,452.57,87.32,214.77,0.7071,-1,-1,-1
697,54,382.48,536.58,68.63,249.97,0.7921,-1,-1,-1
697,73,299.56,375.57,71.05,214.67,0.6338,-1,-1,-1
697,76,1602.16,135.20,68.13,178.34,0.5440,-1,-1,-1
697,80,825.13,932.81,83.68,145.49,0.7474,-1,-1,-1
697,81,1561.55,601.48,111.85,224.95,0.4146,-1,-1,-1
697,86,804.05,138.66,47.54,176.67,0.3468,-1,-1,-1
697,87,1241.95,828.64,82.24,249.58,0.7670,-1,-1,-1
697,88,1321.70,812.30,95.01,267.68,0.7815,-1,-1,-1
697,92,428.22,157.48,47.24,152.44,0.4383,-1,-1,-1
697,93,480.20,149.37,58.83,171.92,0.5389,-1,-1,-1
698,4,1717.53,452.51,85.74,214.56,0.7369,-1,-1,-1
698,54,383.63,537.36,67.83,248.69,0.7955,-1,-1,-1
698,73,299.06,376.05,71.65,214.13,0.6217,-1,-1,-1
698,76,1602.78,134.83,67.40,178.18,0.5203,-1,-1,-1
698,80,826.76,931.65,82.41,146.88,0.7641,-1,-1,-1
698,81,1559.39,608.94,113.79,219.88,0.4400,-1,-1,-1
698,86,804.29,139.00,46.75,176.37,0.3735,-1,-1,-1
698,87,1238.22,827.73,82.72,250.21,0.7712,-1,-1,-1
698,88,1318.27,809.52,95.96,270.47,0.7908,-1,-1,-1
698,92,427.28,155.27,48.12,154.65,0.4168,-1,-1,-1
698,93,479.96,150.49,57.96,170.89,0.5220,-1,-1,-1
699,4,1718.02,452.30,84.46,215.27,0.7188,-1,-1,-1
699,54,384.22,537.63,65.39,248.04,0.7807,-1,-1,-1
699,73,298.23,376.04,72.35,212.99,0.6502,-1,-1,-1
699,76,1600.08,134.06,69.37,180.92,0.4055,-1,-1,-1
699,80,827.17,932.43,82.88,146.10,0.7653,-1,-1,-1
699,81,1565.13,600.65,110.17,225.17,0.4241,-1,-1,-1
699,86,804.82,138.02,45.84,177.86,0.3273,-1,-1,-1
699,87,1232.80,825.21,86.49,252.36,0.7672,-1,-1,-1
699,88,1317.30,805.01,91.37,273.40,0.8004,-1,-1,-1
699,92,425.40,153.77,50.42,156.55,0.4545,-1,-1,-1
699,93,479.24,150.91,59.93,170.64,0.5514,-1,-1,-1
700,4,1717.84,452.64,84.69,213.81,0.7238,-1,-1,-1
700,54,384.76,539.01,64.84,247.26,0.7897,-1,-1,-1
700,73,296.85,375.97,72.52,212.87,0.6560,-1,-1,-1
700,76,1598.31,133.81,71.25,180.86,0.3628,-1,-1,-1
700,80,829.28,932.69,82.06,146.04,0.7654,-1,-1,-1
700,81,1560.69,612.12,111.32,216.39,0.4453,-1,-1,-1
700,86,803.18,135.01,47.55,179.77,0.3099,-1,-1,-1
700,87,1230.66,823.30,87.26,252.22,0.7665,-1,-1,-1
700,88,1314.76,802.05,90.75,274.19,0.7930,-1,-1,-1
700,92,427.58,153.46,48.56,156.78,0.3923,-1,-1,-1
700,93,479.43,149.92,59.66,171.85,0.5273,-1,-1,-1
701,4,1717.13,452.41,86.35,215.73,0.7201,-1,-1,-1
701,54,385.07,539.16,63.25,246.03,0.7570,-1,-1,-1
701,73,295.83,377.26,74.16,210.61,0.6498,-1,-1,-1
701,76,1597.41,134.87,72.44,180.38,0.3538,-1,-1,-1
701,80,829.96,932.01,85.03,146.31,0.7711,-1,-1,-1
701,81,1561.98,601.68,112.67,224.30,0.3881,-1,-1,-1
701,86,802.81,136.35,47.94,177.32,0.3478,-1,-1,-1
701,87,1227.14,819.85,90.00,256.37,0.8024,-1,-1,-1
701,88,1313.15,798.18,92.92,273.29,0.7865,-1,-1,-1
701,92,428.74,153.51,46.49,156.87,0.3802,-1,-1,-1
701,93,479.94,150.37,59.30,171.15,0.5429,-1,-1,-1
702,4,1717.14,451.37,86.62,215.85,0.7401,-1,-1,-1
702,54,385.85,539.82,60.83,245.03,0.7414,-1,-1,-1
702,73,295.91,376.23,73.91,212.13,0.6840,-1,-1,-1
702,76,1598.33,135.04,70.66,180.06,0.3889,-1,-1,-1
702,80,832.84,933.32,82.77,145.34,0.7707,-1,-1,-1
702,81,1559.13,623.33,113.74,206.53,0.3462,-1,-1,-1
702,86,798.92,137.52,52.22,176.55,0.3631,-1,-1,-1
702,87,1221.11,817.33,94.60,257.45,0.7633,-1,-1,-1
702,88,1310.59,792.67,93.45,262.41,0.7726,-1,-1,-1
702,92,430.15,151.81,46.77,159.33,0.3210,-1,-1,-1
702,93,480.70,149.15,57.89,171.59,0.5421,-1,-1,-1
703,4,1717.25,451.69,86.32,216.80,0.7372,-1,-1,-1
703,54,386.99,540.36,59.07,244.69,0.7364,-1,-1,-1
703,73,295.30,377.05,74.57,213.56,0.6903,-1,-1,-1
703,76,1601.23,131.10,67.64,185.26,0.4385,-1,-1,-1
703,80,834.66,933.77,82.95,144.49,0.7770,-1,-1,-1
703,81,1561.24,604.65,111.59,221.09,0.3818,-1,-1,-1
703,86,799.45,138.04,51.54,175.62,0.3602,-1,-1,-1
703,87,1221.25,815.98,90.52,257.86,0.7740,-1,-1,-1
703,88,1309.23,788.88,93.34,260.74,0.7814,-1,-1,-1
703,92,427.49,156.13,48.00,153.19,0.3402,-1,-1,-1
703,93,479.59,148.83,59.10,170.20,0.5236,-1,-1,-1
704,4,1716.73,451.35,87.60,214.65,0.7352,-1,-1,-1
704,54,387.43,540.60,59.47,246.20,0.7335,-1,-1,-1
704,73,294.41,378.94,75.11,214.74,0.6915,-1,-1,-1
704,76,1599.36,133.36,68.44,182.72,0.5396,-1,-1,-1
704,80,836.42,933.86,84.21,144.43,0.7790,-1,-1,-1
704,81,1560.86,602.39,114.20,224.60,0.3536,-1,-1,-1
704,86,798.96,138.10,52.63,173.67,0.3669,-1,-1,-1
704,87,1220.45,814.54,88.42,259.42,0.7759,-1,-1,-1
704,88,1309.88,786.21,90.93,263.59,0.7792,-1,-1,-1
704,89,259.17,207.36,51.28,186.48,0.3154,-1,-1,-1
704,92,427.15,157.56,48.17,155.49,0.3923,-1,-1,-1
704,93,478.84,149.31,59.90,169.17,0.5279,-1,-1,-1
705,4,1717.71,452.45,86.09,212.89,0.7269,-1,-1,-1
705,54,388.86,540.31,58.95,246.93,0.7420,-1,-1,-1
705,73,296.05,379.24,75.00,219.74,0.7031,-1,-1,-1
705,76,1602.04,131.77,66.92,184.44,0.5506,-1,-1,-1
705,80,838.86,933.99,83.60,144.51,0.7726,-1,-1,-1
705,81,1562.54,595.50,113.68,228.43,0.6034,-1,-1,-1
705,86,797.42,137.88,53.55,173.85,0.3708,-1,-1,-1
705,87,1219.48,812.36,86.40,262.44,0.7859,-1,-1,-1
705,88,1311.43,784.83,87.43,265.59,0.7673,-1,-1,-1
705,92,428.42,156.99,50.83,157.00,0.3687,-1,-1,-1
705,93,478.23,149.92,61.77,170.26,0.5469,-1,-1,-1
706,4,1717.24,452.38,86.40,214.02,0.7145,-1,-1,-1
706,54,389.08,540.73,59.73,245.28,0.7464,-1,-1,-1
706,73,293.60,383.70,78.02,219.56,0.7099,-1,-1,-1
706,76,1602.81,130.31,65.49,184.78,0.5993,-1,-1,-1
706,80,840.12,933.33,83.56,145.69,0.7781,-1,-1,-1
706,81,1563.37,595.20,113.83,229.43,0.4985,-1,-1,-1
706,86,796.77,138.96,53.57,173.16,0.3663,-1,-1,-1
706,87,1216.13,808.36,87.49,267.33,0.7791,-1,-1,-1
706,88,1309.30,783.41,85.61,266.27,0.7691,-1,-1,-1
706,92,426.78,159.53,50.13,157.81,0.3898,-1,-1,-1
706,93,478.90,151.79,59.47,167.97,0.5288,-1,-1,-1
707,4,1718.07,453.00,85.44,213.27,0.7274,-1,-1,-1
707,54,389.07,541.27,59.54,245.56,0.7635,-1,-1,-1
707,73,294.51,388.63,75.60,215.37,0.7153,-1,-1,-1
707,76,1602.80,129.02,65.19,181.39,0.6222,-1,-1,-1
707,80,842.14,934.18,84.39,145.81,0.7790,-1,-1,-1
707,81,1564.93,597.62,112.34,228.40,0.4590,-1,-1,-1
707,86,795.62,138.58,53.57,173.40,0.4003,-1,-1,-1
707,87,1214.35,806.00,85.89,262.39,0.7616,-1,-1,-1
707,88,1306.29,782.66,86.00,266.39,0.7674,-1,-1,-1
707,89,259.33,205.60,53.80,187.30,0.3241,-1,-1,-1
707,92,425.40,157.54,51.22,162.84,0.4238,-1,-1,-1
707,93,479.65,151.86,57.41,168.57,0.5194,-1,-1,-1
708,4,1717.42,452.67,85.97,213.91,0.7246,-1,-1,-1
708,54,390.55,541.72,57.90,246.31,0.7498,-1,-1,-1
708,73,295.08,390.63,73.88,214.52,0.7162,-1,-1,-1
708,76,1602.52,128.50,64.88,175.79,0.6095,-1,-1,-1
708,80,842.94,934.21,85.41,145.79,0.7764,-1,-1,-1
708,81,1564.55,595.76,112.07,228.54,0.5004,-1,-1,-1
708,86,795.06,139.32,54.15,173.20,0.3947,-1,-1,-1
708,87,1212.00,802.58,85.99,263.19,0.7514,-1,-1,-1
708,88,1302.60,781.06,87.75,265.44,0.7722,-1,-1,-1
708,89,260.36,203.50,50.18,182.82,0.3309,-1,-1,-1
708,92,425.28,156.13,50.76,166.25,0.4017,-1,-1,-1
708,93,479.36,153.43,57.21,167.69,0.4918,-1,-1,-1
709,4,1717.77,451.47,85.94,214.30,0.7199,-1,-1,-1
709,54,391.29,542.28,58.92,244.60,0.7567,-1,-1,-1
709,73,295.14,392.63,72.66,214.05,0.7234,-1,-1,-1
709,76,1602.45,126.72,65.23,173.20,0.6340,-1,-1,-1
709,80,843.93,934.31,86.11,145.69,0.7834,-1,-1,-1
709,81,1563.75,595.57,111.99,230.41,0.4467,-1,-1,-1
709,86,795.40,139.40,53.42,173.47,0.4194,-1,-1,-1
709,87,1208.93,799.45,84.28,260.19,0.7683,-1,-1,-1
709,88,1296.29,781.69,93.14,262.80,0.7591,-1,-1,-1
709,89,260.36,202.80,49.93,183.37,0.3041,-1,-1,-1
709,92,425.45,153.51,52.39,169.66,0.4148,-1,-1,-1
709,93,479.22,155.38,59.32,167.24,0.4909,-1,-1,-1
710,4,1718.53,452.09,85.65,213.90,0.7332,-1,-1,-1
710,54,391.02,542.59,61.28,242.62,0.7451,-1,-1,-1
710,73,295.84,393.99,71.67,215.28,0.7364,-1,-1,-1
710,76,1602.71,125.60,64.36,173.85,0.6536,-1,-1,-1
710,80,845.02,935.58,85.23,144.44,0.7713,-1,-1,-1
710,81,1565.57,593.17,111.61,231.40,0.5031,-1,-1,-1
710,86,793.95,139.42,52.47,172.45,0.3810,-1,-1,-1
710,87,1206.89,795.43,82.62,260.26,0.7846,-1,-1,-1
710,88,1287.27,781.28,99.02,264.05,0.7588,-1,-1,-1
710,89,260.71,206.50,52.07,181.93,0.3294,-1,-1,-1
710,92,425.10,155.15,49.59,169.19,0.3791,-1,-1,-1
710,93,479.36,158.93,58.34,167.17,0.5061,-1,-1,-1
711,4,1718.23,452.57,86.08,213.68,0.7142,-1,-1,-1
711,54,390.66,543.73,64.76,241.46,0.7452,-1,-1,-1
711,73,295.80,394.11,70.81,219.73,0.7365,-1,-1,-1
711,76,1602.48,122.83,64.47,174.09,0.6322,-1,-1,-1
711,80,845.71,934.24,85.26,145.74,0.7832,-1,-1,-1
711,81,1564.77,600.59,109.13,226.42,0.3690,-1,-1,-1
711,86,794.00,140.37,49.28,172.82,0.3782,-1,-1,-1
711,87,1203.05,793.69,84.43,258.92,0.7883,-1,-1,-1
711,88,1276.05,780.97,106.46,265.77,0.7515,-1,-1,-1
711,93,478.65,158.05,58.91,170.05,0.5222,-1,-1,-1
712,4,1717.44,451.45,87.35,216.67,0.7092,-1,-1,-1
712,54,391.25,544.13,66.27,240.94,0.7232,-1,-1,-1
712,73,297.03,395.51,71.02,219.57,0.7126,-1,-1,-1
712,76,1603.14,122.40,63.67,174.78,0.6190,-1,-1,-1
712,80,847.43,934.36,84.69,145.64,0.7795,-1,-1,-1
712,81,1565.11,599.26,109.84,226.57,0.4520,-1,-1,-1
712,86,793.75,140.19,49.16,170.84,0.3156,-1,-1,-1
712,87,1199.84,791.61,83.31,256.68,0.7992,-1,-1,-1
712,88,1276.07,779.88,102.59,266.06,0.7513,-1,-1,-1
712,93,478.70,159.25,59.38,170.54,0.5244,-1,-1,-1
713,4,1718.13,451.70,85.84,214.46,0.6983,-1,-1,-1
713,54,392.10,544.42,70.82,239.35,0.6744,-1,-1,-1
713,73,297.42,399.74,70.04,222.12,0.6889,-1,-1,-1
713,76,1602.89,121.57,62.76,175.08,0.6737,-1,-1,-1
713,80,849.11,934.10,84.16,145.89,0.7793,-1,-1,-1
713,81,1569.40,597.99,107.44,226.21,0.6165,-1,-1,-1
713,86,792.39,139.36,48.62,172.33,0.3766,-1,-1,-1
713,87,1193.85,790.64,86.78,259.32,0.7920,-1,-1,-1
713,88,1276.67,778.74,97.93,262.65,0.7623,-1,-1,-1
713,92,423.36,165.89,48.71,160.16,0.3024,-1,-1,-1
713,93,478.08,161.58,59.82,170.19,0.5194,-1,-1,-1
713,96,556.41,109.03,61.18,177.81,0.3073,-1,-1,-1
714,4,1718.11,451.64,86.41,214.59,0.6926,-1,-1,-1
714,54,391.14,544.90,75.57,239.15,0.6888,-1,-1,-1
714,73,297.13,401.06,71.61,221.47,0.6887,-1,-1,-1
714,76,1602.35,120.54,62.69,175.97,0.6533,-1,-1,-1
714,80,851.97,934.41,82.45,145.60,0.7793,-1,-1,-1
714,81,1571.98,597.09,103.78,226.97,0.6241,-1,-1,-1
714,86,791.97,139.75,48.32,173.45,0.3280,-1,-1,-1
714,87,1190.67,788.27,88.13,262.74,0.7901,-1,-1,-1
714,88,1274.59,776.28,96.31,258.12,0.7389,-1,-1,-1
714,89,262.19,207.96,51.96,181.90,0.3215,-1,-1,-1
714,93,477.74,162.60,58.87,171.81,0.5314,-1,-1,-1
715,4,1717.72,452.18,85.68,214.79,0.6745,-1,-1,-1
715,54,392.00,544.44,79.38,239.94,0.6993,-1,-1,-1
715,73,298.01,401.40,70.61,221.11,0.6818,-1,-1,-1
715,76,1601.30,120.08,63.56,178.02,0.6154,-1,-1,-1
715,80,852.51,934.91,81.47,145.10,0.7796,-1,-1,-1
715,81,1572.79,598.02,103.46,226.73,0.6117,-1,-1,-1
715,86,791.30,139.56,48.12,173.92,0.3436,-1,-1,-1
715,87,1190.66,787.05,81.40,263.15,0.7981,-1,-1,-1
715,88,1274.30,771.46,91.69,255.54,0.7946,-1,-1,-1
715,89,261.43,206.46,53.72,179.59,0.3238,-1,-1,-1
715,93,478.15,164.11,58.47,172.37,0.5132,-1,-1,-1
716,4,1716.90,452.42,86.65,213.76,0.6653,-1,-1,-1
716,54,392.06,545.94,83.63,239.37,0.7121,-1,-1,-1
716,73,298.01,401.62,71.17,220.71,0.6748,-1,-1,-1
716,76,1601.28,119.72,62.23,179.88,0.6098,-1,-1,-1
716,80,853.16,935.44,81.34,144.57,0.7728,-1,-1,-1
716,81,1571.86,598.55,103.43,225.94,0.5770,-1,-1,-1
716,86,790.22,139.87,48.91,172.35,0.3872,-1,-1,-1
716,87,1188.84,786.44,81.40,264.50,0.7998,-1,-1,-1
716,88,1273.01,768.44,89.94,255.53,0.8010,-1,-1,-1
716,89,262.61,206.05,52.63,180.80,0.3204,-1,-1,-1
716,93,476.91,164.35,59.96,172.44,0.4758,-1,-1,-1
717,4,1718.59,451.48,85.69,214.32,0.6949,-1,-1,-1
717,54,391.28,545.95,86.82,239.29,0.7082,-1,-1,-1
717,73,298.49,402.67,72.29,219.45,0.6754,-1,-1,-1
717,76,1600.49,119.34,61.72,179.67,0.5446,-1,-1,-1
717,80,854.40,935.52,79.84,144.48,0.7801,-1,-1,-1
717,81,1570.72,598.94,106.47,225.96,0.5809,-1,-1,-1
717,86,789.60,140.02,48.96,171.30,0.4002,-1,-1,-1
717,87,1186.22,785.08,83.17,264.37,0.8038,-1,-1,-1
717,88,1270.90,762.66,89.96,259.04,0.7825,-1,-1,-1
717,93,474.74,160.75,62.56,178.10,0.4701,-1,-1,-1
717,96,554.41,113.54,61.11,174.42,0.4226,-1,-1,-1
718,4,1718.66,450.44,85.64,215.14,0.6957,-1,-1,-1
718,54,391.57,546.48,87.17,239.70,0.7149,-1,-1,-1
718,73,298.45,403.10,72.64,219.02,0.6785,-1,-1,-1
718,76,1600.44,118.99,60.79,181.16,0.5508,-1,-1,-1
718,80,853.64,935.70,80.86,144.30,0.7747,-1,-1,-1
718,81,1570.83,599.83,105.84,224.47,0.5935,-1,-1,-1
718,86,789.79,140.68,47.80,168.61,0.4083,-1,-1,-1
718,87,1184.51,783.79,83.13,265.76,0.7978,-1,-1,-1
718,88,1267.51,758.99,87.50,255.28,0.7455,-1,-1,-1
718,93,473.62,161.07,63.20,179.09,0.5019,-1,-1,-1
718,96,554.53,112.81,59.75,175.04,0.3254,-1,-1,-1
719,4,1717.79,451.73,86.08,214.44,0.7019,-1,-1,-1
719,54,391.66,547.10,89.33,241.33,0.6979,-1,-1,-1
719,73,299.30,403.15,71.96,212.53,0.6651,-1,-1,-1
719,76,1600.72,118.03,58.92,180.91,0.4605,-1,-1,-1
719,80,853.11,936.20,81.03,143.81,0.7828,-1,-1,-1
719,81,1568.40,595.96,107.96,228.42,0.5237,-1,-1,-1
719,86,790.83,140.87,46.18,168.80,0.3422,-1,-1,-1
719,87,1183.23,783.21,82.47,264.26,0.7967,-1,-1,-1
719,88,1265.63,755.38,86.62,258.25,0.7407,-1,-1,-1
719,92,420.88,160.05,50.82,167.49,0.3037,-1,-1,-1
719,93,475.45,162.58,60.84,178.24,0.4774,-1,-1,-1
719,96,554.05,110.73,60.15,176.56,0.3233,-1,-1,-1
720,4,1718.41,451.71,85.33,214.39,0.7063,-1,-1,-1
720,54,392.23,547.98,89.08,240.78,0.6963,-1,-1,-1
720,73,299.43,405.86,72.43,209.13,0.7027,-1,-1,-1
720,76,1600.30,118.36,58.96,179.32,0.4613,-1,-1,-1
720,80,852.21,937.99,81.60,142.04,0.7854,-1,-1,-1
720,81,1579.92,601.45,92.97,225.95,0.5020,-1,-1,-1
720,86,787.30,139.58,49.76,169.68,0.3395,-1,-1,-1
720,87,1181.39,781.50,82.98,265.57,0.7844,-1,-1,-1
720,88,1264.14,750.60,84.85,262.10,0.7350,-1,-1,-1
720,92,420.43,160.24,51.36,170.78,0.3319,-1,-1,-1
720,93,475.58,165.47,59.74,173.01,0.4782,-1,-1,-1
720,96,553.44,114.26,59.47,173.18,0.3311,-1,-1,-1
721,4,1718.83,451.11,86.13,215.72,0.6963,-1,-1,-1
721,54,393.70,549.01,92.93,241.84,0.6839,-1,-1,-1
721,73,299.52,408.02,73.00,210.71,0.7199,-1,-1,-1
721,76,1600.13,119.41,58.38,176.39,0.5483,-1,-1,-1
721,80,851.85,938.10,81.97,141.89,0.7845,-1,-1,-1
721,81,1568.59,597.83,106.04,226.73,0.5818,-1,-1,-1
721,86,789.44,140.25,47.05,169.39,0.3120,-1,-1,-1
721,87,1179.83,779.29,81.05,265.70,0.7743,-1,-1,-1
721,88,1262.40,748.70,84.61,265.84,0.7339,-1,-1,-1
721,92,419.18,156.28,53.13,175.65,0.4117,-1,-1,-1
721,93,475.69,166.06,60.44,171.68,0.5103,-1,-1,-1
721,96,552.60,111.68,60.07,175.61,0.3899,-1,-1,-1
722,4,1718.14,452.29,86.79,213.75,0.7177,-1,-1,-1
722,54,394.96,550.30,93.82,241.19,0.7127,-1,-1,-1
722,73,299.24,409.32,72.82,213.65,0.7359,-1,-1,-1
722,76,1600.46,119.68,57.09,174.86,0.5212,-1,-1,-1
722,80,850.82,938.56,82.69,141.44,0.7859,-1,-1,-1
722,81,1568.55,595.16,107.13,229.69,0.5764,-1,-1,-1
722,87,1177.90,773.50,78.76,268.44,0.7862,-1,-1,-1
722,88,1256.17,747.89,88.24,261.31,0.7685,-1,-1,-1
722,92,419.78,157.10,54.04,175.53,0.4083,-1,-1,-1
722,93,474.45,164.23,60.87,171.89,0.5146,-1,-1,-1
722,96,550.59,114.61,61.94,172.62,0.4480,-1,-1,-1
723,4,1718.61,451.17,85.27,215.85,0.7177,-1,-1,-1
723,54,395.60,551.26,94.64,242.36,0.7217,-1,-1,-1
723,73,299.02,410.23,73.24,216.86,0.7556,-1,-1,-1
723,76,1600.35,118.24,56.31,176.24,0.3252,-1,-1,-1
723,80,851.00,938.47,81.32,141.52,0.7832,-1,-1,-1
723,81,1565.94,594.30,108.77,230.91,0.5543,-1,-1,-1
723,86,789.04,139.22,47.45,171.75,0.3044,-1,-1,-1
723,87,1175.78,770.38,78.55,260.30,0.7740,-1,-1,-1
723,88,1253.52,746.36,88.16,268.18,0.7719,-1,-1,-1
723,89,264.87,207.80,51.06,176.84,0.3313,-1,-1,-1
723,92,418.85,161.08,53.95,172.96,0.4880,-1,-1,-1
723,93,474.55,165.79,61.47,170.55,0.5331,-1,-1,-1
723,96,550.91,111.53,60.15,176.54,0.4181,-1,-1,-1
724,4,1719.11,451.83,85.67,215.40,0.6992,-1,-1,-1
724,54,397.50,551.58,92.35,243.30,0.7247,-1,-1,-1
724,73,298.93,411.99,72.79,218.45,0.7636,-1,-1,-1
724,76,1599.50,116.91,56.28,178.09,0.3472,-1,-1,-1
724,80,849.08,939.02,82.46,140.99,0.7879,-1,-1,-1
724,81,1565.98,592.71,108.96,232.12,0.5174,-1,-1,-1
724,87,1173.98,767.45,76.03,246.26,0.7736,-1,-1,-1
724,88,1248.85,744.98,86.59,267.50,0.7717,-1,-1,-1
724,92,417.84,163.76,53.83,174.39,0.4972,-1,-1,-1
724,93,472.97,165.14,61.76,171.39,0.5628,-1,-1,-1
724,96,550.17,117.10,59.61,170.64,0.4557,-1,-1,-1
725,4,1718.25,452.00,86.17,214.82,0.6960,-1,-1,-1
725,54,401.58,551.20,91.67,242.42,0.7175,-1,-1,-1
725,73,299.33,414.51,72.99,217.44,0.7556,-1,-1,-1
725,76,1598.65,116.23,56.87,177.01,0.3819,-1,-1,-1
725,80,847.90,941.31,82.68,138.73,0.7785,-1,-1,-1
725,81,1565.52,595.45,109.12,229.32,0.5284,-1,-1,-1
725,87,1171.75,764.02,76.31,248.27,0.7729,-1,-1,-1
725,88,1243.62,745.26,89.93,268.01,0.7701,-1,-1,-1
725,92,418.34,165.20,51.94,173.94,0.4807,-1,-1,-1
725,93,471.93,167.66,63.63,171.11,0.5597,-1,-1,-1
725,96,550.24,116.15,59.16,171.12,0.4512,-1,-1,-1
726,4,1717.55,452.27,86.04,214.04,0.6996,-1,-1,-1
726,54,403.64,552.50,93.22,242.73,0.7400,-1,-1,-1
726,73,299.30,415.97,72.31,217.54,0.7589,-1,-1,-1
726,76,1598.36,115.47,55.92,176.45,0.4359,-1,-1,-1
726,80,845.92,942.38,83.98,137.63,0.7846,-1,-1,-1
726,81,1564.67,593.56,110.45,230.72,0.5158,-1,-1,-1
726,87,1170.44,759.82,77.12,247.47,0.7817,-1,-1,-1
726,88,1241.80,744.14,88.88,269.80,0.7933,-1,-1,-1
726,89,264.14,214.27,48.97,171.15,0.3035,-1,-1,-1
726,92,418.43,167.55,52.83,173.56,0.5188,-1,-1,-1
726,93,472.94,169.48,61.68,173.52,0.5720,-1,-1,-1
726,96,549.49,119.13,58.88,168.83,0.4486,-1,-1,-1
727,4,1719.51,451.77,84.31,214.42,0.7039,-1,-1,-1
727,54,403.14,552.63,94.60,244.80,0.7689,-1,-1,-1
727,73,299.64,418.73,72.16,216.40,0.7686,-1,-1,-1
727,76,1598.34,113.34,55.10,177.44,0.4516,-1,-1,-1
727,80,844.72,943.01,83.93,136.99,0.7869,-1,-1,-1
727,81,1563.90,597.74,110.88,228.64,0.4516,-1,-1,-1
727,87,1167.42,756.07,78.44,243.55,0.7972,-1,-1,-1
727,88,1239.42,742.53,91.31,268.77,0.8175,-1,-1,-1
727,92,416.39,173.51,54.38,167.30,0.5382,-1,-1,-1
727,93,473.78,171.46,60.05,174.43,0.5438,-1,-1,-1
727,96,549.93,119.18,58.25,168.86,0.3396,-1,-1,-1
728,4,1718.73,452.33,85.28,213.19,0.7057,-1,-1,-1
728,54,404.35,551.90,93.59,245.34,0.7877,-1,-1,-1
728,73,298.60,419.11,73.28,220.90,0.7556,-1,-1,-1
728,76,1597.84,112.13,55.90,179.37,0.5469,-1,-1,-1
728,80,843.12,942.33,84.67,137.64,0.7851,-1,-1,-1
728,81,1580.11,601.64,93.41,224.60,0.4383,-1,-1,-1
728,87,1163.87,753.99,79.78,249.05,0.8115,-1,-1,-1
728,88,1238.10,742.55,90.76,268.31,0.8206,-1,-1,-1
728,89,263.32,215.06,49.37,169.70,0.3160,-1,-1,-1
728,92,419.16,174.75,54.30,170.30,0.4940,-1,-1,-1
728,93,473.87,171.20,58.87,176.81,0.5213,-1,-1,-1
728,96,549.35,115.54,58.83,172.02,0.3397,-1,-1,-1
729,4,1718.35,451.17,85.86,214.93,0.7095,-1,-1,-1
729,54,403.93,552.58,93.14,243.50,0.7756,-1,-1,-1
729,73,298.80,420.28,71.80,221.85,0.7511,-1,-1,-1
729,76,1597.48,109.88,55.81,178.49,0.5599,-1,-1,-1
729,80,841.39,944.17,85.94,135.85,0.7929,-1,-1,-1
729,81,1565.78,597.44,110.23,228.16,0.4953,-1,-1,-1
729,87,1162.51,750.90,78.00,253.33,0.8182,-1,-1,-1
729,88,1235.59,741.12,91.41,266.53,0.8278,-1,-1,-1
729,92,420.35,178.75,52.09,166.56,0.4526,-1,-1,-1
729,93,473.76,171.45,58.98,179.81,0.5287,-1,-1,-1
729,96,549.29,115.61,58.45,172.03,0.3833,-1,-1,-1
730,4,1718.55,451.91,86.53,214.47,0.7111,-1,-1,-1
730,54,406.17,552.72,91.22,243.52,0.7974,-1,-1,-1
730,73,298.45,421.07,71.63,222.82,0.7341,-1,-1,-1
730,76,1597.54,108.33,55.46,177.00,0.4597,-1,-1,-1
730,80,839.79,943.91,86.60,135.76,0.7834,-1,-1,-1
730,81,1581.69,597.88,91.89,228.27,0.4972,-1,-1,-1
730,87,1158.07,749.95,79.43,257.63,0.8185,-1,-1,-1
730,88,1232.51,739.58,92.34,269.06,0.8114,-1,-1,-1
730,89,262.15,213.74,51.57,174.27,0.3763,-1,-1,-1
730,92,417.97,181.32,54.45,164.93,0.4711,-1,-1,-1
730,93,470.31,168.12,61.46,183.51,0.4243,-1,-1,-1
730,96,549.19,116.62,58.87,170.62,0.4118,-1,-1,-1
731,4,1718.91,452.35,85.63,214.04,0.7040,-1,-1,-1
731,54,407.76,553.19,90.13,242.77,0.8102,-1,-1,-1
731,73,297.80,421.22,71.65,221.58,0.7149,-1,-1,-1
731,76,1598.30,106.80,54.96,176.84,0.4633,-1,-1,-1
731,80,838.30,943.84,86.80,136.02,0.7831,-1,-1,-1
731,81,1566.97,596.41,108.97,228.00,0.5672,-1,-1,-1
731,87,1155.53,748.35,78.81,258.59,0.8071,-1,-1,-1
731,88,1230.64,737.01,89.13,270.35,0.7996,-1,-1,-1
731,89,262.03,212.27,50.77,174.26,0.3868,-1,-1,-1
731,92,417.19,183.00,53.82,163.40,0.4705,-1,-1,-1
731,93,470.09,168.44,61.84,184.42,0.4296,-1,-1,-1
731,96,549.14,119.10,59.46,167.26,0.3687,-1,-1,-1
731,97,321.40,210.45,57.24,160.99,0.3860,-1,-1,-1
732,4,1717.40,451.96,87.46,214.81,0.6971,-1,-1,-1
732,54,412.79,553.21,87.28,243.38,0.8056,-1,-1,-1
732,73,297.29,421.66,72.65,221.43,0.6780,-1,-1,-1
732,76,1599.80,105.33,53.77,176.69,0.5165,-1,-1,-1
732,80,838.41,944.70,85.35,135.25,0.7824,-1,-1,-1
732,81,1566.35,595.21,109.07,229.73,0.5126,-1,-1,-1
732,87,1152.81,746.85,79.68,260.63,0.8076,-1,-1,-1
732,88,1229.56,734.48,89.06,268.58,0.8156,-1,-1,-1
732,89,262.65,213.63,49.74,172.30,0.3595,-1,-1,-1
732,92,417.21,181.68,52.93,165.23,0.4667,-1,-1,-1
732,93,470.06,172.99,62.66,181.52,0.4672,-1,-1,-1
732,96,549.16,114.34,60.01,172.16,0.4498,-1,-1,-1
732,97,321.80,208.51,58.96,164.44,0.3859,-1,-1,-1
733,4,1717.03,451.94,87.77,215.28,0.6983,-1,-1,-1
733,54,415.29,552.58,85.00,243.93,0.7859,-1,-1,-1
733,73,296.41,422.38,73.19,220.39,0.6548,-1,-1,-1
733,76,1600.78,104.74,53.29,175.14,0.4988,-1,-1,-1
733,80,836.67,944.68,86.14,134.92,0.7718,-1,-1,-1
733,81,1566.03,592.86,110.15,231.81,0.5153,-1,-1,-1
733,87,1150.18,746.21,79.74,263.24,0.7685,-1,-1,-1
733,88,1227.89,729.63,86.32,257.12,0.7856,-1,-1,-1
733,92,417.00,185.21,51.27,157.42,0.4663,-1,-1,-1
733,93,471.97,172.96,60.48,182.66,0.4834,-1,-1,-1
733,96,549.25,113.67,59.41,173.22,0.3828,-1,-1,-1
733,97,322.56,209.89,57.39,162.10,0.3586,-1,-1,-1
734,4,1717.28,452.14,87.29,217.68,0.7044,-1,-1,-1
734,54,420.74,552.94,80.53,245.72,0.7893,-1,-1,-1
734,73,295.93,423.03,73.49,219.18,0.6431,-1,-1,-1
734,76,1601.15,103.99,53.95,175.38,0.3562,-1,-1,-1
734,80,836.16,944.79,86.04,134.73,0.7784,-1,-1,-1
734,81,1580.18,599.00,92.62,228.42,0.4537,-1,-1,-1
734,87,1147.81,747.61,80.80,260.86,0.7759,-1,-1,-1
734,88,1227.79,727.32,83.40,248.48,0.7810,-1,-1,-1
734,89,263.94,213.87,47.32,167.29,0.3283,-1,-1,-1
734,92,419.95,183.24,48.27,159.16,0.4038,-1,-1,-1
734,93,472.09,173.11,60.29,182.35,0.4485,-1,-1,-1
734,96,549.30,112.89,58.62,174.55,0.4292,-1,-1,-1
734,97,324.30,208.41,58.06,164.11,0.4050,-1,-1,-1
735,4,1718.66,452.33,86.30,214.17,0.6874,-1,-1,-1
735,54,425.12,553.73,78.23,245.23,0.7805,-1,-1,-1
735,73,294.90,424.28,73.81,216.80,0.6148,-1,-1,-1
735,80,834.68,945.20,87.25,134.38,0.7784,-1,-1,-1
735,81,1587.00,598.08,85.70,229.15,0.5277,-1,-1,-1
735,87,1143.44,744.98,83.80,263.08,0.7571,-1,-1,-1
735,88,1222.95,720.97,85.54,247.26,0.7750,-1,-1,-1
735,89,263.53,213.74,46.85,168.97,0.3011,-1,-1,-1
735,92,419.37,184.92,48.20,156.64,0.4331,-1,-1,-1
735,93,470.87,174.65,62.03,181.28,0.4441,-1,-1,-1
735,96,549.06,114.56,59.80,172.06,0.3827,-1,-1,-1
735,97,325.27,206.36,57.88,165.39,0.4045,-1,-1,-1
736,4,1718.38,451.36,86.17,213.54,0.6988,-1,-1,-1
736,54,432.58,553.50,72.83,246.00,0.8009,-1,-1,-1
736,73,294.54,425.16,74.03,216.00,0.6418,-1,-1,-1
736,80,834.07,945.06,87.56,134.85,0.7756,-1,-1,-1
736,81,1568.80,596.00,106.91,228.49,0.5900,-1,-1,-1
736,87,1142.26,741.37,85.07,260.49,0.7663,-1,-1,-1
736,88,1220.47,716.30,84.97,247.47,0.7765,-1,-1,-1
736,92,419.05,185.77,48.60,156.22,0.4226,-1,-1,-1
736,93,472.94,173.24,60.28,183.47,0.4605,-1,-1,-1
736,96,548.47,112.79,61.32,174.98,0.4186,-1,-1,-1
736,97,325.76,207.37,57.48,166.05,0.4045,-1,-1,-1
737,4,1718.57,451.48,86.21,214.02,0.7115,-1,-1,-1
737,54,436.45,554.25,71.42,246.10,0.7951,-1,-1,-1
737,73,294.79,426.28,73.16,213.89,0.6173,-1,-1,-1
737,80,834.65,946.48,86.69,133.21,0.7825,-1,-1,-1
737,81,1584.65,596.09,89.83,230.56,0.5005,-1,-1,-1
737,87,1139.05,739.39,86.27,260.31,0.7509,-1,-1,-1
737,88,1221.10,711.57,82.74,252.74,0.7644,-1,-1,-1
737,92,418.42,186.29,49.20,156.02,0.4047,-1,-1,-1
737,93,472.55,174.46,60.84,181.20,0.4152,-1,-1,-1
737,96,548.36,112.55,61.90,175.67,0.4126,-1,-1,-1
737,97,327.13,209.41,57.04,165.33,0.4223,-1,-1,-1
738,4,1718.29,451.38,86.06,213.71,0.7164,-1,-1,-1
738,54,439.97,554.77,69.46,247.97,0.8005,-1,-1,-1
738,73,294.36,427.13,74.06,214.28,0.6738,-1,-1,-1
738,80,834.78,946.09,86.74,133.42,0.7774,-1,-1,-1
738,81,1569.35,594.95,106.05,229.83,0.5389,-1,-1,-1
738,86,789.45,140.48,46.05,169.88,0.3335,-1,-1,-1
738,87,1136.77,737.30,83.79,264.17,0.7494,-1,-1,-1
738,88,1221.04,709.79,79.88,256.95,0.7669,-1,-1,-1
738,92,416.19,186.33,50.36,157.32,0.3811,-1,-1,-1
738,93,471.89,169.35,59.09,185.94,0.3632,-1,-1,-1
738,96,548.79,110.17,63.21,178.54,0.4262,-1,-1,-1
738,97,327.63,212.04,58.11,162.12,0.4164,-1,-1,-1
739,4,1719.78,450.48,85.09,214.26,0.7204,-1,-1,-1
739,54,443.33,555.25,68.56,250.19,0.7881,-1,-1,-1
739,73,294.46,427.95,74.08,215.50,0.6556,-1,-1,-1
739,80,834.48,946.03,87.38,133.93,0.7797,-1,-1,-1
739,81,1571.61,589.05,104.27,235.15,0.5993,-1,-1,-1
739,86,788.54,139.79,46.81,170.39,0.3078,-1,-1,-1
739,87,1135.46,735.41,82.14,258.69,0.7796,-1,-1,-1
739,88,1219.77,708.02,79.73,260.22,0.7537,-1,-1,-1
739,92,414.04,185.58,51.04,158.27,0.4281,-1,-1,-1
739,93,470.70,172.44,61.55,183.35,0.4530,-1,-1,-1
739,96,548.38,114.55,63.83,174.28,0.4710,-1,-1,-1
739,97,327.84,210.89,58.66,163.27,0.4294,-1,-1,-1
740,4,1718.09,452.73,86.72,212.58,0.7351,-1,-1,-1
740,54,445.43,554.86,68.98,250.47,0.7673,-1,-1,-1
740,73,294.26,430.31,75.92,218.18,0.6924,-1,-1,-1
740,80,834.83,945.94,87.20,133.91,0.7759,-1,-1,-1
740,81,1570.49,594.63,104.45,229.85,0.6083,-1,-1,-1
740,87,1133.00,732.91,83.89,252.53,0.7807,-1,-1,-1
740,88,1218.25,706.86,78.96,263.23,0.7534,-1,-1,-1
740,92,412.80,186.97,52.68,159.95,0.4272,-1,-1,-1
740,93,470.22,169.59,61.83,185.84,0.4470,-1,-1,-1
740,96,549.11,112.14,63.42,176.32,0.5201,-1,-1,-1
740,97,328.73,207.33,58.69,166.39,0.3747,-1,-1,-1
741,4,1718.30,451.96,86.42,213.05,0.7291,-1,-1,-1
741,54,447.47,556.82,67.79,251.35,0.7568,-1,-1,-1
741,73,294.42,432.07,75.65,221.23,0.6889,-1,-1,-1
741,80,835.43,946.22,87.15,133.77,0.7820,-1,-1,-1
741,81,1572.69,593.81,101.69,230.66,0.6250,-1,-1,-1
741,87,1130.92,730.38,80.85,248.45,0.7656,-1,-1,-1
741,88,1216.40,706.35,79.16,261.41,0.7452,-1,-1,-1
741,92,411.22,190.28,53.38,161.47,0.4197,-1,-1,-1
741,93,469.76,171.10,61.25,184.74,0.4810,-1,-1,-1
741,96,550.60,111.50,62.99,177.02,0.4599,-1,-1,-1
741,97,330.15,207.91,57.55,163.72,0.3601,-1,-1,-1
742,4,1718.86,452.58,85.10,213.41,0.7059,-1,-1,-1
742,54,449.62,556.24,68.26,252.23,0.7697,-1,-1,-1
742,73,295.36,434.40,72.93,220.12,0.6950,-1,-1,-1
742,80,836.04,946.26,87.47,133.74,0.7761,-1,-1,-1
742,81,1573.03,593.55,102.15,231.27,0.6461,-1,-1,-1
742,87,1127.31,727.01,79.82,248.43,0.7711,-1,-1,-1
742,88,1208.30,706.00,86.06,261.61,0.7565,-1,-1,-1
742,92,409.04,195.73,56.49,157.97,0.5112,-1,-1,-1
742,93,468.72,171.58,62.08,184.08,0.4603,-1,-1,-1
742,96,552.23,111.55,61.13,177.05,0.3324,-1,-1,-1
742,97,332.58,209.02,55.42,160.51,0.3222,-1,-1,-1
743,4,1719.62,452.08,83.01,213.63,0.7183,-1,-1,-1
743,54,452.72,557.32,74.62,250.76,0.7574,-1,-1,-1
743,73,295.51,437.59,73.50,219.77,0.7118,-1,-1,-1
743,80,837.08,946.66,86.91,133.34,0.7722,-1,-1,-1
743,81,1571.48,591.47,103.84,232.87,0.5904,-1,-1,-1
743,87,1124.12,722.92,80.27,249.60,0.7671,-1,-1,-1
743,88,1203.23,706.02,87.70,260.76,0.7493,-1,-1,-1
743,92,410.01,199.97,54.72,155.36,0.5356,-1,-1,-1
743,93,468.48,169.07,58.53,188.04,0.3448,-1,-1,-1
743,96,552.45,105.94,61.03,182.34,0.3088,-1,-1,-1
744,4,1719.63,453.52,83.96,213.23,0.7285,-1,-1,-1
744,54,453.84,559.60,82.96,247.40,0.7515,-1,-1,-1
744,73,296.36,440.52,72.39,219.06,0.7045,-1,-1,-1
744,80,838.05,947.62,86.49,132.39,0.7752,-1,-1,-1
744,81,1571.63,593.52,102.46,231.02,0.6367,-1,-1,-1
744,87,1123.12,721.16,79.17,249.10,0.7697,-1,-1,-1
744,88,1200.31,705.27,86.25,260.34,0.7383,-1,-1,-1
744,92,410.14,201.08,54.11,156.07,0.5225,-1,-1,-1
744,93,466.21,175.29,60.01,184.65,0.3913,-1,-1,-1
744,96,552.28,110.77,61.96,178.43,0.3502,-1,-1,-1
744,97,333.68,209.73,54.99,159.67,0.3413,-1,-1,-1
745,4,1718.69,452.74,85.26,213.42,0.7261,-1,-1,-1
745,54,455.20,560.72,89.75,244.40,0.7883,-1,-1,-1
745,73,297.28,442.21,71.75,220.34,0.6978,-1,-1,-1
745,80,839.09,947.82,86.93,132.17,0.7741,-1,-1,-1
745,81,1572.68,593.03,102.28,231.62,0.6408,-1,-1,-1
745,87,1122.39,719.30,78.86,253.06,0.7687,-1,-1,-1
745,88,1198.60,705.72,86.20,257.42,0.7429,-1,-1,-1
745,92,410.28,202.83,52.87,158.02,0.5489,-1,-1,-1
745,93,464.79,176.19,60.63,187.90,0.4127,-1,-1,-1
745,96,552.77,110.66,61.13,178.63,0.3844,-1,-1,-1
745,97,334.48,211.81,53.79,157.76,0.3424,-1,-1,-1
746,4,1719.16,453.55,86.11,212.20,0.7104,-1,-1,-1
746,54,455.81,561.73,96.28,244.22,0.8045,-1,-1,-1
746,73,298.12,444.26,71.12,222.22,0.6974,-1,-1,-1
746,80,840.71,948.20,86.39,131.80,0.7822,-1,-1,-1
746,81,1574.18,596.26,100.94,228.59,0.6676,-1,-1,-1
746,87,1119.44,718.48,80.61,254.32,0.7647,-1,-1,-1
746,88,1195.26,702.98,87.10,259.26,0.7508,-1,-1,-1
746,92,409.54,201.56,50.51,160.82,0.5130,-1,-1,-1
746,93,463.13,181.00,65.44,184.27,0.5114,-1,-1,-1
746,97,334.35,214.46,55.34,153.75,0.3258,-1,-1,-1
747,4,1719.39,452.84,84.86,212.84,0.7109,-1,-1,-1
747,54,456.62,562.02,98.75,245.91,0.8200,-1,-1,-1
747,73,299.26,444.93,70.52,224.25,0.7232,-1,-1,-1
747,80,842.76,948.26,85.73,131.74,0.7861,-1,-1,-1
747,81,1570.79,591.27,105.01,233.21,0.5972,-1,-1,-1
747,87,1117.80,715.96,78.31,256.17,0.7762,-1,-1,-1
747,88,1189.55,700.85,88.49,263.95,0.7580,-1,-1,-1
747,92,409.41,203.40,51.90,157.41,0.5429,-1,-1,-1
747,93,464.83,184.24,61.83,181.88,0.5620,-1,-1,-1
747,97,334.53,213.96,55.44,154.29,0.3559,-1,-1,-1
748,4,1718.71,454.04,84.20,212.30,0.6996,-1,-1,-1
748,54,456.41,563.67,102.90,245.56,0.8213,-1,-1,-1
748,73,298.99,445.27,71.73,222.80,0.7085,-1,-1,-1
748,80,844.25,948.65,85.09,131.35,0.7901,-1,-1,-1
748,81,1565.50,596.43,106.63,230.92,0.5215,-1,-1,-1
748,87,1116.12,714.81,77.39,255.95,0.8039,-1,-1,-1
748,88,1187.60,698.37,86.08,258.74,0.8099,-1,-1,-1
748,92,409.40,202.88,50.20,159.38,0.5541,-1,-1,-1
748,93,463.63,186.98,62.82,179.94,0.5506,-1,-1,-1
748,97,334.25,208.50,57.13,159.62,0.4271,-1,-1,-1
749,4,1719.48,454.47,83.06,213.68,0.6838,-1,-1,-1
749,54,457.64,564.90,105.15,246.60,0.8096,-1,-1,-1
749,73,300.39,445.50,71.54,223.94,0.6980,-1,-1,-1
749,80,846.39,950.05,84.47,129.97,0.7890,-1,-1,-1
749,81,1571.41,588.52,104.31,235.59,0.5857,-1,-1,-1
749,87,1114.98,712.44,75.77,255.88,0.8258,-1,-1,-1
749,88,1184.68,696.36,86.19,248.35,0.8110,-1,-1,-1
749,92,409.14,204.19,48.75,157.75,0.5303,-1,-1,-1
749,93,464.39,188.07,59.09,181.31,0.5753,-1,-1,-1
749,97,333.78,209.91,56.48,159.64,0.3666,-1,-1,-1
750,4,1718.42,453.48,85.19,214.05,0.7083,-1,-1,-1
750,54,458.44,565.00,105.96,247.55,0.8153,-1,-1,-1
750,73,300.66,446.45,72.14,222.56,0.6979,-1,-1,-1
750,80,849.27,951.76,82.72,128.27,0.7690,-1,-1,-1
750,81,1572.49,592.00,102.38,232.57,0.6222,-1,-1,-1
750,87,1113.19,712.05,75.85,257.72,0.8172,-1,-1,-1
750,88,1182.92,693.31,85.90,257.17,0.7882,-1,-1,-1
750,92,408.36,202.98,51.78,160.21,0.5511,-1,-1,-1
750,93,463.68,186.66,59.77,185.12,0.5019,-1,-1,-1
750,97,334.11,207.75,55.37,161.00,0.3703,-1,-1,-1
751,4,1716.25,454.92,86.24,211.41,0.6830,-1,-1,-1
751,54,459.10,565.61,106.13,246.69,0.8109,-1,-1,-1
751,73,301.21,446.62,74.38,221.31,0.7015,-1,-1,-1
751,80,851.61,952.45,82.82,127.56,0.7662,-1,-1,-1
751,81,1571.76,592.43,103.94,231.90,0.6172,-1,-1,-1
751,87,1110.30,709.37,72.49,254.16,0.8050,-1,-1,-1
751,88,1181.25,687.97,82.82,244.86,0.7994,-1,-1,-1
751,89,266.60,206.92,57.88,165.04,0.4221,-1,-1,-1
751,92,409.36,203.33,49.22,157.92,0.5034,-1,-1,-1
751,93,462.44,194.78,60.72,180.18,0.4754,-1,-1,-1
751,97,333.79,205.90,55.68,161.26,0.3877,-1,-1,-1
752,4,1716.80,453.73,85.30,213.46,0.6898,-1,-1,-1
752,54,463.87,565.73,103.14,246.12,0.7858,-1,-1,-1
752,73,301.21,447.61,75.55,221.56,0.7224,-1,-1,-1
752,80,853.09,952.15,83.24,127.83,0.7692,-1,-1,-1
752,81,1567.94,595.42,104.07,231.11,0.5349,-1,-1,-1
752,87,1107.11,710.54,74.42,254.61,0.7866,-1,-1,-1
752,88,1179.76,684.51,81.41,242.67,0.7705,-1,-1,-1
752,89,266.98,207.85,56.68,164.60,0.4067,-1,-1,-1
752,92,408.92,204.44,48.78,157.97,0.4695,-1,-1,-1
752,93,461.58,195.03,61.84,180.92,0.4693,-1,-1,-1
752,97,334.16,204.61,55.02,162.40,0.3595,-1,-1,-1
753,4,1716.38,452.74,84.86,214.59,0.6771,-1,-1,-1
753,54,467.90,566.11,99.77,245.98,0.7557,-1,-1,-1
753,73,301.01,448.42,77.17,219.74,0.7255,-1,-1,-1
753,80,854.93,952.45,82.98,127.54,0.7730,-1,-1,-1
753,81,1571.24,591.56,104.73,232.36,0.5767,-1,-1,-1
753,87,1106.35,707.97,72.18,255.97,0.7785,-1,-1,-1
753,88,1174.75,679.77,83.11,250.61,0.7472,-1,-1,-1
753,89,268.54,206.01,55.00,166.10,0.3659,-1,-1,-1
753,92,408.31,205.65,48.38,154.66,0.5112,-1,-1,-1
753,93,460.60,194.05,60.85,182.40,0.4561,-1,-1,-1
753,97,332.84,201.34,56.53,165.69,0.3520,-1,-1,-1
754,4,1715.75,453.90,85.76,212.38,0.6706,-1,-1,-1
754,54,475.17,566.23,91.93,246.28,0.7266,-1,-1,-1
754,73,300.58,449.87,78.66,216.50,0.7189,-1,-1,-1
754,80,856.42,952.23,83.64,127.40,0.7783,-1,-1,-1
754,81,1570.00,591.45,104.54,233.11,0.5054,-1,-1,-1
754,87,1103.96,704.33,73.08,261.49,0.7822,-1,-1,-1
754,88,1172.83,676.39,83.45,252.62,0.7506,-1,-1,-1
754,89,268.28,204.73,49.98,169.69,0.3810,-1,-1,-1
754,92,407.24,204.56,48.11,156.80,0.4999,-1,-1,-1
754,93,461.08,192.69,60.48,184.08,0.4169,-1,-1,-1
754,97,332.13,201.94,56.98,165.57,0.3110,-1,-1,-1
755,4,1716.88,452.14,82.42,214.09,0.6755,-1,-1,-1
755,54,480.86,567.57,84.04,246.65,0.7216,-1,-1,-1
755,73,300.81,451.15,79.17,215.32,0.7352,-1,-1,-1
755,80,858.69,952.15,83.08,127.83,0.7789,-1,-1,-1
755,81,1572.25,590.73,102.88,234.23,0.5949,-1,-1,-1
755,87,1101.46,701.85,73.21,259.52,0.7652,-1,-1,-1
755,88,1170.36,672.92,83.01,257.65,0.7573,-1,-1,-1
755,89,268.29,203.47,56.19,169.15,0.3179,-1,-1,-1
755,92,405.60,207.44,51.09,153.96,0.4300,-1,-1,-1
755,93,457.17,191.29,63.60,187.48,0.4008,-1,-1,-1
756,4,1716.92,453.83,82.10,214.41,0.6730,-1,-1,-1
756,54,490.06,567.30,74.93,247.56,0.6988,-1,-1,-1
756,73,300.82,452.76,81.60,214.76,0.7341,-1,-1,-1
756,80,858.76,952.00,85.28,127.77,0.7797,-1,-1,-1
756,81,1571.03,589.52,103.49,235.29,0.5732,-1,-1,-1
756,87,1099.97,697.05,73.04,249.31,0.7612,-1,-1,-1
756,88,1168.81,672.28,83.19,259.14,0.7702,-1,-1,-1
756,89,268.99,202.46,56.20,168.97,0.3257,-1,-1,-1
756,92,404.10,206.94,51.21,154.56,0.4654,-1,-1,-1
756,93,457.18,192.34,63.14,184.63,0.4601,-1,-1,-1
757,4,1717.93,453.36,80.31,213.40,0.6811,-1,-1,-1
757,54,499.24,566.81,69.90,245.54,0.7099,-1,-1,-1
757,73,300.87,455.37,81.34,217.42,0.7444,-1,-1,-1
757,80,859.61,953.45,86.14,126.57,0.7813,-1,-1,-1
757,81,1570.27,594.72,103.95,231.69,0.4594,-1,-1,-1
757,87,1097.54,693.65,74.97,246.77,0.7604,-1,-1,-1
757,88,1168.37,671.47,82.68,259.09,0.7719,-1,-1,-1
757,92,404.09,204.59,50.67,158.77,0.4464,-1,-1,-1
757,93,453.47,189.76,66.97,186.95,0.5039,-1,-1,-1
758,4,1718.20,452.83,79.28,213.16,0.7091,-1,-1,-1
758,54,503.05,565.27,70.05,248.14,0.7178,-1,-1,-1
758,73,300.52,458.59,81.20,219.99,0.7483,-1,-1,-1
758,80,860.78,953.50,86.55,126.49,0.7724,-1,-1,-1
758,81,1569.36,590.57,106.99,233.43,0.4381,-1,-1,-1
758,87,1094.97,690.29,77.34,236.97,0.7667,-1,-1,-1
758,88,1166.00,671.61,85.28,258.81,0.7700,-1,-1,-1
758,89,271.60,201.07,53.80,170.28,0.3164,-1,-1,-1
758,92,404.52,204.88,49.20,162.26,0.4706,-1,-1,-1
758,93,454.16,188.58,65.47,190.15,0.4780,-1,-1,-1
759,4,1718.52,452.81,78.33,213.19,0.6912,-1,-1,-1
759,54,507.83,565.15,68.47,249.31,0.7153,-1,-1,-1
759,73,300.70,459.17,80.97,223.40,0.7500,-1,-1,-1
759,80,862.75,954.61,87.56,125.41,0.7556,-1,-1,-1
759,81,1569.42,593.86,106.48,230.34,0.5469,-1,-1,-1
759,87,1093.77,688.06,76.25,240.60,0.7500,-1,-1,-1
759,88,1162.29,671.26,89.39,259.97,0.7585,-1,-1,-1
759,92,404.65,205.77,49.19,163.01,0.5147,-1,-1,-1
759,93,452.65,188.40,67.27,189.32,0.4775,-1,-1,-1
760,4,1718.54,452.96,77.82,212.85,0.6993,-1,-1,-1
760,54,511.63,564.92,69.94,249.76,0.7246,-1,-1,-1
760,73,300.98,462.62,80.85,224.11,0.7340,-1,-1,-1
760,80,864.18,954.66,89.56,125.33,0.7562,-1,-1,-1
760,81,1571.40,594.16,104.15,229.91,0.6334,-1,-1,-1
760,87,1091.73,687.06,77.05,244.62,0.7463,-1,-1,-1
760,88,1160.79,669.66,89.32,259.32,0.7646,-1,-1,-1
760,89,274.73,205.07,50.32,166.54,0.3733,-1,-1,-1
760,92,404.83,207.41,51.03,166.55,0.4920,-1,-1,-1
760,93,450.96,186.51,68.72,189.08,0.4787,-1,-1,-1
761,4,1716.24,453.16,79.45,211.80,0.7148,-1,-1,-1
761,54,514.71,565.38,71.59,248.49,0.7487,-1,-1,-1
761,73,300.82,464.84,80.81,222.90,0.7136,-1,-1,-1
761,80,865.44,954.61,90.81,125.38,0.7727,-1,-1,-1
761,81,1570.06,594.72,105.18,229.34,0.6087,-1,-1,-1
761,87,1089.55,685.65,76.78,244.18,0.7419,-1,-1,-1
761,88,1158.08,668.27,89.82,261.36,0.7653,-1,-1,-1
761,92,404.46,208.17,51.98,168.00,0.4128,-1,-1,-1
761,93,449.86,189.75,70.32,185.60,0.4992,-1,-1,-1
762,4,1717.34,453.91,78.63,210.40,0.7040,-1,-1,-1
762,54,517.31,567.47,74.28,246.55,0.7712,-1,-1,-1
762,73,301.23,467.14,79.79,222.80,0.7273,-1,-1,-1
762,80,867.00,955.22,89.06,124.78,0.7772,-1,-1,-1
762,81,1571.11,594.17,104.36,230.55,0.6259,-1,-1,-1
762,87,1088.26,683.47,75.27,245.95,0.7445,-1,-1,-1
762,88,1156.34,667.27,89.21,262.09,0.7527,-1,-1,-1
762,89,276.12,204.43,48.33,165.73,0.3849,-1,-1,-1
762,92,404.98,209.15,53.25,169.76,0.5095,-1,-1,-1
762,93,451.49,192.27,68.60,185.46,0.5033,-1,-1,-1
763,4,1718.65,454.88,78.71,211.87,0.7112,-1,-1,-1
763,54,519.55,567.85,75.40,245.73,0.7638,-1,-1,-1
763,73,301.13,468.78,77.77,224.32,0.7418,-1,-1,-1
763,80,867.39,955.70,89.24,124.30,0.7777,-1,-1,-1
763,81,1570.30,594.33,104.44,230.24,0.6032,-1,-1,-1
763,87,1081.61,682.90,80.34,247.68,0.7471,-1,-1,-1
763,88,1154.99,664.49,85.78,260.44,0.7501,-1,-1,-1
763,89,277.16,200.42,48.27,169.02,0.4184,-1,-1,-1
763,92,405.45,209.43,52.21,170.30,0.5250,-1,-1,-1
763,93,454.00,201.61,63.17,178.28,0.4843,-1,-1,-1
763,97,331.09,202.40,56.03,164.91,0.3031,-1,-1,-1
764,4,1718.39,453.73,79.06,212.19,0.7213,-1,-1,-1
764,54,520.80,568.37,77.21,245.19,0.7563,-1,-1,-1
764,73,299.42,468.80,77.46,227.63,0.7412,-1,-1,-1
764,80,868.02,956.37,88.78,123.63,0.7730,-1,-1,-1
764,81,1570.73,592.99,104.03,231.37,0.5364,-1,-1,-1
764,87,1081.75,680.10,77.19,252.78,0.7459,-1,-1,-1
764,88,1152.20,660.10,86.78,261.73,0.7565,-1,-1,-1
764,89,277.85,196.30,47.06,173.18,0.3949,-1,-1,-1
764,92,404.32,208.55,52.83,172.97,0.5257,-1,-1,-1
764,93,454.67,204.11,61.50,178.50,0.5304,-1,-1,-1
765,4,1719.01,453.19,77.90,213.54,0.7132,-1,-1,-1
765,54,521.05,568.43,84.69,245.84,0.7480,-1,-1,-1
765,73,299.13,469.45,75.87,229.68,0.7123,-1,-1,-1
765,80,868.46,957.01,87.99,123.00,0.7693,-1,-1,-1
765,81,1571.02,592.80,104.31,231.30,0.5511,-1,-1,-1
765,87,1079.22,678.37,77.10,254.22,0.7335,-1,-1,-1
765,88,1150.00,660.17,86.38,258.88,0.7424,-1,-1,-1
765,89,278.75,190.03,47.50,179.43,0.3451,-1,-1,-1
765,92,401.39,209.11,55.38,173.69,0.5030,-1,-1,-1
765,93,455.00,205.35,60.97,179.57,0.5461,-1,-1,-1
765,96,540.21,107.88,72.88,181.87,0.3543,-1,-1,-1
766,4,1718.63,455.45,77.57,209.77,0.7407,-1,-1,-1
766,54,522.95,569.65,92.31,245.53,0.7485,-1,-1,-1
766,73,297.57,470.18,74.14,228.63,0.6357,-1,-1,-1
766,80,869.39,956.85,87.24,123.14,0.7581,-1,-1,-1
766,81,1570.60,591.15,104.28,233.34,0.6027,-1,-1,-1
766,87,1075.99,677.89,80.66,255.79,0.7214,-1,-1,-1
766,88,1146.41,656.70,89.23,256.45,0.7226,-1,-1,-1
766,89,278.63,198.13,50.07,171.99,0.3799,-1,-1,-1
766,92,400.30,210.76,55.61,171.75,0.4876,-1,-1,-1
766,93,454.56,203.50,60.07,184.73,0.4860,-1,-1,-1
766,97,326.62,193.81,56.30,171.69,0.3611,-1,-1,-1
767,4,1718.67,455.41,77.72,211.43,0.7278,-1,-1,-1
767,54,524.14,569.69,89.60,246.80,0.7563,-1,-1,-1
767,73,295.98,471.62,74.35,227.44,0.5967,-1,-1,-1
767,80,868.80,957.35,88.06,122.65,0.7592,-1,-1,-1
767,81,1582.71,597.81,89.64,229.02,0.5039,-1,-1,-1
767,87,1074.41,675.58,80.30,255.48,0.7359,-1,-1,-1
767,88,1145.18,653.21,86.05,252.43,0.7163,-1,-1,-1
767,89,278.73,197.55,50.77,170.16,0.3815,-1,-1,-1
767,92,400.54,210.98,55.41,172.21,0.4535,-1,-1,-1
767,93,454.10,202.82,59.90,186.52,0.4779,-1,-1,-1
767,97,328.48,193.24,56.24,172.07,0.3797,-1,-1,-1
768,4,1720.24,452.93,76.34,213.51,0.7125,-1,-1,-1
768,54,524.10,569.76,90.20,247.11,0.7619,-1,-1,-1
768,73,294.52,472.50,74.39,226.37,0.6006,-1,-1,-1
768,80,869.36,957.40,87.97,122.59,0.7704,-1,-1,-1
768,81,1570.91,590.73,104.13,233.50,0.5467,-1,-1,-1
768,87,1074.22,673.78,79.20,255.57,0.7416,-1,-1,-1
768,88,1142.45,650.27,85.20,247.07,0.7493,-1,-1,-1
768,89,279.54,193.43,50.95,173.46,0.3627,-1,-1,-1
768,92,402.38,209.14,53.20,174.13,0.3988,-1,-1,-1
768,93,452.50,198.72,61.49,193.31,0.5080,-1,-1,-1
768,97,326.46,192.87,57.37,169.40,0.3650,-1,-1,-1
769,4,1720.02,454.09,76.21,210.49,0.7260,-1,-1,-1
769,54,524.22,572.10,91.68,244.27,0.7593,-1,-1,-1
769,73,293.96,472.87,75.58,226.48,0.6544,-1,-1,-1
769,80,869.00,958.26,89.37,121.75,0.7755,-1,-1,-1
769,81,1574.50,594.50,93.07,232.36,0.3886,-1,-1,-1
769,87,1070.04,670.50,80.14,253.53,0.7823,-1,-1,-1
769,88,1141.42,647.77,81.56,243.52,0.7915,-1,-1,-1
769,89,280.16,196.62,49.82,169.88,0.3346,-1,-1,-1
769,92,402.83,205.27,53.95,178.03,0.3597,-1,-1,-1
769,93,452.98,195.16,60.72,196.87,0.4047,-1,-1,-1
769,97,329.28,193.37,55.41,167.66,0.3346,-1,-1,-1
770,4,1720.73,455.25,75.92,209.51,0.7265,-1,-1,-1
770,54,524.43,571.84,92.93,244.70,0.7694,-1,-1,-1
770,73,293.81,473.88,75.66,224.61,0.6360,-1,-1,-1
770,80,869.57,957.25,90.07,122.72,0.7877,-1,-1,-1
770,81,1578.64,595.23,93.62,231.15,0.4257,-1,-1,-1
770,87,1066.06,669.49,80.39,250.28,0.7978,-1,-1,-1
770,88,1140.22,646.23,79.45,240.56,0.8173,-1,-1,-1
770,89,279.92,199.29,50.25,166.70,0.3310,-1,-1,-1
770,92,403.99,207.75,52.00,177.64,0.3622,-1,-1,-1
770,93,452.15,197.23,61.43,194.82,0.3878,-1,-1,-1
770,97,327.92,192.90,55.55,166.61,0.3093,-1,-1,-1
771,4,1722.58,452.74,74.86,213.67,0.7257,-1,-1,-1
771,54,525.39,572.07,91.86,243.84,0.7605,-1,-1,-1
771,73,292.60,474.05,74.85,224.18,0.6694,-1,-1,-1
771,80,869.83,957.62,90.16,122.38,0.7910,-1,-1,-1
771,81,1562.88,599.71,108.98,227.81,0.4342,-1,-1,-1
771,87,1063.50,666.97,81.29,241.40,0.8046,-1,-1,-1
771,88,1138.29,644.60,79.15,242.75,0.8068,-1,-1,-1
771,89,280.68,201.07,49.15,163.44,0.3338,-1,-1,-1
771,92,403.77,207.47,51.66,177.89,0.3458,-1,-1,-1
771,93,452.34,200.36,59.84,193.58,0.5155,-1,-1,-1
771,97,330.58,195.54,59.41,166.29,0.3070,-1,-1,-1
772,4,1722.69,453.31,75.00,212.16,0.7253,-1,-1,-1
772,54,527.77,571.14,90.44,243.38,0.7489,-1,-1,-1
772,73,292.59,475.59,74.24,222.88,0.6665,-1,-1,-1
772,80,870.14,957.97,91.42,122.03,0.7936,-1,-1,-1
772,81,1569.16,587.13,106.34,236.64,0.5402,-1,-1,-1
772,87,1061.83,664.48,82.45,240.72,0.8000,-1,-1,-1
772,88,1136.54,642.13,79.60,246.44,0.7853,-1,-1,-1
772,92,403.51,212.28,51.22,173.40,0.4034,-1,-1,-1
772,93,452.46,202.38,59.95,191.00,0.5194,-1,-1,-1
773,4,1722.11,451.77,73.73,211.90,0.7319,-1,-1,-1
773,54,533.85,569.97,86.49,243.74,0.7279,-1,-1,-1
773,73,292.29,476.38,75.19,222.49,0.6810,-1,-1,-1
773,80,870.76,957.97,90.47,122.02,0.8031,-1,-1,-1
773,81,1571.75,599.94,100.24,227.22,0.4880,-1,-1,-1
773,87,1061.14,660.92,77.90,238.27,0.8113,-1,-1,-1
773,88,1135.25,641.10,78.51,246.53,0.7657,-1,-1,-1
773,92,403.36,213.33,50.71,169.33,0.4178,-1,-1,-1
773,93,451.74,206.09,60.59,186.76,0.4466,-1,-1,-1
774,4,1723.66,452.09,72.43,212.00,0.7186,-1,-1,-1
774,54,537.73,569.54,82.55,244.39,0.7209,-1,-1,-1
774,73,291.24,477.59,77.54,221.92,0.7174,-1,-1,-1
774,80,870.92,957.86,91.22,122.13,0.7985,-1,-1,-1
774,81,1572.72,599.94,99.24,226.67,0.5101,-1,-1,-1
774,87,1059.46,660.59,75.09,237.34,0.7758,-1,-1,-1
774,88,1132.51,640.09,80.88,246.44,0.7608,-1,-1,-1
774,92,402.43,213.21,50.22,171.38,0.3985,-1,-1,-1
774,93,452.31,204.15,59.37,187.38,0.3814,-1,-1,-1
775,4,1723.39,453.20,72.44,209.76,0.7300,-1,-1,-1
775,54,543.03,570.12,79.09,243.70,0.7002,-1,-1,-1
775,73,290.67,478.61,77.12,222.32,0.7412,-1,-1,-1
775,80,871.14,957.78,91.33,122.21,0.8050,-1,-1,-1
775,81,1566.73,596.69,104.38,229.75,0.4846,-1,-1,-1
775,87,1056.58,658.21,74.53,238.67,0.7550,-1,-1,-1
775,88,1126.55,639.29,85.52,250.66,0.7753,-1,-1,-1
775,92,401.29,218.75,52.16,168.08,0.4483,-1,-1,-1
775,93,451.40,203.02,59.54,187.95,0.4347,-1,-1,-1
776,4,1723.13,452.45,72.37,211.07,0.7378,-1,-1,-1
776,54,548.64,571.29,73.75,242.71,0.6930,-1,-1,-1
776,73,289.94,480.02,76.99,222.98,0.7495,-1,-1,-1
776,80,871.25,958.83,90.76,121.18,0.7918,-1,-1,-1
776,81,1569.89,597.87,101.91,228.60,0.5496,-1,-1,-1
776,87,1054.62,654.42,72.88,241.18,0.7632,-1,-1,-1
776,88,1128.24,637.11,81.33,253.04,0.7786,-1,-1,-1
776,92,401.51,215.97,49.86,171.12,0.4295,-1,-1,-1
776,93,450.60,201.12,60.35,189.77,0.3954,-1,-1,-1
777,4,1723.88,452.32,71.89,210.24,0.7362,-1,-1,-1
777,54,552.96,571.64,71.11,244.35,0.7096,-1,-1,-1
777,73,289.44,481.01,76.88,226.60,0.7678,-1,-1,-1
777,80,872.44,959.42,90.08,120.59,0.7871,-1,-1,-1
777,81,1569.51,595.06,103.31,230.33,0.4930,-1,-1,-1
777,87,1051.78,651.94,74.91,245.64,0.7512,-1,-1,-1
777,88,1125.92,635.67,81.06,254.39,0.7132,-1,-1,-1
777,92,402.21,218.21,49.75,169.48,0.3459,-1,-1,-1
778,4,1723.44,452.57,72.47,210.42,0.7488,-1,-1,-1
778,54,560.61,571.84,64.88,245.41,0.7167,-1,-1,-1
778,73,289.96,484.15,75.78,224.90,0.7582,-1,-1,-1
778,80,872.56,959.15,90.58,120.84,0.7885,-1,-1,-1
778,81,1569.66,591.11,105.16,233.07,0.5973,-1,-1,-1
778,87,1051.01,649.72,74.17,247.96,0.7582,-1,-1,-1
778,88,1126.18,633.91,79.47,253.30,0.7310,-1,-1,-1
778,93,448.17,203.04,61.69,187.48,0.3153,-1,-1,-1
778,96,545.95,119.29,62.90,170.30,0.3344,-1,-1,-1
779,4,1722.44,452.15,73.42,211.15,0.7450,-1,-1,-1
779,54,565.46,572.08,64.16,249.65,0.7199,-1,-1,-1
779,73,289.42,487.11,75.05,224.28,0.7575,-1,-1,-1
779,80,873.20,959.07,90.20,120.93,0.7902,-1,-1,-1
779,81,1571.77,588.06,103.39,235.96,0.6000,-1,-1,-1
779,87,1049.38,646.71,73.94,251.03,0.7556,-1,-1,-1
779,88,1118.36,632.03,84.69,254.40,0.7262,-1,-1,-1
779,92,398.68,222.83,52.91,170.90,0.3516,-1,-1,-1
780,4,1723.10,452.17,73.16,211.64,0.7450,-1,-1,-1
780,54,568.57,572.59,62.98,246.89,0.7030,-1,-1,-1
780,73,289.72,489.87,74.40,225.11,0.7532,-1,-1,-1
780,80,873.00,959.31,90.05,120.69,0.7825,-1,-1,-1
780,81,1570.28,587.85,104.67,236.00,0.6142,-1,-1,-1
780,87,1047.69,646.14,74.62,251.28,0.7531,-1,-1,-1
780,88,1117.40,629.40,83.63,255.93,0.7424,-1,-1,-1
780,92,399.22,225.11,52.26,170.24,0.3894,-1,-1,-1
781,4,1723.72,451.51,72.11,211.39,0.7390,-1,-1,-1
781,54,570.46,570.75,63.43,253.96,0.6855,-1,-1,-1
781,73,289.41,491.15,74.32,226.80,0.7640,-1,-1,-1
781,80,873.83,958.95,88.97,121.04,0.7804,-1,-1,-1
781,81,1572.08,591.03,102.70,232.67,0.6602,-1,-1,-1
781,87,1044.75,649.09,77.53,242.72,0.7498,-1,-1,-1
781,88,1113.09,627.05,84.12,255.34,0.7634,-1,-1,-1
781,92,400.41,224.26,52.03,171.23,0.3666,-1,-1,-1
781,93,450.12,215.51,55.00,184.28,0.3346,-1,-1,-1
782,4,1722.55,451.20,73.46,211.07,0.7387,-1,-1,-1
782,54,569.97,572.45,66.57,257.42,0.6345,-1,-1,-1
782,73,289.97,492.58,73.93,230.95,0.7719,-1,-1,-1
782,80,874.53,958.55,87.89,121.44,0.7724,-1,-1,-1
782,81,1570.20,592.24,103.97,231.76,0.5852,-1,-1,-1
782,87,1044.56,645.66,74.06,248.30,0.7432,-1,-1,-1
782,88,1110.93,624.57,81.97,245.95,0.7756,-1,-1,-1
782,92,399.90,226.56,53.36,168.72,0.3824,-1,-1,-1
782,93,447.63,215.50,57.63,186.00,0.3242,-1,-1,-1
783,4,1722.88,452.30,74.61,210.89,0.7192,-1,-1,-1
783,54,572.24,572.79,67.57,259.08,0.6387,-1,-1,-1
783,73,290.20,493.65,73.67,234.15,0.7752,-1,-1,-1
783,80,875.47,958.11,86.75,121.88,0.7677,-1,-1,-1
783,81,1571.80,593.24,103.39,230.77,0.6506,-1,-1,-1
783,87,1043.98,644.99,73.49,248.47,0.7380,-1,-1,-1
783,88,1110.36,622.00,79.53,241.77,0.7566,-1,-1,-1
783,92,398.51,223.40,52.12,170.07,0.3815,-1,-1,-1
783,93,445.68,216.57,59.29,188.55,0.3801,-1,-1,-1
784,4,1722.64,452.01,74.32,212.38,0.7112,-1,-1,-1
784,54,574.83,572.20,67.50,246.14,0.5582,-1,-1,-1
784,73,290.03,494.53,74.19,234.39,0.7647,-1,-1,-1
784,80,876.24,958.11,85.27,121.89,0.7523,-1,-1,-1
784,81,1572.96,597.41,101.04,226.80,0.6964,-1,-1,-1
784,87,1043.47,643.58,70.40,245.10,0.7439,-1,-1,-1
784,88,1106.86,618.65,79.71,237.96,0.7694,-1,-1,-1
784,92,400.14,227.39,50.93,168.72,0.4665,-1,-1,-1
784,93,445.77,217.47,62.36,189.02,0.3650,-1,-1,-1
785,4,1722.55,452.06,74.80,211.53,0.7247,-1,-1,-1
785,54,580.19,573.36,64.11,243.53,0.5794,-1,-1,-1
785,73,290.52,495.47,73.81,233.68,0.7665,-1,-1,-1
785,80,877.91,956.51,83.01,123.46,0.7630,-1,-1,-1
785,81,1571.87,593.69,102.17,230.32,0.6273,-1,-1,-1
785,87,1042.04,642.22,71.25,246.00,0.7484,-1,-1,-1
785,88,1104.82,615.83,79.73,239.62,0.7503,-1,-1,-1
785,92,399.52,227.16,50.66,169.02,0.4634,-1,-1,-1
785,93,444.77,218.20,63.34,190.42,0.4171,-1,-1,-1
786,4,1722.89,451.20,72.94,211.82,0.7273,-1,-1,-1
786,54,582.78,575.61,65.76,239.97,0.5835,-1,-1,-1
786,73,290.11,496.69,74.60,232.55,0.7664,-1,-1,-1
786,80,878.46,956.22,81.40,123.78,0.7567,-1,-1,-1
786,81,1571.07,593.92,102.09,230.50,0.6485,-1,-1,-1
786,87,1040.45,639.70,70.91,244.66,0.7315,-1,-1,-1
786,88,1102.84,615.36,76.38,238.32,0.7509,-1,-1,-1
786,92,399.12,229.23,50.81,166.55,0.4733,-1,-1,-1
786,93,444.74,220.30,62.41,189.62,0.4394,-1,-1,-1
786,98,468.85,72.11,63.67,175.24,0.3815,-1,-1,-1
787,4,1723.06,452.68,74.49,211.09,0.7241,-1,-1,-1
787,54,584.46,577.74,75.84,237.75,0.5935,-1,-1,-1
787,73,290.06,497.74,76.14,230.87,0.7491,-1,-1,-1
787,80,879.55,955.57,79.54,124.42,0.7692,-1,-1,-1
787,81,1571.43,595.20,102.95,229.19,0.6592,-1,-1,-1
787,87,1037.96,636.30,70.97,244.09,0.7424,-1,-1,-1
787,88,1102.58,611.88,74.60,244.00,0.7829,-1,-1,-1
787,89,283.16,191.03,46.24,174.29,0.3077,-1,-1,-1
787,92,398.56,232.36,50.82,163.87,0.4858,-1,-1,-1
787,93,442.29,221.14,65.53,186.69,0.4268,-1,-1,-1
787,98,469.00,71.89,63.81,178.53,0.4261,-1,-1,-1
788,4,1723.05,452.70,73.74,211.72,0.7080,-1,-1,-1
788,54,587.43,579.41,74.79,237.99,0.5398,-1,-1,-1
788,73,289.08,498.99,77.72,229.33,0.7403,-1,-1,-1
788,80,878.70,955.28,79.92,124.71,0.7729,-1,-1,-1
788,81,1573.76,594.30,101.59,229.77,0.6772,-1,-1,-1
788,87,1035.25,633.57,71.45,237.99,0.7377,-1,-1,-1
788,88,1100.10,610.88,75.28,246.20,0.7646,-1,-1,-1
788,92,396.74,230.25,52.79,165.49,0.4637,-1,-1,-1
788,93,443.56,222.27,61.89,187.00,0.4997,-1,-1,-1
788,96,545.58,111.99,62.79,179.13,0.3171,-1,-1,-1
788,98,469.27,73.04,63.26,179.78,0.4461,-1,-1,-1
789,4,1723.78,452.99,73.54,213.23,0.7222,-1,-1,-1
789,54,589.18,581.09,76.45,236.16,0.5916,-1,-1,-1
789,73,288.11,500.59,79.19,227.40,0.7457,-1,-1,-1
789,80,878.62,955.65,79.63,124.37,0.7685,-1,-1,-1
789,81,1570.49,594.40,103.81,230.13,0.6652,-1,-1,-1
789,87,1031.53,630.66,74.18,234.35,0.7267,-1,-1,-1
789,88,1096.25,609.08,77.79,250.69,0.7914,-1,-1,-1
789,92,396.26,229.06,54.80,167.84,0.4556,-1,-1,-1
789,93,444.18,222.81,58.88,186.30,0.4825,-1,-1,-1
789,96,545.44,114.83,61.73,177.81,0.3209,-1,-1,-1
789,98,468.71,73.96,64.67,184.46,0.4624,-1,-1,-1
790,4,1723.52,452.04,71.86,212.39,0.7279,-1,-1,-1
790,54,591.65,582.42,75.29,235.47,0.5954,-1,-1,-1
790,73,288.63,501.55,78.83,224.38,0.7442,-1,-1,-1
790,80,878.55,953.64,79.97,126.32,0.7736,-1,-1,-1
790,81,1571.14,593.94,103.14,229.97,0.6712,-1,-1,-1
790,87,1030.32,628.92,74.04,221.03,0.7179,-1,-1,-1
790,88,1095.11,607.63,78.73,251.61,0.7809,-1,-1,-1
790,92,398.39,231.75,53.72,168.30,0.4159,-1,-1,-1
790,93,444.57,224.76,58.64,185.08,0.4171,-1,-1,-1
790,96,546.15,114.51,62.03,177.45,0.3036,-1,-1,-1
790,98,471.29,73.67,62.82,183.54,0.4613,-1,-1,-1
791,4,1722.62,453.01,74.27,213.03,0.7326,-1,-1,-1
791,54,594.51,583.27,75.83,233.89,0.6070,-1,-1,-1
791,73,288.31,502.31,78.98,224.90,0.7398,-1,-1,-1
791,80,880.34,953.85,76.95,126.17,0.7571,-1,-1,-1
791,81,1570.34,593.36,102.86,230.99,0.7025,-1,-1,-1
791,87,1028.82,626.86,74.60,225.47,0.7301,-1,-1,-1
791,88,1092.85,607.13,81.72,253.50,0.7685,-1,-1,-1
791,92,396.80,231.62,54.06,169.09,0.4136,-1,-1,-1
791,93,442.32,222.89,61.28,185.63,0.4587,-1,-1,-1
791,96,546.39,112.55,61.99,178.85,0.3360,-1,-1,-1
791,98,471.44,72.74,62.50,182.72,0.4285,-1,-1,-1
792,4,1722.39,452.46,73.81,212.40,0.7484,-1,-1,-1
792,54,595.69,584.10,76.32,233.09,0.5912,-1,-1,-1
792,73,288.00,503.49,79.07,224.45,0.7439,-1,-1,-1
792,80,881.66,953.24,73.94,126.76,0.7580,-1,-1,-1
792,81,1569.18,589.95,104.14,234.25,0.6773,-1,-1,-1
792,87,1027.13,624.07,74.49,235.03,0.7440,-1,-1,-1
792,88,1091.96,606.89,83.36,255.59,0.7663,-1,-1,-1
792,92,395.28,233.30,56.06,170.45,0.4270,-1,-1,-1
792,93,442.16,224.89,61.01,185.26,0.4488,-1,-1,-1
792,96,547.62,112.81,60.31,178.97,0.3211,-1,-1,-1
792,98,471.14,72.23,62.74,186.78,0.3986,-1,-1,-1
793,4,1723.04,452.40,72.67,211.99,0.7369,-1,-1,-1
793,54,598.90,585.30,74.31,229.17,0.5969,-1,-1,-1
793,73,288.39,506.79,78.88,225.82,0.7209,-1,-1,-1
793,80,881.72,952.39,73.17,127.60,0.7587,-1,-1,-1
793,81,1569.67,592.08,103.68,231.91,0.7006,-1,-1,-1
793,87,1024.95,620.40,75.09,241.22,0.7594,-1,-1,-1
793,88,1091.02,606.00,83.52,255.77,0.7804,-1,-1,-1
793,89,284.19,182.52,46.31,182.15,0.4088,-1,-1,-1
793,92,394.67,236.05,55.14,169.97,0.4424,-1,-1,-1
793,93,442.03,225.86,59.76,184.48,0.4411,-1,-1,-1
793,96,547.37,113.70,59.91,177.31,0.3214,-1,-1,-1
793,98,470.41,72.21,64.16,192.01,0.3894,-1,-1,-1
794,4,1722.36,452.68,75.03,212.71,0.7553,-1,-1,-1
794,54,601.78,585.24,72.50,237.59,0.5290,-1,-1,-1
794,73,288.48,509.64,79.04,228.87,0.7037,-1,-1,-1
794,80,882.07,950.76,69.59,129.21,0.7508,-1,-1,-1
794,81,1569.80,589.76,103.52,234.12,0.6838,-1,-1,-1
794,87,1023.71,618.81,75.92,243.70,0.7601,-1,-1,-1
794,88,1089.21,606.41,86.11,255.19,0.7447,-1,-1,-1
794,89,284.03,183.98,46.89,180.82,0.3825,-1,-1,-1
794,92,395.96,239.96,52.95,166.59,0.4559,-1,-1,-1
794,93,440.33,227.00,61.63,184.61,0.4774,-1,-1,-1
794,98,468.97,73.14,66.46,191.91,0.4191,-1,-1,-1
795,4,1722.02,452.69,73.78,210.97,0.7574,-1,-1,-1
795,54,604.32,585.34,71.38,257.64,0.4698,-1,-1,-1
795,73,288.54,511.29,77.40,232.07,0.7140,-1,-1,-1
795,80,882.71,949.58,66.70,130.40,0.7325,-1,-1,-1
795,81,1569.18,589.66,104.74,234.83,0.6853,-1,-1,-1
795,87,1020.97,616.15,76.67,245.36,0.7831,-1,-1,-1
795,88,1087.13,604.28,87.10,256.22,0.7677,-1,-1,-1
795,89,284.27,183.25,47.19,181.82,0.3837,-1,-1,-1
795,92,394.95,234.65,55.48,174.06,0.4297,-1,-1,-1
795,93,438.87,224.98,62.99,186.94,0.4588,-1,-1,-1
795,98,470.14,73.67,65.76,192.21,0.4335,-1,-1,-1
796,4,1723.27,452.01,73.16,211.86,0.7578,-1,-1,-1
796,54,607.54,586.30,71.11,278.08,0.4861,-1,-1,-1
796,73,288.23,513.55,77.68,234.26,0.7402,-1,-1,-1
796,80,882.39,949.23,65.45,130.77,0.7514,-1,-1,-1
796,81,1570.58,588.20,103.25,236.66,0.6230,-1,-1,-1
796,87,1019.12,616.32,75.11,245.18,0.8021,-1,-1,-1
796,88,1086.16,602.81,84.33,254.02,0.7898,-1,-1,-1
796,89,284.13,184.69,47.79,180.84,0.3458,-1,-1,-1
796,92,394.33,239.10,53.34,171.55,0.4845,-1,-1,-1
796,93,440.62,227.03,61.08,186.20,0.4974,-1,-1,-1
796,97,342.32,186.10,48.44,172.07,0.3591,-1,-1,-1
796,98,468.80,75.11,68.46,188.91,0.3838,-1,-1,-1
797,4,1723.68,451.38,72.89,213.92,0.7450,-1,-1,-1
797,54,609.86,584.38,70.04,280.79,0.4508,-1,-1,-1
797,73,288.00,515.66,76.22,233.15,0.7352,-1,-1,-1
797,80,881.90,948.03,65.16,131.95,0.7461,-1,-1,-1
797,81,1569.40,591.25,101.95,235.87,0.5980,-1,-1,-1
797,87,1017.34,615.15,74.57,247.39,0.8128,-1,-1,-1
797,88,1085.56,600.38,82.34,255.40,0.8018,-1,-1,-1
797,89,283.82,185.81,47.91,176.17,0.3084,-1,-1,-1
797,92,395.50,240.94,52.30,170.01,0.4827,-1,-1,-1
797,93,444.42,234.92,53.36,180.64,0.5165,-1,-1,-1
797,97,342.76,187.09,47.49,171.06,0.3615,-1,-1,-1
797,98,470.14,76.16,67.45,182.29,0.3105,-1,-1,-1
798,4,1723.29,451.84,72.91,212.57,0.7493,-1,-1,-1
798,54,611.44,584.69,67.97,274.40,0.4425,-1,-1,-1
798,73,287.19,516.31,76.78,236.23,0.7570,-1,-1,-1
798,80,882.01,946.51,63.40,133.46,0.7295,-1,-1,-1
798,81,1571.86,590.76,102.31,234.13,0.6813,-1,-1,-1
798,87,1016.38,614.18,74.73,246.93,0.8079,-1,-1,-1
798,88,1083.59,598.44,83.04,254.52,0.8042,-1,-1,-1
798,89,284.23,185.08,47.18,178.02,0.3240,-1,-1,-1
798,92,395.46,237.92,54.35,174.62,0.4818,-1,-1,-1
798,93,444.31,235.43,53.99,183.19,0.5096,-1,-1,-1
798,97,342.34,186.98,48.24,171.00,0.3554,-1,-1,-1
799,4,1724.18,451.96,71.45,212.13,0.7431,-1,-1,-1
799,73,286.44,519.53,76.68,233.62,0.7684,-1,-1,-1
799,80,882.16,945.28,61.95,134.71,0.7112,-1,-1,-1
799,81,1570.61,585.43,103.23,238.92,0.6099,-1,-1,-1
799,87,1014.40,616.71,72.85,244.92,0.7762,-1,-1,-1
799,88,1082.42,594.34,81.97,252.20,0.7762,-1,-1,-1
799,89,283.45,186.09,48.31,177.30,0.3131,-1,-1,-1
799,92,395.02,239.67,54.12,173.75,0.5211,-1,-1,-1
799,93,443.95,237.37,55.88,184.12,0.5635,-1,-1,-1
800,4,1723.16,452.16,72.60,211.21,0.7390,-1,-1,-1
800,73,284.96,522.52,76.92,236.77,0.7765,-1,-1,-1
800,80,882.47,944.22,61.16,135.77,0.6971,-1,-1,-1
800,81,1571.06,587.86,103.08,237.38,0.6165,-1,-1,-1
800,87,1012.08,615.65,74.16,244.46,0.7837,-1,-1,-1
800,88,1081.90,590.46,82.44,241.59,0.7349,-1,-1,-1
800,92,395.32,238.69,54.12,174.53,0.5141,-1,-1,-1
800,93,441.68,235.43,57.25,187.95,0.5498,-1,-1,-1
800,97,344.09,188.02,47.73,167.10,0.3340,-1,-1,-1
800,98,474.01,79.58,62.72,174.33,0.3130,-1,-1,-1
801,4,1722.53,452.60,73.06,212.38,0.7339,-1,-1,-1
801,73,283.33,522.88,77.19,236.64,0.8035,-1,-1,-1
801,80,881.50,942.80,61.69,137.17,0.6649,-1,-1,-1
801,81,1570.12,595.15,102.20,233.47,0.5835,-1,-1,-1
801,87,1008.62,613.13,74.98,243.82,0.7724,-1,-1,-1
801,88,1078.51,587.79,82.33,235.47,0.7592,-1,-1,-1
801,92,396.93,240.72,52.06,170.94,0.5210,-1,-1,-1
801,93,441.98,236.51,57.42,188.86,0.5207,-1,-1,-1
801,98,476.08,81.34,60.11,176.10,0.3017,-1,-1,-1
802,4,1722.69,451.79,72.93,211.62,0.7443,-1,-1,-1
802,73,282.30,524.14,76.29,234.82,0.8037,-1,-1,-1
802,80,882.11,941.72,59.75,138.27,0.6456,-1,-1,-1
802,81,1567.91,594.99,103.99,233.59,0.5782,-1,-1,-1
802,87,1009.29,611.70,72.55,245.50,0.7646,-1,-1,-1
802,88,1077.13,584.68,79.76,231.39,0.7485,-1,-1,-1
802,92,395.67,239.32,54.68,173.38,0.4900,-1,-1,-1
802,93,442.37,236.51,56.95,190.14,0.5692,-1,-1,-1
803,4,1722.58,452.84,72.86,212.05,0.7406,-1,-1,-1
803,73,281.46,525.08,76.91,234.44,0.7999,-1,-1,-1
803,80,881.02,942.68,59.42,137.40,0.6701,-1,-1,-1
803,81,1567.57,596.96,104.45,230.70,0.5040,-1,-1,-1
803,87,1006.63,608.76,74.25,247.14,0.7585,-1,-1,-1
803,88,1077.16,582.70,76.51,235.48,0.7597,-1,-1,-1
803,92,395.79,238.55,53.63,174.34,0.4962,-1,-1,-1
803,93,442.37,238.32,56.27,189.25,0.5478,-1,-1,-1
803,98,475.20,83.66,60.40,183.34,0.3117,-1,-1,-1
804,4,1722.35,452.54,73.11,212.31,0.7466,-1,-1,-1
804,73,280.72,526.57,75.27,232.55,0.7956,-1,-1,-1
804,80,880.37,941.33,60.41,138.65,0.6738,-1,-1,-1
804,81,1567.02,596.02,105.09,231.41,0.5803,-1,-1,-1
804,87,1004.08,605.45,74.22,245.35,0.7367,-1,-1,-1
804,88,1076.67,579.52,74.63,238.62,0.7574,-1,-1,-1
804,92,395.80,239.63,53.12,172.99,0.5354,-1,-1,-1
804,93,442.58,239.23,56.10,189.16,0.5598,-1,-1,-1
804,98,475.94,84.16,58.87,185.36,0.4084,-1,-1,-1
805,4,1721.39,453.20,74.35,212.40,0.7360,-1,-1,-1
805,73,278.82,527.15,76.73,232.26,0.8018,-1,-1,-1
805,80,880.53,939.35,60.55,140.60,0.6636,-1,-1,-1
805,81,1567.29,594.63,105.26,232.53,0.6026,-1,-1,-1
805,87,1002.20,601.89,72.16,239.70,0.7569,-1,-1,-1
805,88,1075.90,577.53,73.78,243.07,0.7711,-1,-1,-1
805,92,395.37,242.18,51.92,170.92,0.5300,-1,-1,-1
805,93,442.84,240.21,57.22,187.79,0.6113,-1,-1,-1
805,98,474.94,83.47,59.77,186.27,0.3924,-1,-1,-1
806,4,1721.67,452.56,74.22,212.35,0.7467,-1,-1,-1
806,73,277.58,528.07,77.41,231.37,0.8027,-1,-1,-1
806,80,880.27,938.40,60.87,141.60,0.6660,-1,-1,-1
806,81,1569.93,595.76,102.27,232.23,0.6058,-1,-1,-1
806,87,1000.05,599.43,71.79,237.71,0.7663,-1,-1,-1
806,88,1076.38,575.23,71.89,245.83,0.7756,-1,-1,-1
806,92,394.65,237.09,53.57,176.88,0.4840,-1,-1,-1
806,93,444.17,239.04,55.67,188.43,0.4956,-1,-1,-1
806,97,347.71,192.53,44.27,158.17,0.3197,-1,-1,-1
806,98,474.08,83.40,60.84,187.30,0.4025,-1,-1,-1
807,4,1721.84,454.24,75.42,212.95,0.7261,-1,-1,-1
807,73,277.28,528.95,77.52,229.94,0.7918,-1,-1,-1
807,80,880.27,937.46,59.92,142.54,0.6362,-1,-1,-1
807,81,1569.61,598.10,102.35,229.74,0.6048,-1,-1,-1
807,87,997.93,597.11,71.76,234.81,0.7667,-1,-1,-1
807,88,1074.97,574.34,72.42,245.52,0.7758,-1,-1,-1
807,89,282.78,186.71,50.00,176.50,0.3114,-1,-1,-1
807,92,393.70,238.34,54.93,178.72,0.4864,-1,-1,-1
807,93,444.07,238.65,55.49,187.88,0.4908,-1,-1,-1
807,98,476.51,83.34,60.01,188.25,0.3514,-1,-1,-1
808,4,1722.06,453.91,75.18,212.40,0.7252,-1,-1,-1
808,73,277.10,530.11,76.77,228.91,0.7946,-1,-1,-1
808,80,880.14,936.60,59.71,143.40,0.6371,-1,-1,-1
808,81,1570.71,592.54,104.41,232.27,0.6522,-1,-1,-1
808,87,997.73,595.20,69.87,231.29,0.7692,-1,-1,-1
808,88,1071.88,573.63,74.69,245.08,0.7735,-1,-1,-1
808,89,282.80,186.72,50.15,174.35,0.3020,-1,-1,-1
808,92,392.97,245.95,54.75,172.61,0.4969,-1,-1,-1
808,93,442.19,241.25,58.73,186.05,0.5661,-1,-1,-1
808,98,475.10,84.83,62.59,190.90,0.3447,-1,-1,-1
809,4,1721.76,455.58,74.84,209.93,0.7297,-1,-1,-1
809,73,276.08,531.59,77.49,228.41,0.8008,-1,-1,-1
809,80,880.50,937.02,59.28,142.77,0.6370,-1,-1,-1
809,81,1569.94,595.11,103.84,229.61,0.6825,-1,-1,-1
809,87,996.54,593.76,68.18,234.36,0.7697,-1,-1,-1
809,88,1069.35,573.47,76.35,246.04,0.7827,-1,-1,-1
809,89,283.30,187.41,49.42,176.79,0.3138,-1,-1,-1
809,92,391.77,248.28,54.70,173.99,0.4410,-1,-1,-1
809,93,439.34,240.44,61.99,186.49,0.5266,-1,-1,-1
810,4,1722.48,452.34,73.44,213.58,0.7340,-1,-1,-1
810,73,275.70,533.23,77.27,228.98,0.7915,-1,-1,-1
810,80,879.78,936.18,60.32,142.64,0.6510,-1,-1,-1
810,81,1570.03,596.11,104.13,228.93,0.6893,-1,-1,-1
810,87,994.96,592.60,69.43,236.94,0.7627,-1,-1,-1
810,88,1066.54,573.46,77.47,244.21,0.7690,-1,-1,-1
810,92,387.54,251.15,58.05,173.97,0.4381,-1,-1,-1
810,93,439.25,244.55,62.06,182.97,0.5847,-1,-1,-1
810,98,472.97,84.81,64.29,189.29,0.3249,-1,-1,-1
811,4,1722.47,452.24,73.07,211.99,0.7313,-1,-1,-1
811,73,275.21,535.35,78.09,231.53,0.7991,-1,-1,-1
811,80,878.74,935.66,63.31,143.20,0.6637,-1,-1,-1
811,81,1571.04,598.88,102.98,225.51,0.6999,-1,-1,-1
811,87,992.28,592.07,68.91,236.98,0.7654,-1,-1,-1
811,88,1065.74,571.74,77.29,245.86,0.7718,-1,-1,-1
811,92,390.97,252.47,55.40,175.16,0.4032,-1,-1,-1
811,93,439.82,244.39,61.85,183.75,0.5261,-1,-1,-1
811,98,473.08,84.29,66.38,194.17,0.3101,-1,-1,-1
812,4,1723.52,451.91,72.70,213.37,0.7280,-1,-1,-1
812,73,274.98,536.85,77.79,233.62,0.7987,-1,-1,-1
812,80,878.49,935.58,62.88,143.40,0.6738,-1,-1,-1
812,81,1571.53,594.17,101.83,229.80,0.6660,-1,-1,-1
812,87,991.82,591.00,67.07,238.95,0.7566,-1,-1,-1
812,88,1063.75,571.00,75.70,245.21,0.7598,-1,-1,-1
812,92,390.34,254.66,53.62,172.33,0.4489,-1,-1,-1
812,93,441.25,244.08,60.03,182.51,0.5487,-1,-1,-1
813,4,1723.32,452.02,72.67,213.12,0.7347,-1,-1,-1
813,73,273.87,538.26,78.21,237.71,0.7923,-1,-1,-1
813,80,877.66,935.72,64.02,143.27,0.6733,-1,-1,-1
813,81,1570.53,597.34,104.08,227.20,0.6661,-1,-1,-1
813,87,988.81,590.81,68.04,239.44,0.7701,-1,-1,-1
813,88,1063.52,569.41,73.75,247.51,0.7508,-1,-1,-1
813,92,389.53,256.18,53.36,173.63,0.4937,-1,-1,-1
813,93,440.29,241.87,60.67,184.74,0.4710,-1,-1,-1
814,4,1723.76,452.65,72.51,212.18,0.7231,-1,-1,-1
814,73,272.81,540.02,78.97,235.15,0.7850,-1,-1,-1
814,80,877.23,935.38,63.83,143.33,0.6511,-1,-1,-1
814,81,1571.16,597.32,103.17,227.56,0.6815,-1,-1,-1
814,87,986.66,589.72,67.34,236.00,0.7690,-1,-1,-1
814,88,1062.01,567.00,73.71,242.24,0.7253,-1,-1,-1
814,92,388.93,257.73,52.30,176.64,0.4727,-1,-1,-1
814,93,439.13,245.14,61.90,182.56,0.5469,-1,-1,-1
814,98,471.94,89.14,66.02,185.21,0.3125,-1,-1,-1
815,4,1723.72,452.92,72.41,211.28,0.7360,-1,-1,-1
815,73,272.42,542.33,78.64,235.18,0.7996,-1,-1,-1
815,80,877.32,935.04,63.89,144.14,0.6604,-1,-1,-1
815,81,1571.44,595.98,104.08,228.31,0.6789,-1,-1,-1
815,87,985.74,589.81,67.17,231.56,0.7668,-1,-1,-1
815,88,1061.35,565.17,70.98,232.24,0.7497,-1,-1,-1
815,89,284.48,185.15,51.73,174.08,0.3370,-1,-1,-1
815,92,388.13,260.11,52.28,174.61,0.4831,-1,-1,-1
815,93,438.19,244.40,62.97,186.19,0.4968,-1,-1,-1
815,98,471.97,89.77,64.19,184.63,0.3853,-1,-1,-1
816,4,1724.35,452.12,71.47,213.08,0.7306,-1,-1,-1
816,73,271.33,545.56,79.81,238.35,0.8064,-1,-1,-1
816,80,876.35,934.26,64.26,144.90,0.6881,-1,-1,-1
816,81,1572.00,596.57,102.72,228.04,0.6860,-1,-1,-1
816,87,983.25,588.58,68.71,225.92,0.7578,-1,-1,-1
816,88,1060.31,564.19,69.24,229.03,0.7784,-1,-1,-1
816,89,284.64,185.28,52.90,173.23,0.3141,-1,-1,-1
816,92,386.51,261.64,54.76,173.87,0.4869,-1,-1,-1
816,93,436.56,248.93,63.70,186.33,0.5220,-1,-1,-1
816,98,472.36,89.79,62.28,183.43,0.3827,-1,-1,-1
817,4,1723.42,455.05,73.04,209.18,0.7355,-1,-1,-1
817,73,270.95,548.38,80.28,235.69,0.8117,-1,-1,-1
817,80,875.83,934.13,63.32,144.73,0.6947,-1,-1,-1
817,81,1570.68,597.42,104.06,227.08,0.6832,-1,-1,-1
817,87,981.51,586.64,67.96,221.86,0.7637,-1,-1,-1
817,88,1058.28,560.86,67.18,229.66,0.8024,-1,-1,-1
817,92,386.07,264.32,55.24,169.42,0.5317,-1,-1,-1
817,93,437.73,251.75,61.68,184.51,0.5880,-1,-1,-1
817,98,472.82,91.52,61.13,184.18,0.4440,-1,-1,-1
817,100,1629.89,3.24,47.15,134.70,0.3795,-1,-1,-1
818,4,1722.65,452.11,73.05,213.85,0.7291,-1,-1,-1
818,73,271.83,550.51,79.73,239.19,0.8095,-1,-1,-1
818,80,874.36,933.71,64.71,145.60,0.7191,-1,-1,-1
818,81,1569.40,593.33,104.68,231.63,0.6823,-1,-1,-1
818,87,981.03,585.59,66.99,216.66,0.7787,-1,-1,-1
818,88,1055.49,558.39,68.15,230.57,0.7992,-1,-1,-1
818,89,285.68,185.16,53.81,172.61,0.3161,-1,-1,-1
818,92,385.75,266.53,52.83,166.71,0.5093,-1,-1,-1
818,93,438.04,255.98,60.87,183.85,0.5598,-1,-1,-1
818,98,473.99,93.41,58.33,183.62,0.3772,-1,-1,-1
819,4,1723.45,453.73,73.53,212.41,0.7254,-1,-1,-1
819,73,272.38,551.55,78.79,238.92,0.7907,-1,-1,-1
819,80,873.26,934.64,66.54,144.84,0.7204,-1,-1,-1
819,81,1570.73,597.16,102.79,227.83,0.7097,-1,-1,-1
819,87,979.69,583.87,64.55,216.61,0.8196,-1,-1,-1
819,88,1050.92,554.14,72.32,235.55,0.8177,-1,-1,-1
819,92,384.57,264.59,54.00,167.56,0.5216,-1,-1,-1
819,93,436.67,256.06,61.03,186.60,0.6077,-1,-1,-1
819,96,556.25,123.61,62.68,163.94,0.3194,-1,-1,-1
819,98,472.97,94.91,58.85,187.12,0.4015,-1,-1,-1
819,101,790.30,132.00,63.48,178.57,0.3425,-1,-1,-1
820,4,1722.67,455.87,73.91,209.40,0.7247,-1,-1,-1
820,73,273.31,552.09,77.89,239.62,0.8012,-1,-1,-1
820,80,872.99,935.09,64.79,144.92,0.7121,-1,-1,-1
820,81,1570.71,596.11,103.74,228.32,0.7059,-1,-1,-1
820,87,977.14,579.62,65.82,219.40,0.8336,-1,-1,-1
820,88,1046.01,553.35,75.92,236.18,0.8185,-1,-1,-1
820,92,383.45,265.17,55.01,168.82,0.5371,-1,-1,-1
820,93,436.55,260.54,61.96,183.97,0.6611,-1,-1,-1
820,98,473.21,93.44,58.22,192.40,0.5040,-1,-1,-1
820,101,789.15,131.23,64.72,180.23,0.3460,-1,-1,-1
821,4,1723.64,452.50,72.29,212.84,0.7162,-1,-1,-1
821,73,273.06,552.49,78.42,238.22,0.7831,-1,-1,-1
821,80,873.09,934.78,65.05,145.22,0.7218,-1,-1,-1
821,81,1570.56,597.13,103.37,227.62,0.6981,-1,-1,-1
821,87,975.11,576.52,66.73,220.97,0.8350,-1,-1,-1
821,88,1043.72,551.81,78.61,236.45,0.8371,-1,-1,-1
821,92,381.87,264.66,55.49,170.63,0.5338,-1,-1,-1
821,93,435.22,260.50,63.23,188.07,0.6443,-1,-1,-1
821,98,472.86,89.20,59.30,200.74,0.4887,-1,-1,-1
821,101,789.11,132.79,64.64,179.27,0.3238,-1,-1,-1
822,4,1722.67,453.21,73.73,212.43,0.7219,-1,-1,-1
822,73,273.00,554.04,79.30,237.60,0.7676,-1,-1,-1
822,80,872.38,935.65,65.73,144.39,0.7199,-1,-1,-1
822,81,1572.21,596.11,102.24,228.24,0.7121,-1,-1,-1
822,87,973.08,573.45,68.00,215.21,0.8115,-1,-1,-1
822,88,1041.49,550.66,81.20,237.56,0.8328,-1,-1,-1
822,92,383.69,264.07,53.26,171.02,0.4873,-1,-1,-1
822,93,436.07,261.24,62.58,187.32,0.6091,-1,-1,-1
822,98,472.70,89.60,58.93,202.36,0.4755,-1,-1,-1
822,101,788.26,133.80,65.62,177.27,0.3746,-1,-1,-1
823,4,1722.47,453.28,73.43,212.51,0.7328,-1,-1,-1
823,73,273.23,554.72,79.40,236.57,0.7801,-1,-1,-1
823,80,871.99,936.51,65.00,143.51,0.7138,-1,-1,-1
823,81,1570.98,595.32,103.19,228.86,0.6896,-1,-1,-1
823,87,971.89,569.48,68.42,226.44,0.8126,-1,-1,-1
823,88,1041.12,549.65,82.80,240.92,0.8220,-1,-1,-1
823,92,381.27,268.02,56.11,167.98,0.5639,-1,-1,-1
823,93,437.66,261.68,60.73,187.13,0.6339,-1,-1,-1
823,98,471.53,91.10,60.58,201.44,0.4619,-1,-1,-1
823,101,788.46,134.16,65.71,177.39,0.3531,-1,-1,-1
824,4,1722.33,456.23,74.32,209.95,0.7124,-1,-1,-1
824,73,272.69,555.40,80.58,236.20,0.7698,-1,-1,-1
824,80,870.96,936.72,66.41,142.07,0.7265,-1,-1,-1
824,81,1570.57,596.42,104.30,228.26,0.6776,-1,-1,-1
824,87,967.22,568.48,69.39,231.64,0.7732,-1,-1,-1
824,88,1036.88,548.14,88.00,243.66,0.7980,-1,-1,-1
824,92,382.62,270.64,54.29,166.90,0.5496,-1,-1,-1
824,93,437.09,262.07,60.88,187.36,0.6669,-1,-1,-1
824,98,472.36,92.25,59.15,201.00,0.4805,-1,-1,-1
824,101,788.38,133.28,66.25,178.36,0.3810,-1,-1,-1
825,4,1721.55,454.28,75.46,211.95,0.7154,-1,-1,-1
825,73,272.23,557.20,81.09,233.91,0.7742,-1,-1,-1
825,80,870.25,937.53,65.82,142.03,0.6985,-1,-1,-1
825,81,1571.80,599.40,101.89,225.00,0.6944,-1,-1,-1
825,87,966.32,566.83,68.10,232.89,0.7745,-1,-1,-1
825,88,1036.42,548.50,91.71,244.68,0.7935,-1,-1,-1
825,89,290.88,180.75,55.60,178.80,0.3281,-1,-1,-1
825,92,382.16,271.50,54.09,168.41,0.5607,-1,-1,-1
825,93,436.52,262.60,61.31,187.41,0.6560,-1,-1,-1
825,98,471.71,93.99,60.19,199.85,0.4358,-1,-1,-1
825,101,790.81,133.86,64.10,178.03,0.3888,-1,-1,-1
826,4,1720.09,455.76,76.81,209.18,0.7347,-1,-1,-1
826,73,272.08,559.08,81.44,231.96,0.7890,-1,-1,-1
826,80,868.53,937.86,67.35,142.13,0.7043,-1,-1,-1
826,81,1572.38,596.69,102.12,227.10,0.6841,-1,-1,-1
826,87,963.90,565.32,68.36,234.42,0.7712,-1,-1,-1
826,88,1035.75,547.65,92.06,241.93,0.7725,-1,-1,-1
826,92,382.14,271.84,53.46,167.61,0.5283,-1,-1,-1
826,93,435.05,263.71,62.49,186.55,0.6904,-1,-1,-1
826,98,471.55,93.13,60.86,199.51,0.4358,-1,-1,-1
826,101,795.05,133.97,59.11,179.03,0.3371,-1,-1,-1
827,4,1721.14,454.40,76.09,211.27,0.7303,-1,-1,-1
827,73,271.78,559.98,81.77,231.10,0.7894,-1,-1,-1
827,80,868.87,939.16,67.39,140.88,0.7118,-1,-1,-1
827,81,1571.25,596.77,103.69,227.43,0.6698,-1,-1,-1
827,87,963.16,563.79,67.46,231.60,0.7662,-1,-1,-1
827,88,1034.12,546.78,92.78,241.63,0.7690,-1,-1,-1
827,92,380.23,271.83,54.91,169.07,0.5155,-1,-1,-1
827,93,436.07,264.36,61.15,185.26,0.6709,-1,-1,-1
827,98,471.07,95.92,61.66,196.06,0.4095,-1,-1,-1
827,100,1638.45,5.49,49.22,143.58,0.3149,-1,-1,-1
827,101,790.82,132.17,65.23,180.00,0.3418,-1,-1,-1
828,4,1721.18,453.23,74.45,212.12,0.7416,-1,-1,-1
828,73,271.95,561.68,81.37,231.01,0.7897,-1,-1,-1
828,80,868.46,939.37,67.22,140.63,0.7060,-1,-1,-1
828,81,1572.86,595.84,102.33,228.45,0.6726,-1,-1,-1
828,87,959.95,563.42,69.28,230.68,0.7608,-1,-1,-1
828,88,1033.83,544.76,93.71,243.70,0.7913,-1,-1,-1
828,92,376.02,271.89,58.34,173.06,0.5264,-1,-1,-1
828,93,436.50,264.02,60.55,185.10,0.6805,-1,-1,-1
828,98,471.46,96.73,60.96,194.62,0.4337,-1,-1,-1
828,101,791.02,132.65,65.49,179.21,0.3351,-1,-1,-1
829,4,1721.99,452.81,73.91,212.57,0.7356,-1,-1,-1
829,73,271.83,562.43,81.53,234.14,0.7947,-1,-1,-1
829,80,870.21,939.46,65.24,140.53,0.7155,-1,-1,-1
829,81,1571.68,596.23,103.48,227.57,0.6824,-1,-1,-1
829,87,959.14,561.83,69.18,232.72,0.7777,-1,-1,-1
829,88,1032.50,543.12,91.90,244.02,0.7742,-1,-1,-1
829,92,377.95,272.56,56.88,175.53,0.5468,-1,-1,-1
829,93,436.57,264.27,60.63,185.17,0.6978,-1,-1,-1
829,98,472.32,98.78,60.24,195.80,0.4350,-1,-1,-1
829,101,793.64,133.37,64.33,178.64,0.3183,-1,-1,-1
830,4,1721.47,452.62,74.37,212.79,0.7458,-1,-1,-1
830,73,272.71,563.66,80.18,238.70,0.7990,-1,-1,-1
830,80,867.91,941.04,67.82,139.01,0.7040,-1,-1,-1
830,81,1572.31,593.77,102.09,230.06,0.6841,-1,-1,-1
830,87,958.64,562.32,67.80,232.39,0.7996,-1,-1,-1
830,88,1032.86,540.80,92.25,245.70,0.7964,-1,-1,-1
830,92,372.03,272.43,61.09,177.24,0.5586,-1,-1,-1
830,93,435.54,266.00,61.43,183.50,0.6679,-1,-1,-1
830,98,472.88,102.11,59.98,193.96,0.3677,-1,-1,-1
830,101,796.23,134.07,61.39,178.63,0.3170,-1,-1,-1
831,4,1721.67,455.93,75.32,210.06,0.7314,-1,-1,-1
831,73,272.45,566.14,80.09,242.84,0.8093,-1,-1,-1
831,80,869.23,941.40,66.04,138.60,0.7115,-1,-1,-1
831,81,1573.17,593.77,100.98,230.49,0.7001,-1,-1,-1
831,87,957.26,562.79,67.98,232.76,0.8019,-1,-1,-1
831,88,1031.96,538.24,91.36,247.00,0.7988,-1,-1,-1
831,92,371.64,273.76,60.11,180.28,0.5296,-1,-1,-1
831,93,435.41,266.58,61.42,183.89,0.6207,-1,-1,-1
831,98,471.65,103.60,63.72,194.55,0.3572,-1,-1,-1
831,101,799.07,134.35,57.88,179.66,0.3394,-1,-1,-1
832,4,1721.03,452.89,74.77,212.80,0.7499,-1,-1,-1
832,73,271.85,569.22,80.79,242.66,0.8219,-1,-1,-1
832,80,869.20,942.37,67.04,137.65,0.6851,-1,-1,-1
832,81,1573.34,592.35,101.62,231.65,0.6929,-1,-1,-1
832,87,955.28,562.58,68.34,231.26,0.7728,-1,-1,-1
832,88,1031.17,535.30,86.72,245.27,0.7805,-1,-1,-1
832,92,371.20,273.58,60.88,181.53,0.5159,-1,-1,-1
832,93,435.70,267.67,62.98,183.97,0.6227,-1,-1,-1
832,101,798.12,134.35,61.00,179.44,0.3397,-1,-1,-1
833,4,1720.49,452.87,75.45,213.30,0.7513,-1,-1,-1
833,73,270.65,571.76,81.33,243.97,0.8197,-1,-1,-1
833,80,869.27,943.47,67.32,136.55,0.7041,-1,-1,-1
833,81,1572.45,590.84,102.03,233.21,0.6643,-1,-1,-1
833,87,953.38,560.25,68.64,232.25,0.7714,-1,-1,-1
833,88,1030.69,532.76,85.21,232.01,0.7928,-1,-1,-1
833,92,369.72,271.87,62.08,184.12,0.4356,-1,-1,-1
833,93,435.41,267.43,62.94,187.32,0.6191,-1,-1,-1
833,101,798.35,134.98,60.84,177.95,0.3584,-1,-1,-1
834,4,1719.25,455.28,77.98,210.15,0.7542,-1,-1,-1
834,73,270.01,574.08,81.04,243.62,0.8161,-1,-1,-1
834,80,868.82,943.95,69.52,136.05,0.7142,-1,-1,-1
834,81,1571.84,590.23,103.59,234.00,0.6828,-1,-1,-1
834,87,951.60,554.06,68.96,239.38,0.7566,-1,-1,-1
834,88,1031.43,528.40,82.21,231.50,0.8008,-1,-1,-1
834,92,367.95,272.29,62.50,183.41,0.3894,-1,-1,-1
834,93,435.92,267.90,61.97,190.02,0.5849,-1,-1,-1
834,101,799.33,135.25,61.20,178.34,0.3470,-1,-1,-1
835,4,1719.72,453.13,77.84,214.18,0.7453,-1,-1,-1
835,73,270.07,576.40,79.17,245.15,0.8264,-1,-1,-1
835,80,867.57,943.24,72.09,136.72,0.6990,-1,-1,-1
835,81,1570.57,588.77,104.51,235.25,0.6455,-1,-1,-1
835,87,949.16,552.36,69.37,238.53,0.7588,-1,-1,-1
835,88,1031.19,525.86,79.79,231.53,0.7954,-1,-1,-1
835,92,372.45,279.17,57.57,174.19,0.4340,-1,-1,-1
835,93,438.07,271.15,60.39,189.32,0.6504,-1,-1,-1
835,101,803.68,135.26,56.62,176.72,0.3550,-1,-1,-1
836,4,1718.39,456.28,78.62,210.09,0.7407,-1,-1,-1
836,73,269.23,579.02,79.81,244.77,0.8160,-1,-1,-1
836,80,864.34,942.99,77.82,136.99,0.7306,-1,-1,-1
836,81,1570.46,591.12,104.33,233.40,0.6672,-1,-1,-1
836,87,948.96,549.78,67.83,227.07,0.7773,-1,-1,-1
836,88,1032.59,523.09,75.64,233.53,0.7916,-1,-1,-1
836,92,372.69,279.77,57.17,173.35,0.4681,-1,-1,-1
836,93,439.23,273.77,58.04,189.45,0.6299,-1,-1,-1
836,101,803.95,135.78,56.91,176.24,0.3888,-1,-1,-1
837,4,1720.34,453.94,76.97,213.60,0.7496,-1,-1,-1
837,73,268.38,580.16,79.62,244.16,0.8028,-1,-1,-1
837,80,865.29,943.26,76.80,136.74,0.7275,-1,-1,-1
837,81,1568.94,589.71,107.12,234.90,0.6250,-1,-1,-1
837,87,946.99,547.68,67.86,226.43,0.7744,-1,-1,-1
837,88,1033.17,520.43,72.31,234.26,0.7735,-1,-1,-1
837,92,371.38,279.96,58.36,172.89,0.4106,-1,-1,-1
837,93,440.43,277.72,56.39,187.31,0.6277,-1,-1,-1
837,101,799.98,135.09,63.48,177.93,0.3657,-1,-1,-1
838,4,1718.22,455.97,79.10,207.90,0.7585,-1,-1,-1
838,73,267.82,581.61,79.18,242.15,0.7859,-1,-1,-1
838,80,865.27,943.35,76.93,136.57,0.7208,-1,-1,-1
838,81,1571.25,592.06,104.49,232.06,0.6791,-1,-1,-1
838,87,944.92,545.88,67.05,227.48,0.7841,-1,-1,-1
838,88,1033.79,519.55,70.55,234.87,0.7756,-1,-1,-1
838,92,356.01,276.98,71.90,176.90,0.4528,-1,-1,-1
838,93,435.21,273.12,62.53,193.21,0.6384,-1,-1,-1
838,101,804.30,135.50,58.79,177.30,0.3662,-1,-1,-1
839,4,1719.94,452.59,75.85,212.42,0.7573,-1,-1,-1
839,73,266.24,582.76,80.14,240.22,0.7657,-1,-1,-1
839,80,865.29,942.33,77.54,137.28,0.7165,-1,-1,-1
839,81,1570.45,591.56,105.73,232.27,0.6137,-1,-1,-1
839,87,944.69,543.30,66.48,229.16,0.7773,-1,-1,-1
839,88,1034.45,519.51,69.86,235.00,0.7686,-1,-1,-1
839,92,370.41,280.49,56.80,172.85,0.4415,-1,-1,-1
839,93,436.00,276.53,61.35,191.20,0.6192,-1,-1,-1
839,101,804.34,136.81,60.33,176.34,0.3829,-1,-1,-1
840,4,1720.31,452.80,75.87,212.08,0.7559,-1,-1,-1
840,73,263.67,583.89,81.03,239.16,0.7395,-1,-1,-1
840,80,865.50,943.66,77.51,135.89,0.7148,-1,-1,-1
840,81,1569.81,594.21,106.69,230.32,0.6460,-1,-1,-1
840,87,943.03,541.54,66.52,229.31,0.7689,-1,-1,-1
840,88,1033.86,519.09,69.57,233.71,0.7631,-1,-1,-1
840,92,354.45,275.79,71.86,177.40,0.5059,-1,-1,-1
840,93,434.38,274.21,63.11,193.11,0.6562,-1,-1,-1
840,101,806.38,137.26,58.47,175.38,0.4503,-1,-1,-1
841,4,1719.80,452.23,76.62,212.68,0.7449,-1,-1,-1
841,73,262.79,585.18,82.01,236.99,0.7609,-1,-1,-1
841,80,867.25,943.58,78.35,135.96,0.7294,-1,-1,-1
841,81,1571.31,594.01,105.25,230.71,0.6776,-1,-1,-1
841,87,941.59,540.18,66.56,231.06,0.7721,-1,-1,-1
841,88,1032.21,518.66,69.44,233.28,0.7483,-1,-1,-1
841,92,355.99,275.70,69.57,179.35,0.5058,-1,-1,-1
841,93,437.43,279.02,57.69,190.56,0.6530,-1,-1,-1
841,98,472.90,108.41,61.64,195.91,0.3444,-1,-1,-1
841,101,803.44,136.24,64.18,175.47,0.3898,-1,-1,-1
842,4,1719.44,456.06,77.68,209.30,0.7272,-1,-1,-1
842,73,262.34,585.58,82.63,236.85,0.7748,-1,-1,-1
842,80,866.50,943.48,79.15,136.25,0.7153,-1,-1,-1
842,81,1572.71,594.63,104.23,229.75,0.6518,-1,-1,-1
842,87,939.72,539.50,65.93,232.55,0.7716,-1,-1,-1
842,88,1027.43,517.30,73.02,232.90,0.7373,-1,-1,-1
842,92,369.47,282.63,55.49,173.32,0.5131,-1,-1,-1
842,93,438.08,278.61,57.90,189.68,0.6421,-1,-1,-1
842,101,804.46,136.55,62.53,175.00,0.4144,-1,-1,-1
843,4,1718.57,455.95,79.15,208.55,0.7326,-1,-1,-1
843,73,260.78,586.48,84.13,235.74,0.7887,-1,-1,-1
843,80,866.96,943.71,80.16,135.78,0.7209,-1,-1,-1
843,81,1570.79,593.10,105.44,231.87,0.6284,-1,-1,-1
843,87,938.56,538.87,65.92,232.19,0.7837,-1,-1,-1
843,88,1023.72,517.04,76.06,233.49,0.7527,-1,-1,-1
843,92,367.30,283.34,58.74,175.26,0.5540,-1,-1,-1
843,93,438.16,280.75,58.66,187.62,0.6733,-1,-1,-1
843,98,469.21,110.45,63.96,201.35,0.3011,-1,-1,-1
843,101,806.23,137.19,61.82,174.94,0.3590,-1,-1,-1
844,4,1719.39,453.48,78.19,212.26,0.7412,-1,-1,-1
844,73,261.43,587.56,83.27,235.28,0.7974,-1,-1,-1
844,80,867.37,943.22,79.61,136.37,0.7208,-1,-1,-1
844,81,1571.49,592.32,103.33,232.32,0.6321,-1,-1,-1
844,87,938.04,536.75,65.47,233.71,0.7891,-1,-1,-1
844,88,1021.50,516.75,75.55,231.76,0.7795,-1,-1,-1
844,92,360.07,280.69,65.61,181.55,0.5285,-1,-1,-1
844,93,438.18,281.69,58.65,186.94,0.6716,-1,-1,-1
844,98,469.35,111.53,63.65,200.03,0.3061,-1,-1,-1
844,101,805.88,137.06,62.66,174.55,0.3834,-1,-1,-1
845,4,1717.88,456.53,79.00,207.87,0.7514,-1,-1,-1
845,73,261.22,588.32,83.55,235.59,0.7995,-1,-1,-1
845,80,866.55,943.55,80.66,136.04,0.7120,-1,-1,-1
845,81,1570.55,592.78,103.83,231.47,0.6418,-1,-1,-1
845,87,936.43,536.36,66.76,233.99,0.7750,-1,-1,-1
845,88,1021.67,516.85,72.92,228.94,0.7743,-1,-1,-1
845,92,360.93,282.88,63.87,181.92,0.5546,-1,-1,-1
845,93,438.54,280.86,57.54,188.30,0.6712,-1,-1,-1
845,101,805.34,137.44,63.62,174.30,0.3504,-1,-1,-1
846,4,1718.16,455.87,79.08,208.30,0.7434,-1,-1,-1
846,73,260.90,589.46,84.35,237.05,0.7939,-1,-1,-1
846,80,866.41,944.55,81.06,134.83,0.7197,-1,-1,-1
846,81,1570.01,595.30,104.55,229.16,0.6630,-1,-1,-1
846,87,934.62,535.46,67.11,232.25,0.7835,-1,-1,-1
846,88,1020.26,515.66,74.00,229.12,0.7743,-1,-1,-1
846,92,358.93,284.26,65.87,181.93,0.5688,-1,-1,-1
846,93,438.64,282.09,57.13,186.75,0.6581,-1,-1,-1
846,101,805.87,137.36,63.10,175.07,0.3674,-1,-1,-1
847,4,1717.69,454.00,80.18,210.98,0.7454,-1,-1,-1
847,73,260.82,593.39,84.66,236.51,0.7786,-1,-1,-1
847,80,866.88,944.63,81.90,134.94,0.6938,-1,-1,-1
847,81,1569.83,593.82,104.52,230.12,0.6545,-1,-1,-1
847,87,933.69,534.43,67.00,230.31,0.7623,-1,-1,-1
847,88,1018.90,512.88,72.99,234.06,0.7548,-1,-1,-1
847,92,359.18,288.28,65.42,179.78,0.5599,-1,-1,-1
847,93,439.19,281.35,56.10,186.31,0.6359,-1,-1,-1
847,101,802.16,138.05,69.18,174.69,0.3744,-1,-1,-1
848,4,1717.73,452.81,78.69,211.75,0.7519,-1,-1,-1
848,73,261.92,595.67,83.56,237.98,0.7984,-1,-1,-1
848,80,866.40,944.55,82.17,134.75,0.7062,-1,-1,-1
848,81,1570.34,593.62,104.65,230.05,0.6401,-1,-1,-1
848,87,932.97,532.68,66.39,230.23,0.7651,-1,-1,-1
848,88,1017.50,510.62,71.65,227.42,0.7525,-1,-1,-1
848,92,357.87,288.41,65.50,180.26,0.5680,-1,-1,-1
848,93,437.17,280.35,57.49,188.27,0.6348,-1,-1,-1
848,101,803.83,139.00,68.52,173.31,0.3565,-1,-1,-1
849,4,1717.91,453.54,79.51,211.10,0.7520,-1,-1,-1
849,73,261.80,597.70,84.05,242.60,0.7930,-1,-1,-1
849,80,866.39,945.33,83.02,134.03,0.6869,-1,-1,-1
849,81,1572.94,594.69,102.12,229.83,0.6753,-1,-1,-1
849,87,932.09,530.20,65.42,231.26,0.7692,-1,-1,-1
849,88,1015.45,509.06,68.35,222.29,0.7447,-1,-1,-1
849,92,355.48,294.01,67.97,177.29,0.6082,-1,-1,-1
849,93,436.78,279.49,57.01,189.34,0.6427,-1,-1,-1
849,101,806.55,137.80,64.73,174.14,0.3704,-1,-1,-1
850,4,1718.59,453.33,78.60,213.26,0.7482,-1,-1,-1
850,73,261.93,599.50,84.40,241.53,0.7985,-1,-1,-1
850,80,867.20,945.02,82.56,133.75,0.6974,-1,-1,-1
850,81,1572.67,595.02,103.09,229.31,0.6768,-1,-1,-1
850,87,931.83,527.49,63.64,232.40,0.7859,-1,-1,-1
850,88,1013.48,506.12,67.62,224.47,0.8031,-1,-1,-1
850,92,353.08,296.91,70.48,175.93,0.5993,-1,-1,-1
850,93,437.91,276.67,60.39,196.07,0.6309,-1,-1,-1
850,101,807.37,137.60,64.41,174.38,0.3724,-1,-1,-1
851,4,1717.53,452.72,78.50,210.97,0.7407,-1,-1,-1
851,73,262.10,600.86,84.57,243.07,0.8083,-1,-1,-1
851,80,867.92,945.04,83.58,133.82,0.7021,-1,-1,-1
851,81,1572.37,593.51,103.23,230.74,0.6590,-1,-1,-1
851,87,929.42,525.56,64.82,235.30,0.7966,-1,-1,-1
851,88,1008.44,503.49,70.20,225.34,0.8157,-1,-1,-1
851,92,351.35,298.59,71.35,174.19,0.5639,-1,-1,-1
851,93,438.09,285.16,57.32,190.98,0.6276,-1,-1,-1
851,98,469.18,123.66,62.49,190.11,0.3289,-1,-1,-1
851,101,803.72,138.91,69.22,172.70,0.3804,-1,-1,-1
852,4,1717.41,456.49,79.79,208.43,0.7367,-1,-1,-1
852,73,264.38,603.71,82.99,243.73,0.8042,-1,-1,-1
852,80,868.84,945.13,83.29,133.94,0.7008,-1,-1,-1
852,81,1570.73,593.69,105.30,230.46,0.6423,-1,-1,-1
852,87,928.58,522.43,63.81,217.23,0.7426,-1,-1,-1
852,88,1007.07,501.90,69.47,226.50,0.8067,-1,-1,-1
852,92,349.52,298.62,72.79,175.36,0.5338,-1,-1,-1
852,93,437.60,288.86,55.42,188.44,0.5885,-1,-1,-1
852,98,467.51,124.10,64.17,188.31,0.4052,-1,-1,-1
852,101,808.62,137.87,63.29,173.56,0.3584,-1,-1,-1
853,4,1719.27,453.42,78.46,211.25,0.7236,-1,-1,-1
853,73,264.92,606.32,84.08,243.90,0.8003,-1,-1,-1
853,80,868.71,945.16,83.07,134.16,0.6998,-1,-1,-1
853,81,1570.64,593.17,104.05,231.16,0.6007,-1,-1,-1
853,87,926.74,520.41,66.01,210.35,0.7779,-1,-1,-1
853,88,1002.53,500.49,72.39,227.52,0.8231,-1,-1,-1
853,92,347.38,297.68,73.99,176.98,0.4830,-1,-1,-1
853,93,436.81,291.47,58.33,188.62,0.5942,-1,-1,-1
853,98,464.65,123.68,66.58,193.07,0.4542,-1,-1,-1
853,101,807.26,137.80,64.11,174.81,0.3890,-1,-1,-1
854,4,1717.06,456.95,80.36,207.57,0.7261,-1,-1,-1
854,73,264.74,606.80,84.83,245.84,0.8175,-1,-1,-1
854,80,868.73,944.82,83.74,134.09,0.7023,-1,-1,-1
854,81,1568.32,594.25,107.00,230.06,0.5999,-1,-1,-1
854,87,926.97,518.05,65.61,219.70,0.7967,-1,-1,-1
854,88,997.23,498.81,77.20,229.79,0.8228,-1,-1,-1
854,92,347.49,296.50,72.70,178.10,0.4767,-1,-1,-1
854,93,437.35,289.05,57.49,194.08,0.6084,-1,-1,-1
854,98,462.38,122.19,68.60,197.11,0.4866,-1,-1,-1
854,101,807.38,137.75,64.56,174.71,0.3739,-1,-1,-1
855,4,1717.31,456.66,80.11,207.61,0.7336,-1,-1,-1
855,73,266.75,608.65,83.69,246.07,0.8214,-1,-1,-1
855,80,869.98,944.48,82.65,134.42,0.7195,-1,-1,-1
855,81,1570.49,592.79,104.79,231.45,0.6227,-1,-1,-1
855,87,926.36,515.27,64.88,221.74,0.7904,-1,-1,-1
855,88,997.16,496.83,77.05,231.88,0.7963,-1,-1,-1
855,92,343.67,300.40,75.44,175.05,0.4915,-1,-1,-1
855,93,435.85,290.69,58.86,194.61,0.6364,-1,-1,-1
855,98,465.60,124.18,65.27,197.34,0.5021,-1,-1,-1
855,101,806.89,137.66,65.08,176.14,0.3574,-1,-1,-1
856,4,1717.42,457.17,80.49,209.27,0.7428,-1,-1,-1
856,73,267.29,610.22,83.96,243.24,0.8048,-1,-1,-1
856,80,872.23,944.53,81.34,134.20,0.7284,-1,-1,-1
856,81,1571.50,592.07,104.77,232.52,0.6383,-1,-1,-1
856,87,925.21,512.31,65.40,223.76,0.8040,-1,-1,-1
856,88,995.56,495.46,80.04,233.70,0.8202,-1,-1,-1
856,92,344.48,299.51,73.37,176.97,0.4824,-1,-1,-1
856,93,435.49,292.56,58.38,195.46,0.6013,-1,-1,-1
856,98,467.47,125.31,62.89,195.76,0.4602,-1,-1,-1
856,101,806.92,137.17,64.59,175.54,0.3599,-1,-1,-1
857,4,1718.59,454.88,78.44,212.86,0.7293,-1,-1,-1
857,73,269.10,610.59,82.73,241.56,0.7872,-1,-1,-1
857,80,873.03,943.66,79.99,134.93,0.7172,-1,-1,-1
857,81,1572.09,592.53,104.52,232.10,0.6289,-1,-1,-1
857,87,921.33,511.17,67.07,226.02,0.7819,-1,-1,-1
857,88,995.61,495.09,80.65,234.85,0.8034,-1,-1,-1
857,92,349.76,304.00,66.65,170.15,0.5089,-1,-1,-1
857,93,434.88,294.05,59.46,195.05,0.6069,-1,-1,-1
857,98,468.66,128.32,61.74,196.15,0.4170,-1,-1,-1
857,101,807.74,137.44,63.66,174.59,0.3360,-1,-1,-1
858,4,1716.68,457.57,80.62,208.57,0.7340,-1,-1,-1
858,73,270.25,611.44,82.60,242.24,0.7962,-1,-1,-1
858,80,873.64,943.47,80.13,135.41,0.7255,-1,-1,-1
858,81,1573.24,594.84,102.70,229.73,0.6804,-1,-1,-1
858,87,920.37,510.19,66.73,224.21,0.7668,-1,-1,-1
858,88,991.07,494.38,85.07,235.33,0.7997,-1,-1,-1
858,92,345.87,304.21,72.72,172.86,0.5352,-1,-1,-1
858,93,432.34,293.79,65.63,194.43,0.5712,-1,-1,-1
858,98,468.19,130.45,62.61,195.41,0.3979,-1,-1,-1
858,101,805.82,137.36,65.65,173.52,0.3390,-1,-1,-1
859,4,1715.16,457.56,82.07,209.68,0.7308,-1,-1,-1
859,73,269.39,610.86,84.90,243.75,0.8008,-1,-1,-1
859,80,874.96,943.93,79.41,135.26,0.7379,-1,-1,-1
859,81,1573.05,593.84,103.62,230.73,0.6460,-1,-1,-1
859,87,918.33,507.15,66.66,228.07,0.7696,-1,-1,-1
859,88,992.42,494.75,84.00,234.26,0.7927,-1,-1,-1
859,92,345.89,303.36,73.26,174.04,0.5205,-1,-1,-1
859,93,435.19,299.39,59.82,188.50,0.5971,-1,-1,-1
859,98,470.02,132.70,61.84,194.53,0.3143,-1,-1,-1
859,101,807.42,137.24,63.89,173.80,0.3454,-1,-1,-1
859,104,1405.10,1019.08,64.94,60.05,0.4431,-1,-1,-1
859,105,1078.91,-0.00,55.96,122.47,0.3132,-1,-1,-1
860,4,1715.67,456.20,81.26,210.05,0.7424,-1,-1,-1
860,73,269.96,611.58,84.95,241.77,0.8106,-1,-1,-1
860,80,875.52,942.32,79.53,137.16,0.7249,-1,-1,-1
860,81,1572.48,593.33,104.59,230.65,0.6052,-1,-1,-1
860,87,916.61,505.61,66.82,229.26,0.7682,-1,-1,-1
860,88,988.97,493.91,87.41,234.87,0.7726,-1,-1,-1
860,92,345.96,300.89,73.16,178.16,0.5333,-1,-1,-1
860,93,434.19,300.42,59.40,188.54,0.6099,-1,-1,-1
860,98,468.65,132.82,63.66,195.02,0.4127,-1,-1,-1
860,101,806.03,137.67,65.23,172.75,0.3372,-1,-1,-1
860,104,1403.13,1017.13,69.45,62.77,0.5021,-1,-1,-1
860,105,1080.28,-0.02,56.16,122.59,0.3297,-1,-1,-1
861,4,1714.99,456.33,82.52,209.66,0.7502,-1,-1,-1
861,73,269.99,612.93,86.09,240.58,0.8141,-1,-1,-1
861,80,876.69,943.01,80.15,137.00,0.7457,-1,-1,-1
861,81,1571.99,598.55,103.08,225.91,0.6541,-1,-1,-1
861,87,915.27,503.20,66.37,232.41,0.7792,-1,-1,-1
861,88,988.73,492.93,87.87,234.50,0.7825,-1,-1,-1
861,92,348.49,302.22,66.79,178.51,0.5316,-1,-1,-1
861,93,431.15,299.84,64.45,188.33,0.5885,-1,-1,-1
861,98,469.18,132.46,63.79,195.81,0.4183,-1,-1,-1
861,101,806.12,137.61,64.84,173.13,0.3155,-1,-1,-1
861,104,1399.78,1015.03,75.33,64.95,0.5852,-1,-1,-1
862,4,1716.00,456.63,81.91,210.49,0.7354,-1,-1,-1
862,73,269.99,612.63,85.32,240.20,0.8133,-1,-1,-1
862,80,877.96,943.83,78.55,136.19,0.7283,-1,-1,-1
862,81,1571.68,596.89,104.78,226.88,0.6380,-1,-1,-1
862,87,914.82,502.23,65.87,233.93,0.7651,-1,-1,-1
862,88,989.02,491.20,84.55,234.19,0.7788,-1,-1,-1
862,92,348.40,303.28,67.01,181.02,0.4917,-1,-1,-1
862,93,433.64,299.26,59.53,187.26,0.5818,-1,-1,-1
862,98,470.86,132.87,64.26,196.30,0.4270,-1,-1,-1
862,101,807.31,137.45,63.23,174.27,0.3178,-1,-1,-1
862,104,1392.80,1012.41,81.42,67.56,0.6171,-1,-1,-1
862,105,1081.91,-0.05,57.88,123.63,0.3267,-1,-1,-1
863,4,1716.43,456.49,81.27,210.35,0.7412,-1,-1,-1
863,73,270.23,613.42,85.77,240.75,0.8160,-1,-1,-1
863,80,879.81,942.46,77.99,137.12,0.7321,-1,-1,-1
863,81,1571.56,594.39,104.92,229.24,0.6396,-1,-1,-1
863,87,913.15,501.26,66.08,232.58,0.7730,-1,-1,-1
863,88,989.54,489.01,84.77,235.09,0.7992,-1,-1,-1
863,92,346.77,308.03,68.30,180.34,0.5692,-1,-1,-1
863,93,432.76,301.06,60.38,187.35,0.5948,-1,-1,-1
863,98,471.54,134.02,65.55,193.25,0.3790,-1,-1,-1
863,104,1390.21,1009.31,82.39,70.64,0.6324,-1,-1,-1
863,105,1083.08,-0.10,57.34,124.13,0.3441,-1,-1,-1
864,4,1716.28,457.32,82.25,209.81,0.7389,-1,-1,-1
864,73,271.04,614.93,85.53,239.84,0.8133,-1,-1,-1
864,80,880.86,942.43,78.37,137.05,0.7422,-1,-1,-1
864,81,1572.70,594.15,104.33,229.50,0.6338,-1,-1,-1
864,87,912.98,500.69,65.46,232.16,0.7635,-1,-1,-1
864,88,986.32,486.04,84.66,236.27,0.8030,-1,-1,-1
864,92,346.80,309.82,67.16,178.77,0.5451,-1,-1,-1
864,93,432.55,302.45,61.93,187.05,0.5664,-1,-1,-1
864,98,472.55,136.69,64.75,188.98,0.3038,-1,-1,-1
864,104,1387.16,1004.99,84.99,74.92,0.6629,-1,-1,-1
864,105,1084.08,-0.22,57.23,126.73,0.3951,-1,-1,-1
865,4,1717.35,456.60,80.88,208.15,0.7301,-1,-1,-1
865,73,272.92,618.01,83.98,244.66,0.8342,-1,-1,-1
865,80,882.23,942.73,78.74,137.27,0.7300,-1,-1,-1
865,81,1571.83,594.14,105.14,229.82,0.6471,-1,-1,-1
865,87,911.17,499.01,65.46,228.12,0.7620,-1,-1,-1
865,88,986.24,483.97,83.58,235.74,0.7994,-1,-1,-1
865,92,346.74,312.44,69.98,178.84,0.5938,-1,-1,-1
865,93,432.24,302.87,62.67,186.99,0.5807,-1,-1,-1
865,104,1384.66,1001.18,88.92,78.76,0.6825,-1,-1,-1
865,105,1084.84,0.74,57.52,127.87,0.3846,-1,-1,-1
866,4,1718.32,456.98,79.89,208.97,0.7195,-1,-1,-1
866,73,273.64,620.03,83.58,248.44,0.8294,-1,-1,-1
866,80,883.44,942.64,80.03,137.36,0.7354,-1,-1,-1
866,81,1572.21,594.32,104.99,229.23,0.6126,-1,-1,-1
866,87,909.51,497.43,66.45,226.25,0.7879,-1,-1,-1
866,88,985.02,481.25,83.69,233.76,0.7924,-1,-1,-1
866,92,344.86,313.86,71.87,177.78,0.5720,-1,-1,-1
866,93,432.37,303.83,62.68,186.28,0.5394,-1,-1,-1
866,98,471.74,138.34,64.31,185.96,0.3209,-1,-1,-1
866,101,805.14,137.49,65.05,172.40,0.3059,-1,-1,-1
866,104,1382.14,997.81,91.23,82.17,0.6804,-1,-1,-1
866,105,1085.86,0.65,57.21,131.11,0.3089,-1,-1,-1
867,4,1718.22,456.94,80.10,210.17,0.7130,-1,-1,-1
867,73,273.95,620.84,84.12,251.14,0.8261,-1,-1,-1
867,80,886.41,941.75,78.79,138.23,0.7371,-1,-1,-1
867,81,1572.55,592.93,104.33,230.67,0.6158,-1,-1,-1
867,87,906.65,496.33,68.62,221.10,0.7791,-1,-1,-1
867,88,984.60,477.95,82.48,228.62,0.7732,-1,-1,-1
867,92,345.14,318.51,69.91,174.82,0.5582,-1,-1,-1
867,93,432.71,300.57,59.33,190.65,0.5465,-1,-1,-1
867,98,471.80,137.72,62.61,185.73,0.3146,-1,-1,-1
867,101,804.78,137.40,64.25,172.37,0.3255,-1,-1,-1
867,104,1381.20,993.73,92.33,86.21,0.6755,-1,-1,-1
867,105,1086.14,0.12,57.17,133.41,0.3158,-1,-1,-1
868,4,1718.32,456.81,78.94,208.95,0.7020,-1,-1,-1
868,73,272.71,622.12,85.93,253.31,0.8356,-1,-1,-1
868,80,888.64,941.43,78.66,138.56,0.7426,-1,-1,-1
868,81,1573.71,592.43,102.24,230.82,0.6526,-1,-1,-1
868,87,904.41,494.76,69.52,218.43,0.7652,-1,-1,-1
868,88,987.11,475.39,77.39,221.75,0.7793,-1,-1,-1
868,92,344.98,318.01,69.37,174.88,0.5313,-1,-1,-1
868,93,433.15,300.52,57.71,196.82,0.5583,-1,-1,-1
868,104,1380.16,987.79,93.15,92.07,0.6574,-1,-1,-1
868,105,1087.46,-0.02,53.91,135.18,0.3574,-1,-1,-1
869,4,1718.28,457.35,80.07,208.72,0.7088,-1,-1,-1
869,73,273.41,625.22,85.77,248.76,0.8312,-1,-1,-1
869,80,892.72,940.85,77.51,139.14,0.7291,-1,-1,-1
869,81,1573.14,594.34,103.60,229.28,0.6356,-1,-1,-1
869,87,903.06,492.50,70.91,213.07,0.7704,-1,-1,-1
869,88,988.18,473.12,74.33,224.07,0.7588,-1,-1,-1
869,92,347.01,314.59,67.91,177.45,0.4887,-1,-1,-1
869,93,432.12,302.02,61.00,199.05,0.4980,-1,-1,-1
869,104,1380.24,984.33,92.41,95.66,0.6839,-1,-1,-1
869,105,1087.60,0.56,53.69,134.73,0.3376,-1,-1,-1
870,4,1717.81,457.97,80.44,205.88,0.7184,-1,-1,-1
870,73,273.98,627.99,85.79,251.33,0.8334,-1,-1,-1
870,80,894.59,940.74,76.51,139.26,0.7350,-1,-1,-1
870,81,1574.26,594.81,102.20,229.13,0.6507,-1,-1,-1
870,87,901.36,491.01,70.26,215.30,0.7288,-1,-1,-1
870,88,989.83,472.37,69.77,223.39,0.7479,-1,-1,-1
870,92,358.67,318.41,58.34,172.17,0.5095,-1,-1,-1
870,93,434.59,315.11,56.66,191.57,0.5620,-1,-1,-1
870,104,1379.75,982.83,92.57,97.23,0.7184,-1,-1,-1
870,105,1087.71,0.31,52.36,135.05,0.3204,-1,-1,-1
871,4,1717.48,457.51,80.69,208.40,0.7024,-1,-1,-1
871,73,275.42,630.66,85.55,254.51,0.8329,-1,-1,-1
871,80,897.01,941.77,75.03,138.26,0.7383,-1,-1,-1
871,81,1573.67,594.71,102.13,229.88,0.6152,-1,-1,-1
871,87,899.82,488.42,70.44,215.84,0.7345,-1,-1,-1
871,88,989.74,469.78,67.90,225.61,0.7531,-1,-1,-1
871,92,356.03,315.86,58.78,176.00,0.4938,-1,-1,-1
871,93,435.07,315.80,55.20,190.42,0.5787,-1,-1,-1
871,104,1377.88,980.00,93.61,100.01,0.7134,-1,-1,-1
871,105,1087.89,0.45,51.63,134.61,0.3006,-1,-1,-1
872,4,1717.13,458.07,80.93,208.33,0.7101,-1,-1,-1
872,73,277.52,633.06,82.62,255.12,0.8345,-1,-1,-1
872,80,898.07,941.61,76.42,138.39,0.7319,-1,-1,-1
872,81,1571.32,595.90,104.61,228.52,0.6097,-1,-1,-1
872,87,898.35,487.58,70.87,217.43,0.7402,-1,-1,-1
872,88,988.85,468.59,67.44,226.67,0.7477,-1,-1,-1
872,92,355.85,313.32,58.15,179.30,0.4973,-1,-1,-1
872,93,434.38,317.78,54.83,191.62,0.5833,-1,-1,-1
872,104,1375.46,976.65,95.99,103.34,0.7117,-1,-1,-1
872,105,1087.32,0.06,52.43,136.98,0.3737,-1,-1,-1
872,106,416.88,158.42,50.14,161.82,0.3157,-1,-1,-1
873,4,1717.04,458.15,80.65,207.86,0.7080,-1,-1,-1
873,73,276.98,633.94,83.95,255.21,0.8348,-1,-1,-1
873,80,900.33,941.59,76.43,138.41,0.7335,-1,-1,-1
873,81,1570.92,596.24,105.29,227.86,0.5866,-1,-1,-1
873,87,898.40,486.81,70.35,220.61,0.7343,-1,-1,-1
873,88,989.55,468.20,66.23,225.16,0.7412,-1,-1,-1
873,92,355.70,314.53,58.35,177.54,0.5168,-1,-1,-1
873,93,433.51,316.54,57.96,193.94,0.6029,-1,-1,-1
873,104,1373.21,975.11,96.74,104.95,0.7210,-1,-1,-1
873,105,1087.34,0.90,53.15,141.34,0.3505,-1,-1,-1
873,106,415.40,159.11,49.64,162.62,0.3099,-1,-1,-1
874,4,1718.59,458.37,79.33,208.14,0.6924,-1,-1,-1
874,73,277.10,634.93,85.63,254.50,0.8304,-1,-1,-1
874,80,900.17,940.87,77.33,139.12,0.7366,-1,-1,-1
874,81,1572.57,597.27,104.30,226.98,0.6298,-1,-1,-1
874,87,898.32,483.93,69.58,222.08,0.7175,-1,-1,-1
874,88,989.86,467.88,66.14,225.04,0.7300,-1,-1,-1
874,92,355.07,315.29,56.84,177.64,0.5340,-1,-1,-1
874,93,431.55,313.37,59.68,196.67,0.6155,-1,-1,-1
874,104,1371.34,974.55,97.20,105.53,0.7276,-1,-1,-1
874,105,1087.11,1.15,55.17,141.50,0.3402,-1,-1,-1
874,107,1405.09,11.07,60.67,152.43,0.3252,-1,-1,-1
875,4,1717.87,458.43,79.47,206.99,0.6881,-1,-1,-1
875,73,279.85,635.29,83.02,253.00,0.8215,-1,-1,-1
875,80,902.25,940.04,76.35,139.94,0.7270,-1,-1,-1
875,81,1572.73,597.28,103.96,226.36,0.6244,-1,-1,-1
875,87,896.26,483.16,69.31,221.10,0.7285,-1,-1,-1
875,88,990.06,467.51,65.64,225.40,0.7283,-1,-1,-1
875,92,354.72,318.63,58.63,175.04,0.5192,-1,-1,-1
875,93,431.69,312.11,60.22,198.53,0.5709,-1,-1,-1
875,104,1370.33,972.63,96.45,107.40,0.7072,-1,-1,-1
875,107,1406.07,9.87,60.74,153.67,0.3095,-1,-1,-1
876,4,1718.88,457.84,79.02,207.73,0.6895,-1,-1,-1
876,73,279.87,635.86,85.13,253.39,0.8137,-1,-1,-1
876,80,901.72,940.03,78.96,139.98,0.7458,-1,-1,-1
876,81,1573.18,598.50,102.02,225.33,0.6197,-1,-1,-1
876,87,896.10,482.84,68.32,223.04,0.7299,-1,-1,-1
876,88,989.26,467.74,65.53,226.52,0.7277,-1,-1,-1
876,92,352.96,319.50,62.32,175.92,0.4857,-1,-1,-1
876,93,431.90,313.62,59.95,196.26,0.5743,-1,-1,-1
876,104,1367.59,971.40,97.25,108.65,0.7048,-1,-1,-1
876,105,1086.86,0.23,57.54,146.45,0.3061,-1,-1,-1
876,106,413.57,160.86,46.44,162.75,0.3113,-1,-1,-1
877,4,1718.53,458.00,79.58,207.67,0.6722,-1,-1,-1
877,73,281.41,637.36,82.25,252.56,0.7987,-1,-1,-1
877,80,902.60,939.26,78.32,140.72,0.7298,-1,-1,-1
877,81,1573.28,597.48,103.18,226.47,0.6011,-1,-1,-1
877,87,895.82,482.86,68.65,223.46,0.7212,-1,-1,-1
877,88,987.00,466.43,67.21,227.41,0.7179,-1,-1,-1
877,92,353.59,321.69,60.32,177.95,0.5164,-1,-1,-1
877,93,430.88,314.04,61.70,195.20,0.5503,-1,-1,-1
877,104,1365.50,968.68,98.22,111.31,0.6993,-1,-1,-1
877,105,1086.36,-0.04,58.90,148.79,0.3408,-1,-1,-1
878,4,1719.45,457.44,77.97,207.55,0.6348,-1,-1,-1
878,73,282.54,638.84,84.75,251.28,0.7850,-1,-1,-1
878,80,903.60,939.22,80.14,140.79,0.7349,-1,-1,-1
878,81,1574.04,597.02,102.13,227.38,0.5762,-1,-1,-1
878,87,895.51,480.79,67.32,224.43,0.7169,-1,-1,-1
878,88,987.08,465.27,66.06,226.77,0.7103,-1,-1,-1
878,92,355.45,321.69,58.01,182.19,0.4853,-1,-1,-1
878,93,429.50,316.71,61.51,193.70,0.5511,-1,-1,-1
878,104,1361.47,966.37,101.93,113.64,0.7178,-1,-1,-1
878,105,1085.64,0.08,60.51,149.58,0.4427,-1,-1,-1
878,108,1775.18,684.18,62.96,221.30,0.3673,-1,-1,-1
879,4,1719.32,457.04,78.37,208.15,0.6268,-1,-1,-1
879,73,283.13,640.36,85.81,249.82,0.7807,-1,-1,-1
879,80,903.15,939.00,80.86,141.00,0.7361,-1,-1,-1
879,81,1573.80,599.66,100.92,225.24,0.5909,-1,-1,-1
879,87,894.76,480.84,66.52,223.25,0.7189,-1,-1,-1
879,88,984.44,464.66,67.16,226.42,0.6852,-1,-1,-1
879,92,352.40,323.34,61.35,183.41,0.4128,-1,-1,-1
879,93,428.99,313.39,61.61,197.07,0.5044,-1,-1,-1
879,104,1361.76,963.71,100.73,116.29,0.7321,-1,-1,-1
879,105,1085.96,-0.11,60.46,152.35,0.4383,-1,-1,-1
879,108,1771.90,682.31,66.09,248.77,0.3979,-1,-1,-1
880,4,1720.22,457.33,77.09,207.88,0.6361,-1,-1,-1
880,73,284.53,641.26,83.41,249.10,0.7549,-1,-1,-1
880,80,904.83,937.90,79.74,142.07,0.7403,-1,-1,-1
880,81,1574.42,596.85,100.87,226.83,0.6107,-1,-1,-1
880,87,894.49,478.37,66.82,223.27,0.6963,-1,-1,-1
880,88,983.71,462.45,67.06,225.31,0.6941,-1,-1,-1
880,92,337.84,323.32,76.90,185.09,0.4249,-1,-1,-1
880,93,427.95,318.76,62.86,190.32,0.5745,-1,-1,-1
880,104,1362.14,960.11,100.17,119.85,0.7308,-1,-1,-1
880,105,1086.15,-0.08,61.26,154.23,0.3934,-1,-1,-1
880,108,1768.40,680.14,67.65,261.11,0.4023,-1,-1,-1
881,4,1719.64,457.58,78.58,208.07,0.6278,-1,-1,-1
881,73,284.88,642.29,85.63,248.10,0.7754,-1,-1,-1
881,80,904.59,937.73,80.88,142.28,0.7478,-1,-1,-1
881,81,1573.18,598.80,102.81,225.66,0.5643,-1,-1,-1
881,87,894.54,476.92,65.81,220.89,0.6613,-1,-1,-1
881,88,982.32,459.69,65.58,223.64,0.7034,-1,-1,-1
881,92,338.12,324.94,74.62,187.59,0.4006,-1,-1,-1
881,93,428.44,320.43,60.95,188.58,0.5264,-1,-1,-1
881,104,1360.67,956.94,99.29,123.04,0.7436,-1,-1,-1
881,105,1087.91,-0.04,59.48,155.87,0.3398,-1,-1,-1
881,108,1766.71,679.91,71.27,259.23,0.3957,-1,-1,-1
882,4,1720.68,457.89,76.42,208.19,0.6414,-1,-1,-1
882,73,285.40,643.60,86.19,246.93,0.7641,-1,-1,-1
882,80,904.93,937.20,81.77,142.79,0.7535,-1,-1,-1
882,81,1574.91,597.36,100.54,226.88,0.6030,-1,-1,-1
882,87,894.17,474.43,64.97,225.98,0.6657,-1,-1,-1
882,88,980.48,456.24,65.37,221.86,0.6953,-1,-1,-1
882,92,337.78,328.72,74.04,184.80,0.3440,-1,-1,-1
882,93,428.87,321.18,60.39,187.36,0.5302,-1,-1,-1
882,101,807.64,137.87,56.79,175.34,0.3035,-1,-1,-1
882,104,1359.34,952.01,98.83,127.92,0.7454,-1,-1,-1
882,108,1763.28,680.18,72.43,253.23,0.4362,-1,-1,-1
883,4,1721.64,457.86,76.12,207.73,0.6435,-1,-1,-1
883,73,285.98,645.19,87.19,245.73,0.7838,-1,-1,-1
883,80,904.45,937.06,81.73,142.94,0.7434,-1,-1,-1
883,81,1575.26,596.78,98.86,227.41,0.5788,-1,-1,-1
883,87,893.24,470.00,64.15,207.90,0.6735,-1,-1,-1
883,88,978.86,454.15,66.57,218.62,0.7288,-1,-1,-1
883,92,336.06,331.51,75.81,182.51,0.4039,-1,-1,-1
883,93,427.00,319.79,62.06,188.14,0.5487,-1,-1,-1
883,104,1358.61,948.62,97.67,130.61,0.7890,-1,-1,-1
883,108,1762.71,682.39,73.91,245.35,0.4763,-1,-1,-1
884,4,1722.36,457.70,74.87,207.81,0.6224,-1,-1,-1
884,73,287.01,648.44,85.95,243.65,0.7818,-1,-1,-1
884,80,905.79,938.19,81.65,141.85,0.7342,-1,-1,-1
884,81,1576.22,598.17,98.38,226.35,0.5566,-1,-1,-1
884,87,892.33,467.23,62.34,218.70,0.6513,-1,-1,-1
884,88,976.05,451.69,67.44,219.46,0.6875,-1,-1,-1
884,92,332.93,334.68,77.90,179.64,0.3963,-1,-1,-1
884,93,427.97,319.65,59.84,191.17,0.5487,-1,-1,-1
884,104,1356.97,943.40,95.91,135.36,0.7979,-1,-1,-1
884,108,1761.66,682.80,73.33,228.49,0.5456,-1,-1,-1
885,4,1722.07,457.81,75.54,207.08,0.6053,-1,-1,-1
885,73,287.11,649.96,85.67,244.56,0.7681,-1,-1,-1
885,80,907.18,937.41,80.64,142.58,0.7217,-1,-1,-1
885,81,1574.73,599.55,99.65,224.95,0.5470,-1,-1,-1
885,87,892.02,464.64,62.24,220.90,0.6925,-1,-1,-1
885,88,974.06,449.19,68.96,219.80,0.7027,-1,-1,-1
885,92,336.67,332.43,74.48,181.59,0.3670,-1,-1,-1
885,93,427.73,319.38,60.42,196.32,0.5350,-1,-1,-1
885,104,1357.30,939.16,93.93,140.80,0.8062,-1,-1,-1
885,108,1759.26,684.09,76.07,221.47,0.5178,-1,-1,-1
886,4,1721.64,457.51,75.20,207.59,0.6142,-1,-1,-1
886,73,288.35,652.22,84.43,246.48,0.7482,-1,-1,-1
886,80,906.63,936.74,81.59,143.24,0.7281,-1,-1,-1
886,81,1575.31,598.23,100.84,226.35,0.5651,-1,-1,-1
886,87,891.47,460.78,62.59,220.17,0.6868,-1,-1,-1
886,88,970.35,446.20,71.91,222.67,0.7011,-1,-1,-1
886,92,332.72,335.55,78.62,178.57,0.3752,-1,-1,-1
886,93,427.59,320.60,59.10,198.16,0.4821,-1,-1,-1
886,104,1356.21,935.17,92.68,144.47,0.8075,-1,-1,-1
886,108,1757.93,684.94,79.04,224.44,0.4771,-1,-1,-1
887,4,1721.74,457.02,75.24,207.92,0.6175,-1,-1,-1
887,73,288.68,654.25,83.54,246.95,0.7588,-1,-1,-1
887,80,908.23,937.33,80.99,142.69,0.7179,-1,-1,-1
887,81,1575.04,599.69,100.32,224.74,0.5510,-1,-1,-1
887,87,890.78,462.15,62.94,214.39,0.7270,-1,-1,-1
887,88,970.26,444.82,72.07,224.16,0.7183,-1,-1,-1
887,92,329.66,337.19,80.07,176.49,0.3580,-1,-1,-1
887,93,426.38,323.47,61.71,199.47,0.4812,-1,-1,-1
887,104,1353.94,931.18,95.39,146.53,0.7671,-1,-1,-1
887,108,1758.35,684.60,75.50,223.00,0.5121,-1,-1,-1
888,4,1720.69,458.26,76.46,206.65,0.6288,-1,-1,-1
888,73,290.11,655.84,82.12,248.49,0.7446,-1,-1,-1
888,80,908.68,937.05,80.16,142.95,0.7097,-1,-1,-1
888,81,1575.54,599.24,100.86,225.75,0.5524,-1,-1,-1
888,87,890.85,457.98,63.14,221.22,0.7330,-1,-1,-1
888,88,969.02,444.35,74.05,223.08,0.7354,-1,-1,-1
888,92,329.63,338.43,78.81,175.19,0.4270,-1,-1,-1
888,93,427.06,326.16,61.13,199.80,0.5072,-1,-1,-1
888,98,470.16,160.26,68.75,199.96,0.3336,-1,-1,-1
888,104,1354.12,930.26,93.51,149.74,0.7714,-1,-1,-1
888,108,1756.46,685.53,77.40,223.78,0.5527,-1,-1,-1
889,4,1720.44,456.88,77.41,208.28,0.6432,-1,-1,-1
889,73,291.89,658.91,80.13,247.32,0.7296,-1,-1,-1
889,80,909.68,937.57,80.37,142.45,0.7265,-1,-1,-1
889,81,1575.55,599.67,98.65,224.75,0.5393,-1,-1,-1
889,87,890.69,456.54,62.81,222.23,0.7350,-1,-1,-1
889,88,968.17,443.89,75.80,224.49,0.7417,-1,-1,-1
889,92,330.97,339.97,76.77,173.13,0.4198,-1,-1,-1
889,93,427.37,324.41,60.49,199.85,0.5059,-1,-1,-1
889,98,467.91,162.23,70.27,199.13,0.3031,-1,-1,-1
889,104,1349.95,926.05,97.80,153.48,0.7714,-1,-1,-1
889,105,1101.44,0.77,59.26,160.60,0.3401,-1,-1,-1
889,108,1757.50,683.84,76.62,229.29,0.5112,-1,-1,-1
890,4,1720.04,456.43,78.32,209.82,0.6655,-1,-1,-1
890,73,291.63,659.75,80.72,251.01,0.7117,-1,-1,-1
890,80,911.59,937.31,78.06,142.68,0.7379,-1,-1,-1
890,81,1575.05,599.85,99.38,224.99,0.5304,-1,-1,-1
890,87,890.12,457.26,62.38,218.89,0.7161,-1,-1,-1
890,88,965.81,443.51,77.16,224.84,0.7268,-1,-1,-1
890,92,333.66,341.58,72.19,171.10,0.4888,-1,-1,-1
890,93,423.55,329.11,62.77,201.13,0.5099,-1,-1,-1
890,98,466.04,162.93,72.36,199.12,0.3463,-1,-1,-1
890,104,1346.50,925.45,99.25,154.61,0.7561,-1,-1,-1
890,105,1101.59,4.58,60.35,156.54,0.3591,-1,-1,-1
890,108,1755.60,683.21,77.83,236.10,0.4963,-1,-1,-1
891,4,1721.46,456.97,75.69,209.03,0.6456,-1,-1,-1
891,73,293.78,662.18,79.09,252.53,0.7007,-1,-1,-1
891,80,910.74,937.81,79.02,142.21,0.7346,-1,-1,-1
891,81,1576.14,597.29,99.04,227.26,0.5408,-1,-1,-1
891,87,889.36,455.35,62.37,218.97,0.7333,-1,-1,-1
891,88,963.22,443.60,81.78,225.95,0.7229,-1,-1,-1
891,92,338.26,340.48,66.56,173.36,0.4813,-1,-1,-1
891,93,422.71,329.60,63.32,201.27,0.5167,-1,-1,-1
891,98,469.73,165.38,68.69,195.81,0.3702,-1,-1,-1
891,104,1345.51,926.19,99.51,153.88,0.7916,-1,-1,-1
891,105,1102.86,5.39,60.16,156.48,0.3882,-1,-1,-1
891,108,1753.94,683.05,79.40,236.71,0.5379,-1,-1,-1
892,4,1720.87,456.51,76.91,209.18,0.6454,-1,-1,-1
892,73,295.08,664.24,78.58,253.53,0.7617,-1,-1,-1
892,80,911.22,937.73,78.00,142.28,0.7292,-1,-1,-1
892,81,1573.73,596.21,100.86,228.44,0.5353,-1,-1,-1
892,87,887.99,456.51,62.69,219.85,0.6965,-1,-1,-1
892,88,961.92,443.76,83.69,226.71,0.7299,-1,-1,-1
892,92,338.55,341.99,65.30,172.24,0.5024,-1,-1,-1
892,93,421.13,331.55,64.71,199.96,0.5441,-1,-1,-1
892,98,469.10,165.62,69.65,197.26,0.4123,-1,-1,-1
892,104,1341.61,924.37,103.97,155.65,0.7788,-1,-1,-1
892,105,1104.73,7.23,58.58,156.10,0.4667,-1,-1,-1
892,108,1753.61,682.18,79.54,235.13,0.5392,-1,-1,-1
893,4,1721.66,457.09,76.22,208.62,0.6377,-1,-1,-1
893,73,297.43,664.28,77.95,255.44,0.7769,-1,-1,-1
893,80,912.68,937.95,77.40,142.06,0.7336,-1,-1,-1
893,81,1574.89,595.34,100.00,229.02,0.5345,-1,-1,-1
893,87,885.57,455.68,63.30,219.31,0.7197,-1,-1,-1
893,88,961.65,442.08,83.76,226.84,0.7440,-1,-1,-1
893,92,339.24,345.13,66.19,171.21,0.5255,-1,-1,-1
893,93,421.98,333.54,64.52,197.09,0.5463,-1,-1,-1
893,98,477.85,171.46,60.87,190.99,0.4136,-1,-1,-1
893,104,1337.98,921.03,106.50,158.95,0.7805,-1,-1,-1
893,105,1104.58,8.35,59.52,156.40,0.3933,-1,-1,-1
893,108,1752.61,681.92,81.34,237.62,0.5605,-1,-1,-1
894,4,1720.23,457.29,77.61,208.23,0.6375,-1,-1,-1
894,73,297.41,666.62,79.09,254.72,0.7547,-1,-1,-1
894,80,913.16,937.96,75.93,142.04,0.7382,-1,-1,-1
894,81,1573.66,593.14,101.28,231.76,0.5018,-1,-1,-1
894,87,885.81,455.72,62.29,218.62,0.6967,-1,-1,-1
894,88,961.62,441.28,84.41,226.79,0.7480,-1,-1,-1
894,92,340.89,345.50,65.10,172.91,0.4431,-1,-1,-1
894,93,420.63,333.24,65.51,198.14,0.5132,-1,-1,-1
894,98,471.10,169.32,68.29,192.05,0.4283,-1,-1,-1
894,104,1334.69,917.38,106.38,162.60,0.7874,-1,-1,-1
894,108,1751.73,680.50,82.77,242.43,0.5685,-1,-1,-1
895,4,1720.12,456.77,77.33,208.73,0.6305,-1,-1,-1
895,73,298.01,667.99,79.79,252.98,0.7253,-1,-1,-1
895,80,913.27,938.33,76.70,141.68,0.7412,-1,-1,-1
895,81,1573.02,596.07,101.58,228.87,0.5244,-1,-1,-1
895,87,883.60,455.42,62.23,218.78,0.7144,-1,-1,-1
895,88,962.30,441.01,84.20,225.85,0.7438,-1,-1,-1
895,92,340.39,346.09,63.87,178.68,0.4960,-1,-1,-1
895,93,420.08,333.33,65.06,197.91,0.5181,-1,-1,-1
895,98,475.28,170.79,64.85,191.35,0.4867,-1,-1,-1
895,104,1331.87,917.19,106.23,162.86,0.7864,-1,-1,-1
895,105,1106.27,13.19,59.18,154.34,0.3731,-1,-1,-1
895,108,1751.11,681.53,82.96,238.58,0.5805,-1,-1,-1
896,4,1719.64,457.27,77.58,208.57,0.6306,-1,-1,-1
896,73,298.64,667.99,81.77,252.01,0.7383,-1,-1,-1
896,80,913.28,938.66,75.33,141.35,0.7136,-1,-1,-1
896,81,1572.92,597.75,101.48,227.09,0.5775,-1,-1,-1
896,87,884.81,455.59,60.33,216.02,0.6944,-1,-1,-1
896,88,962.04,438.73,84.31,226.44,0.7393,-1,-1,-1
896,92,339.89,346.70,64.27,178.93,0.5129,-1,-1,-1
896,93,420.30,333.60,64.69,197.56,0.5071,-1,-1,-1
896,98,474.44,170.14,66.53,191.53,0.4867,-1,-1,-1
896,104,1332.53,913.46,101.97,166.52,0.7729,-1,-1,-1
896,105,1107.55,15.59,58.55,152.34,0.4135,-1,-1,-1
896,108,1749.98,682.06,84.17,238.82,0.5837,-1,-1,-1
897,4,1719.83,457.08,77.53,207.64,0.6416,-1,-1,-1
897,73,297.75,668.66,86.03,253.33,0.7479,-1,-1,-1
897,80,913.07,939.06,76.08,140.95,0.7347,-1,-1,-1
897,81,1573.38,598.62,100.84,226.12,0.5726,-1,-1,-1
897,87,882.58,452.06,62.44,219.47,0.7087,-1,-1,-1
897,88,963.26,435.95,82.07,227.29,0.7405,-1,-1,-1
897,92,339.78,349.16,65.57,180.37,0.4858,-1,-1,-1
897,93,419.60,335.05,65.79,195.03,0.4863,-1,-1,-1
897,98,469.97,170.43,70.15,192.55,0.4455,-1,-1,-1
897,104,1331.20,908.30,100.37,171.65,0.7778,-1,-1,-1
897,105,1108.06,16.36,57.76,153.21,0.3378,-1,-1,-1
897,108,1750.38,680.46,82.15,238.72,0.5729,-1,-1,-1
898,4,1720.17,457.08,76.92,208.54,0.6436,-1,-1,-1
898,73,297.20,669.92,90.41,251.47,0.7628,-1,-1,-1
898,80,911.52,939.99,75.68,139.94,0.7345,-1,-1,-1
898,81,1574.38,597.09,101.73,227.08,0.5845,-1,-1,-1
898,87,881.21,450.42,62.40,218.68,0.6759,-1,-1,-1
898,88,962.77,433.69,81.08,225.79,0.7273,-1,-1,-1
898,92,339.78,354.53,62.85,179.60,0.4901,-1,-1,-1
898,93,418.58,334.55,65.45,194.64,0.5058,-1,-1,-1
898,98,468.63,171.62,73.60,190.61,0.4351,-1,-1,-1
898,104,1328.98,903.70,99.02,176.27,0.7874,-1,-1,-1
898,105,1108.75,17.20,55.55,152.34,0.3030,-1,-1,-1
898,108,1751.28,680.71,80.64,239.33,0.5421,-1,-1,-1
899,4,1720.45,457.07,75.53,209.00,0.6370,-1,-1,-1
899,73,298.01,670.01,91.48,252.29,0.7682,-1,-1,-1
899,80,912.26,941.00,73.83,138.97,0.7417,-1,-1,-1
899,81,1574.69,600.28,101.51,224.00,0.5773,-1,-1,-1
899,87,879.50,446.67,62.73,212.48,0.6645,-1,-1,-1
899,88,962.42,431.40,80.19,222.48,0.7276,-1,-1,-1
899,92,338.33,356.67,65.74,178.02,0.5336,-1,-1,-1
899,93,418.04,336.11,65.93,193.22,0.5084,-1,-1,-1
899,98,468.64,170.91,74.01,192.46,0.4394,-1,-1,-1
899,104,1328.20,899.49,96.48,180.49,0.7947,-1,-1,-1
899,105,1109.87,17.25,52.98,152.34,0.3596,-1,-1,-1
899,108,1751.20,680.18,79.68,240.37,0.5102,-1,-1,-1
900,4,1720.64,455.83,75.93,209.70,0.6200,-1,-1,-1
900,73,297.91,670.97,95.39,252.27,0.7702,-1,-1,-1
900,80,912.74,942.71,72.42,136.85,0.7254,-1,-1,-1
900,81,1574.82,600.79,100.02,223.44,0.5744,-1,-1,-1
900,87,877.99,445.24,61.70,213.62,0.6726,-1,-1,-1
900,88,962.52,428.19,78.73,222.47,0.7234,-1,-1,-1
900,92,337.21,355.82,65.17,180.68,0.5390,-1,-1,-1
900,93,417.67,336.04,66.06,196.56,0.5176,-1,-1,-1
900,98,468.35,171.30,75.72,190.82,0.4054,-1,-1,-1
900,104,1327.06,895.25,97.43,184.73,0.7993,-1,-1,-1
900,105,1110.66,15.83,51.85,154.76,0.3771,-1,-1,-1
900,108,1752.07,680.96,77.82,238.64,0.5391,-1,-1,-1
901,4,1721.67,457.24,75.74,207.31,0.6041,-1,-1,-1
901,73,297.69,672.64,97.83,249.28,0.7861,-1,-1,-1
901,80,912.92,943.38,71.92,135.84,0.7376,-1,-1,-1
901,81,1575.78,598.88,101.63,225.51,0.5797,-1,-1,-1
901,87,876.43,442.09,63.31,211.03,0.6630,-1,-1,-1
901,88,964.55,424.46,75.22,222.56,0.7155,-1,-1,-1
901,92,334.95,352.41,69.56,181.51,0.4905,-1,-1,-1
901,93,415.53,338.00,67.78,197.39,0.5251,-1,-1,-1
901,98,468.61,172.82,77.64,189.48,0.3444,-1,-1,-1
901,104,1325.11,892.16,97.30,187.84,0.8133,-1,-1,-1
901,105,1110.30,15.33,52.65,157.36,0.3346,-1,-1,-1
901,108,1749.57,682.88,78.27,237.11,0.5596,-1,-1,-1
902,4,1721.50,456.79,75.33,208.00,0.6083,-1,-1,-1
902,73,297.54,675.06,99.28,249.70,0.8122,-1,-1,-1
902,80,913.75,944.36,69.21,134.82,0.7258,-1,-1,-1
902,81,1577.45,598.96,98.94,225.03,0.5811,-1,-1,-1
902,87,874.98,440.30,63.37,210.71,0.6949,-1,-1,-1
902,88,965.94,422.41,72.44,217.81,0.7300,-1,-1,-1
902,92,333.80,352.11,71.85,181.39,0.4251,-1,-1,-1
902,93,418.03,338.31,65.72,201.45,0.5158,-1,-1,-1
902,98,470.16,173.64,76.21,184.81,0.3176,-1,-1,-1
902,104,1323.20,888.97,95.82,191.03,0.8059,-1,-1,-1
902,105,1110.57,16.59,52.20,158.28,0.3092,-1,-1,-1
902,108,1749.88,682.22,78.26,238.67,0.5493,-1,-1,-1
903,4,1720.76,457.45,75.75,208.37,0.5954,-1,-1,-1
903,73,298.15,676.77,98.47,254.36,0.8223,-1,-1,-1
903,80,913.04,945.44,69.58,134.55,0.7349,-1,-1,-1
903,81,1578.40,598.84,97.92,225.54,0.5928,-1,-1,-1
903,87,874.64,438.24,63.08,210.78,0.6910,-1,-1,-1
903,88,966.71,420.98,70.13,217.54,0.7163,-1,-1,-1
903,92,332.08,351.58,73.57,181.92,0.3668,-1,-1,-1
903,93,415.72,340.86,67.86,202.26,0.5506,-1,-1,-1
903,98,470.71,174.15,75.79,182.76,0.3100,-1,-1,-1
903,104,1320.92,884.83,96.23,195.14,0.7814,-1,-1,-1
903,105,1110.97,17.89,52.21,159.49,0.3009,-1,-1,-1
903,108,1751.40,680.54,78.52,241.82,0.5651,-1,-1,-1
904,4,1722.37,457.14,74.53,207.54,0.6274,-1,-1,-1
904,73,299.05,678.93,97.54,254.03,0.8373,-1,-1,-1
904,80,913.76,946.39,68.46,133.62,0.7201,-1,-1,-1
904,81,1576.97,599.39,99.31,224.62,0.5474,-1,-1,-1
904,87,873.89,437.20,63.42,214.46,0.7102,-1,-1,-1
904,88,967.22,420.60,68.99,217.12,0.7098,-1,-1,-1
904,92,326.02,353.23,78.70,179.99,0.3802,-1,-1,-1
904,93,419.61,343.91,64.11,202.57,0.4943,-1,-1,-1
904,98,471.07,174.10,68.43,188.87,0.3135,-1,-1,-1
904,104,1318.33,880.91,94.84,199.08,0.7713,-1,-1,-1
904,105,1110.93,19.72,53.49,158.77,0.3786,-1,-1,-1
904,108,1751.62,682.27,80.21,240.42,0.5868,-1,-1,-1
905,4,1722.16,456.78,74.72,208.18,0.6410,-1,-1,-1
905,73,300.98,680.54,96.20,259.16,0.8371,-1,-1,-1
905,80,913.09,947.62,68.95,132.40,0.7267,-1,-1,-1
905,81,1576.78,598.57,99.41,225.95,0.5767,-1,-1,-1
905,87,874.40,435.16,61.47,213.57,0.7178,-1,-1,-1
905,88,966.37,418.82,70.11,219.11,0.7308,-1,-1,-1
905,92,347.48,354.71,55.11,179.12,0.4183,-1,-1,-1
905,93,418.10,348.64,64.35,199.54,0.4790,-1,-1,-1
905,104,1316.50,878.01,94.68,200.66,0.7484,-1,-1,-1
905,105,1110.91,21.23,54.39,159.77,0.3492,-1,-1,-1
905,108,1752.95,682.79,78.60,243.84,0.5758,-1,-1,-1
906,4,1721.03,456.63,75.00,209.03,0.6351,-1,-1,-1
906,73,303.31,682.67,93.99,261.38,0.8409,-1,-1,-1
906,80,912.79,949.40,69.02,130.64,0.7252,-1,-1,-1
906,81,1578.23,599.03,98.37,225.32,0.5942,-1,-1,-1
906,87,873.09,434.97,61.22,214.75,0.7389,-1,-1,-1
906,88,966.27,418.07,69.03,217.83,0.7331,-1,-1,-1
906,92,349.87,354.01,52.72,180.79,0.4336,-1,-1,-1
906,93,414.86,348.99,65.60,201.54,0.5884,-1,-1,-1
906,98,470.17,170.57,69.15,200.11,0.3099,-1,-1,-1
906,104,1315.43,876.51,92.21,202.61,0.7586,-1,-1,-1
906,105,1109.82,22.56,56.07,159.68,0.3369,-1,-1,-1
906,108,1752.63,682.77,79.63,239.18,0.6094,-1,-1,-1
907,4,1721.15,457.31,75.04,207.71,0.6204,-1,-1,-1
907,73,305.34,685.13,91.55,255.48,0.8388,-1,-1,-1
907,80,908.51,949.12,73.79,130.85,0.7460,-1,-1,-1
907,81,1580.22,599.34,95.76,224.71,0.5615,-1,-1,-1
907,87,871.74,432.81,62.88,215.03,0.7305,-1,-1,-1
907,88,966.78,418.00,69.15,220.21,0.6830,-1,-1,-1
907,92,348.25,358.84,53.19,176.62,0.4179,-1,-1,-1
907,93,413.28,344.82,69.96,206.80,0.5853,-1,-1,-1
907,98,468.49,169.86,72.19,202.70,0.3328,-1,-1,-1
907,104,1312.98,876.98,94.39,203.09,0.7327,-1,-1,-1
907,105,1108.52,24.75,58.74,160.25,0.3287,-1,-1,-1
907,108,1753.46,683.08,79.62,240.53,0.6236,-1,-1,-1
908,4,1721.74,457.47,74.36,206.78,0.6245,-1,-1,-1
908,73,307.39,687.74,89.80,257.35,0.8393,-1,-1,-1
908,80,910.74,950.94,71.51,129.09,0.7262,-1,-1,-1
908,81,1577.10,598.22,97.89,226.41,0.6038,-1,-1,-1
908,87,871.01,432.32,62.40,218.74,0.7239,-1,-1,-1
908,88,966.81,417.80,67.42,219.79,0.7232,-1,-1,-1
908,92,322.52,355.92,79.29,178.27,0.4345,-1,-1,-1
908,93,412.81,346.15,70.09,206.81,0.5882,-1,-1,-1
908,98,468.73,171.83,72.26,205.85,0.3506,-1,-1,-1
908,104,1309.62,876.44,95.76,203.62,0.7338,-1,-1,-1
908,108,1755.10,684.20,78.65,240.74,0.6295,-1,-1,-1
909,4,1721.96,457.06,73.23,207.28,0.6057,-1,-1,-1
909,73,307.90,689.94,89.55,260.12,0.8418,-1,-1,-1
909,80,908.26,950.17,73.35,129.79,0.7385,-1,-1,-1
909,81,1579.15,597.30,95.89,226.72,0.5931,-1,-1,-1
909,87,870.71,432.05,61.84,219.29,0.7266,-1,-1,-1
909,88,966.38,417.36,67.25,223.15,0.7148,-1,-1,-1
909,92,322.52,358.77,76.90,179.37,0.5397,-1,-1,-1
909,93,415.30,354.71,63.74,198.41,0.5978,-1,-1,-1
909,104,1308.30,874.42,93.50,205.60,0.7358,-1,-1,-1
909,108,1755.43,684.31,78.82,238.83,0.6273,-1,-1,-1
910,4,1721.91,456.60,74.31,208.76,0.6291,-1,-1,-1
910,73,307.70,692.04,89.78,262.66,0.8391,-1,-1,-1
910,80,907.59,951.09,74.69,128.92,0.7346,-1,-1,-1
910,81,1574.45,598.36,101.27,226.02,0.5753,-1,-1,-1
910,87,870.51,431.49,62.60,219.36,0.7137,-1,-1,-1
910,88,964.37,417.25,68.84,222.63,0.7153,-1,-1,-1
910,92,322.22,358.54,78.20,183.50,0.5745,-1,-1,-1
910,93,413.71,350.81,65.96,201.14,0.6175,-1,-1,-1
910,98,468.11,177.20,88.55,197.98,0.3875,-1,-1,-1
910,104,1307.34,872.40,92.29,207.61,0.7561,-1,-1,-1
910,108,1756.78,683.44,77.05,239.98,0.6105,-1,-1,-1
911,4,1721.22,457.58,76.60,206.88,0.6297,-1,-1,-1
911,73,307.68,693.70,89.05,261.96,0.8373,-1,-1,-1
911,80,907.98,951.68,74.14,128.32,0.7430,-1,-1,-1
911,81,1574.79,599.23,100.54,225.17,0.5510,-1,-1,-1
911,87,869.99,430.57,62.45,220.53,0.7107,-1,-1,-1
911,88,965.41,415.89,67.13,223.71,0.7068,-1,-1,-1
911,92,324.03,364.10,77.06,181.96,0.5644,-1,-1,-1
911,93,415.01,356.22,62.07,196.61,0.6222,-1,-1,-1
911,98,469.80,177.96,81.44,199.98,0.3048,-1,-1,-1
911,104,1304.97,869.38,90.70,210.61,0.7713,-1,-1,-1
911,108,1757.27,683.53,76.79,240.02,0.6088,-1,-1,-1
912,4,1721.82,456.54,75.44,207.66,0.6291,-1,-1,-1
912,73,307.91,695.23,88.32,263.30,0.8344,-1,-1,-1
912,80,909.44,953.07,73.25,126.95,0.7403,-1,-1,-1
912,81,1573.75,597.76,101.62,226.37,0.5373,-1,-1,-1
912,87,869.76,429.14,62.59,218.48,0.6911,-1,-1,-1
912,88,964.22,414.95,66.78,220.22,0.7012,-1,-1,-1
912,92,325.28,366.91,74.48,181.26,0.5700,-1,-1,-1
912,93,413.05,352.41,63.84,201.23,0.6220,-1,-1,-1
912,104,1303.16,866.45,90.59,213.51,0.7658,-1,-1,-1
912,108,1757.84,683.60,76.61,240.68,0.6182,-1,-1,-1
913,4,1721.54,455.94,75.70,208.39,0.5950,-1,-1,-1
913,73,307.65,696.22,87.93,261.81,0.8276,-1,-1,-1
913,80,909.44,952.79,72.92,127.19,0.7401,-1,-1,-1
913,81,1575.83,598.50,98.91,225.82,0.5475,-1,-1,-1
913,87,868.75,426.54,63.21,221.96,0.7048,-1,-1,-1
913,88,962.90,412.48,67.03,217.75,0.6852,-1,-1,-1
913,92,327.21,367.73,74.54,182.91,0.5164,-1,-1,-1
913,93,411.94,351.85,65.70,201.92,0.6024,-1,-1,-1
913,101,808.27,137.72,56.62,173.38,0.3027,-1,-1,-1
913,104,1302.09,861.11,89.59,218.83,0.7719,-1,-1,-1
913,108,1757.69,681.81,77.27,242.06,0.6180,-1,-1,-1
914,4,1722.70,456.07,74.19,208.32,0.6204,-1,-1,-1
914,73,307.57,696.67,88.06,261.07,0.8218,-1,-1,-1
914,80,908.17,953.17,74.59,126.82,0.7459,-1,-1,-1
914,81,1573.96,597.67,102.05,226.34,0.4642,-1,-1,-1
914,87,868.12,425.81,62.03,217.38,0.6764,-1,-1,-1
914,88,961.57,410.04,66.84,212.49,0.6973,-1,-1,-1
914,92,327.60,366.94,74.48,185.20,0.5371,-1,-1,-1
914,93,412.09,355.43,64.62,197.65,0.5553,-1,-1,-1
914,104,1298.88,857.21,91.00,222.76,0.7723,-1,-1,-1
914,108,1758.99,680.53,76.17,244.18,0.5932,-1,-1,-1
914,109,1719.42,93.34,52.16,165.19,0.3682,-1,-1,-1
915,4,1722.32,456.61,73.23,207.41,0.6135,-1,-1,-1
915,73,307.47,697.75,87.54,260.06,0.8161,-1,-1,-1
915,80,907.19,953.66,75.18,126.34,0.7469,-1,-1,-1
915,81,1574.25,598.69,100.84,225.71,0.5304,-1,-1,-1
915,87,867.81,421.42,61.07,205.15,0.6626,-1,-1,-1
915,88,960.69,408.43,65.73,209.62,0.7017,-1,-1,-1
915,92,329.44,368.67,72.00,185.32,0.5383,-1,-1,-1
915,93,411.36,355.47,65.11,197.03,0.5396,-1,-1,-1
915,101,809.71,137.45,55.05,171.98,0.3111,-1,-1,-1
915,104,1298.50,853.46,92.18,226.53,0.7732,-1,-1,-1
915,108,1758.23,677.66,76.08,246.13,0.5833,-1,-1,-1
915,109,1721.72,92.83,49.28,165.26,0.3629,-1,-1,-1
916,4,1721.88,456.14,74.40,208.10,0.6019,-1,-1,-1
916,73,307.02,699.44,87.18,258.23,0.7992,-1,-1,-1
916,80,906.95,953.77,75.52,126.22,0.7433,-1,-1,-1
916,81,1573.56,600.03,100.23,223.87,0.5460,-1,-1,-1
916,87,868.01,420.06,60.22,206.52,0.6696,-1,-1,-1
916,88,959.22,406.47,64.96,206.98,0.7077,-1,-1,-1
916,92,328.43,371.21,71.19,183.73,0.5289,-1,-1,-1
916,93,406.80,347.94,70.33,204.69,0.4994,-1,-1,-1
916,98,466.29,181.66,70.00,194.51,0.3003,-1,-1,-1
916,101,806.54,138.06,58.75,175.97,0.3084,-1,-1,-1
916,104,1295.97,849.70,93.20,230.29,0.7697,-1,-1,-1
916,108,1757.52,676.74,76.16,251.69,0.5579,-1,-1,-1
916,109,1724.57,92.38,46.40,165.39,0.4354,-1,-1,-1
917,4,1721.23,456.48,74.13,207.91,0.6346,-1,-1,-1
917,73,306.58,701.95,86.71,255.89,0.8084,-1,-1,-1
917,80,906.64,953.69,75.60,126.30,0.7443,-1,-1,-1
917,81,1573.77,599.75,100.89,224.24,0.4534,-1,-1,-1
917,87,867.55,416.03,59.64,212.13,0.6912,-1,-1,-1
917,88,957.67,403.89,64.54,208.76,0.7379,-1,-1,-1
917,92,328.04,371.29,72.26,183.70,0.5519,-1,-1,-1
917,93,410.22,354.76,64.20,197.94,0.5344,-1,-1,-1
917,98,462.17,183.04,69.02,195.96,0.4040,-1,-1,-1
917,101,807.02,137.42,58.14,175.99,0.3113,-1,-1,-1
917,104,1294.69,845.17,94.51,234.80,0.7740,-1,-1,-1
917,105,1117.16,33.83,56.78,164.47,0.3199,-1,-1,-1
917,108,1758.35,675.61,76.44,251.58,0.5489,-1,-1,-1
917,109,1725.48,94.02,45.21,163.10,0.4413,-1,-1,-1
918,4,1721.72,455.71,73.49,209.23,0.6125,-1,-1,-1
918,73,306.73,702.48,86.14,254.09,0.7995,-1,-1,-1
918,80,906.92,954.53,75.44,125.48,0.7493,-1,-1,-1
918,81,1574.44,600.78,99.55,223.41,0.5702,-1,-1,-1
918,87,866.77,414.66,59.86,212.40,0.7007,-1,-1,-1
918,88,954.07,400.92,66.24,210.71,0.7143,-1,-1,-1
918,92,328.04,371.39,72.35,183.64,0.5271,-1,-1,-1
918,93,407.88,350.79,69.76,202.65,0.5581,-1,-1,-1
918,98,461.34,181.29,68.17,202.71,0.4236,-1,-1,-1
918,104,1291.04,841.64,94.70,238.35,0.7655,-1,-1,-1
918,105,1117.91,34.47,56.91,166.93,0.3414,-1,-1,-1
918,108,1756.45,674.25,77.43,252.84,0.5492,-1,-1,-1
918,109,1726.94,93.97,43.94,165.66,0.4066,-1,-1,-1
919,4,1721.77,455.51,74.10,210.40,0.6043,-1,-1,-1
919,73,306.96,703.35,86.31,252.32,0.7887,-1,-1,-1
919,80,906.77,954.72,76.25,125.27,0.7415,-1,-1,-1
919,81,1574.59,598.81,99.30,224.82,0.5445,-1,-1,-1
919,87,865.94,413.23,61.46,214.03,0.7216,-1,-1,-1
919,88,952.90,398.73,67.61,212.88,0.7156,-1,-1,-1
919,92,326.35,373.25,74.12,182.10,0.4922,-1,-1,-1
919,93,406.70,351.75,70.86,206.40,0.5695,-1,-1,-1
919,98,457.74,183.64,71.82,204.80,0.4638,-1,-1,-1
919,104,1290.72,839.09,95.16,240.93,0.7653,-1,-1,-1
919,105,1119.59,35.18,58.64,165.87,0.3071,-1,-1,-1
919,108,1759.13,676.92,75.15,251.11,0.5595,-1,-1,-1
919,109,1726.50,95.30,44.60,166.04,0.3181,-1,-1,-1
920,4,1720.58,455.90,75.36,209.11,0.6082,-1,-1,-1
920,73,306.32,705.49,88.12,253.72,0.7922,-1,-1,-1
920,80,906.40,955.59,76.45,124.42,0.7419,-1,-1,-1
920,81,1575.36,599.80,98.41,224.13,0.5432,-1,-1,-1
920,87,866.16,408.29,60.93,214.33,0.7460,-1,-1,-1
920,88,950.95,396.33,68.77,215.56,0.7448,-1,-1,-1
920,92,327.89,373.71,73.83,182.20,0.4559,-1,-1,-1
920,93,408.19,354.17,68.02,205.76,0.5468,-1,-1,-1
920,98,458.09,184.96,71.15,205.23,0.3798,-1,-1,-1
920,104,1287.60,835.62,95.79,244.38,0.7746,-1,-1,-1
920,105,1119.41,35.67,59.59,167.26,0.3686,-1,-1,-1
920,108,1759.42,678.55,75.83,250.69,0.5527,-1,-1,-1
921,4,1720.96,455.38,75.01,210.52,0.6012,-1,-1,-1
921,73,306.47,706.81,87.41,254.39,0.7886,-1,-1,-1
921,80,906.22,954.98,75.26,124.86,0.7195,-1,-1,-1
921,81,1574.60,601.16,100.01,223.02,0.5395,-1,-1,-1
921,87,865.83,407.88,61.12,217.21,0.7616,-1,-1,-1
921,88,947.84,394.95,72.56,217.01,0.7418,-1,-1,-1
921,92,327.32,373.75,73.94,181.40,0.4747,-1,-1,-1
921,93,406.94,356.03,68.91,207.41,0.5529,-1,-1,-1
921,98,458.48,185.94,69.78,208.45,0.3454,-1,-1,-1
921,104,1288.04,833.89,93.22,246.14,0.7704,-1,-1,-1
921,105,1120.47,38.06,59.28,167.27,0.3983,-1,-1,-1
921,108,1759.30,678.79,76.00,250.12,0.5598,-1,-1,-1
922,4,1720.62,455.35,74.77,209.73,0.6094,-1,-1,-1
922,73,306.60,708.44,87.26,257.79,0.7726,-1,-1,-1
922,80,905.60,955.13,76.41,124.86,0.7304,-1,-1,-1
922,81,1575.79,599.74,98.33,223.93,0.4984,-1,-1,-1
922,87,866.04,407.27,60.33,216.45,0.7642,-1,-1,-1
922,88,946.81,393.60,73.58,218.16,0.7355,-1,-1,-1
922,92,325.70,374.32,76.76,181.28,0.4927,-1,-1,-1
922,93,405.80,359.03,68.72,205.04,0.5427,-1,-1,-1
922,98,456.84,189.77,72.00,203.40,0.4117,-1,-1,-1
922,101,806.97,136.23,57.79,177.17,0.3111,-1,-1,-1
922,104,1285.56,832.04,93.34,247.64,0.7847,-1,-1,-1
922,105,1121.28,41.22,59.28,164.70,0.4620,-1,-1,-1
922,108,1759.50,677.53,75.81,250.89,0.5386,-1,-1,-1
923,4,1719.63,455.96,75.76,210.00,0.6225,-1,-1,-1
923,73,306.66,710.19,87.11,258.43,0.7699,-1,-1,-1
923,80,906.15,955.63,76.80,124.37,0.7330,-1,-1,-1
923,81,1573.46,598.53,101.63,225.45,0.5140,-1,-1,-1
923,87,865.95,406.86,59.57,217.61,0.7652,-1,-1,-1
923,88,945.49,393.07,76.29,219.91,0.7378,-1,-1,-1
923,92,327.13,374.59,73.80,181.16,0.4715,-1,-1,-1
923,93,405.05,360.86,68.86,205.04,0.5231,-1,-1,-1
923,98,454.43,191.91,73.82,199.97,0.4586,-1,-1,-1
923,104,1285.12,830.34,93.25,249.44,0.7879,-1,-1,-1
923,105,1122.06,42.12,58.73,167.71,0.4182,-1,-1,-1
923,108,1759.03,677.65,74.22,250.02,0.5799,-1,-1,-1
924,4,1719.12,455.52,77.10,209.83,0.6284,-1,-1,-1
924,73,307.25,711.74,86.01,262.36,0.7529,-1,-1,-1
924,80,906.18,955.76,76.68,124.23,0.7353,-1,-1,-1
924,81,1574.39,598.60,99.89,225.59,0.4692,-1,-1,-1
924,87,865.62,406.46,60.09,215.29,0.7512,-1,-1,-1
924,88,943.74,392.27,79.01,221.96,0.7562,-1,-1,-1
924,92,328.60,376.25,71.10,180.13,0.5056,-1,-1,-1
924,93,403.56,362.28,71.26,208.93,0.5484,-1,-1,-1
924,98,456.67,193.99,71.39,198.67,0.4403,-1,-1,-1
924,101,806.24,137.19,58.36,175.73,0.3321,-1,-1,-1
924,104,1282.47,829.67,95.47,248.22,0.7901,-1,-1,-1
924,105,1123.06,44.68,58.90,164.93,0.4018,-1,-1,-1
924,108,1755.54,675.29,75.99,248.75,0.5560,-1,-1,-1
924,109,1728.47,98.86,49.89,179.09,0.3197,-1,-1,-1
925,4,1718.55,455.34,76.98,210.53,0.6063,-1,-1,-1
925,73,308.07,714.66,85.28,261.48,0.7442,-1,-1,-1
925,80,906.51,954.81,75.53,125.15,0.7232,-1,-1,-1
925,81,1577.42,598.21,95.51,228.17,0.3539,-1,-1,-1
925,87,864.64,406.32,60.78,215.35,0.7586,-1,-1,-1
925,88,942.30,392.27,79.11,221.95,0.7579,-1,-1,-1
925,92,328.16,377.31,70.41,180.23,0.5638,-1,-1,-1
925,93,401.80,363.50,71.61,211.56,0.5779,-1,-1,-1
925,98,455.64,196.10,72.74,198.92,0.3686,-1,-1,-1
925,104,1279.76,829.45,97.40,247.35,0.7774,-1,-1,-1
925,105,1122.68,46.54,58.38,163.30,0.4262,-1,-1,-1
925,108,1755.89,676.54,76.76,248.20,0.5357,-1,-1,-1
925,110,1616.47,74.67,49.56,160.07,0.3153,-1,-1,-1
926,4,1719.14,456.01,76.65,209.48,0.5818,-1,-1,-1
926,73,308.17,717.69,86.67,261.13,0.7453,-1,-1,-1
926,80,907.09,955.38,76.81,124.63,0.7306,-1,-1,-1
926,81,1577.82,598.34,94.65,228.62,0.3214,-1,-1,-1
926,87,864.24,405.85,60.60,215.35,0.7059,-1,-1,-1
926,88,940.49,392.12,81.03,221.94,0.7609,-1,-1,-1
926,92,329.15,379.26,68.98,180.19,0.5356,-1,-1,-1
926,93,400.31,363.60,73.14,212.52,0.5012,-1,-1,-1
926,98,455.24,199.84,72.35,200.30,0.4078,-1,-1,-1
926,101,806.21,136.81,58.13,176.08,0.3228,-1,-1,-1
926,104,1279.68,827.54,93.33,250.70,0.7913,-1,-1,-1
926,105,1123.60,46.73,58.70,164.34,0.4182,-1,-1,-1
926,108,1756.69,677.30,77.13,250.09,0.5894,-1,-1,-1
927,4,1719.09,456.12,76.42,209.28,0.6102,-1,-1,-1
927,73,308.85,720.66,85.89,264.10,0.7486,-1,-1,-1
927,80,907.43,954.87,74.92,125.11,0.7388,-1,-1,-1
927,81,1573.67,597.59,100.75,226.64,0.4290,-1,-1,-1
927,87,863.45,405.05,60.72,213.61,0.7403,-1,-1,-1
927,88,940.56,391.29,81.03,220.36,0.7727,-1,-1,-1
927,92,329.73,382.95,67.30,181.02,0.5715,-1,-1,-1
927,93,401.53,364.86,71.35,211.83,0.4950,-1,-1,-1
927,98,456.16,201.61,71.21,200.44,0.3874,-1,-1,-1
927,101,806.37,137.04,57.80,175.44,0.3418,-1,-1,-1
927,104,1276.48,825.50,94.07,252.28,0.8028,-1,-1,-1
927,105,1124.66,47.17,57.55,164.11,0.4173,-1,-1,-1
927,108,1757.07,676.89,77.24,253.06,0.5862,-1,-1,-1
927,110,1617.27,75.24,50.94,161.69,0.3152,-1,-1,-1
928,4,1718.76,456.33,76.42,208.84,0.6034,-1,-1,-1
928,73,311.77,725.66,83.40,264.17,0.7731,-1,-1,-1
928,80,906.83,954.71,76.09,125.28,0.7213,-1,-1,-1
928,81,1578.97,598.25,94.09,228.36,0.4129,-1,-1,-1
928,87,862.63,404.24,61.02,214.64,0.7359,-1,-1,-1
928,88,941.27,389.98,80.03,220.85,0.7677,-1,-1,-1
928,92,329.82,384.52,67.54,184.77,0.5215,-1,-1,-1
928,93,399.31,363.69,73.33,212.39,0.5128,-1,-1,-1
928,98,456.58,204.16,69.34,198.68,0.3635,-1,-1,-1
928,101,804.75,136.96,59.37,175.21,0.3213,-1,-1,-1
928,104,1274.42,822.46,92.45,256.22,0.7778,-1,-1,-1
928,105,1125.54,46.66,57.46,166.42,0.4997,-1,-1,-1
928,108,1756.08,675.75,78.24,253.07,0.5873,-1,-1,-1
929,4,1718.48,456.18,76.55,209.33,0.6077,-1,-1,-1
929,73,312.98,726.95,83.90,265.17,0.7941,-1,-1,-1
929,80,907.37,954.98,76.06,125.02,0.7308,-1,-1,-1
929,81,1580.80,598.65,91.90,227.87,0.3661,-1,-1,-1
929,87,860.80,401.65,62.78,216.60,0.7441,-1,-1,-1
929,88,941.01,388.33,78.91,221.39,0.7689,-1,-1,-1
929,92,329.62,385.70,70.08,187.22,0.5337,-1,-1,-1
929,93,398.42,364.26,74.11,211.97,0.5722,-1,-1,-1
929,98,454.56,204.66,73.78,199.47,0.3305,-1,-1,-1
929,101,807.94,136.90,56.12,176.02,0.3260,-1,-1,-1
929,104,1273.44,817.04,91.30,260.65,0.7775,-1,-1,-1
929,105,1126.18,46.50,56.97,164.33,0.5012,-1,-1,-1
929,108,1755.36,676.72,79.40,251.69,0.5928,-1,-1,-1
929,109,1731.44,101.12,46.17,179.86,0.3089,-1,-1,-1
929,110,1617.76,76.96,53.44,160.10,0.3465,-1,-1,-1
930,4,1719.51,456.36,75.69,209.15,0.5972,-1,-1,-1
930,73,314.10,728.77,83.49,261.19,0.7748,-1,-1,-1
930,80,905.81,954.37,76.53,125.47,0.7199,-1,-1,-1
930,81,1580.92,598.27,91.27,227.90,0.3744,-1,-1,-1
930,87,860.79,399.20,62.84,214.35,0.7166,-1,-1,-1
930,88,940.88,385.80,78.63,222.74,0.7702,-1,-1,-1
930,92,329.51,387.29,71.97,187.90,0.4991,-1,-1,-1
930,93,397.86,364.51,73.19,208.93,0.5125,-1,-1,-1
930,101,807.52,137.30,56.81,175.12,0.3354,-1,-1,-1
930,104,1271.78,813.71,92.22,266.23,0.7959,-1,-1,-1
930,105,1126.15,45.89,56.64,163.70,0.4965,-1,-1,-1
930,108,1751.92,677.22,83.90,251.28,0.5852,-1,-1,-1
930,109,1732.93,105.40,48.09,179.21,0.3696,-1,-1,-1
930,110,1618.32,78.32,53.54,159.21,0.3850,-1,-1,-1
931,4,1719.14,456.30,76.23,208.84,0.5655,-1,-1,-1
931,73,315.52,730.49,83.92,258.32,0.7860,-1,-1,-1
931,80,906.87,955.06,77.32,124.95,0.7312,-1,-1,-1
931,81,1576.02,597.52,97.58,226.61,0.5214,-1,-1,-1
931,87,860.29,399.06,62.14,202.08,0.6985,-1,-1,-1
931,88,941.32,383.66,76.87,220.09,0.7591,-1,-1,-1
931,92,328.95,388.34,71.98,189.33,0.5052,-1,-1,-1
931,93,396.27,367.27,74.43,204.80,0.4992,-1,-1,-1
931,101,807.93,137.50,56.53,173.81,0.3164,-1,-1,-1
931,104,1270.96,809.42,90.70,270.56,0.7848,-1,-1,-1
931,105,1126.12,46.42,56.60,164.09,0.4466,-1,-1,-1
931,108,1750.55,675.61,83.99,252.65,0.6228,-1,-1,-1
931,109,1733.56,106.77,48.12,178.25,0.3081,-1,-1,-1
931,110,1620.62,78.73,51.58,158.37,0.3547,-1,-1,-1
932,4,1720.12,456.01,75.10,209.63,0.5773,-1,-1,-1
932,73,317.37,731.40,83.14,256.11,0.7789,-1,-1,-1
932,80,907.59,954.41,76.53,125.56,0.7311,-1,-1,-1
932,81,1576.64,598.11,96.92,226.08,0.5558,-1,-1,-1
932,87,859.61,396.42,62.24,201.32,0.6496,-1,-1,-1
932,88,942.58,380.97,76.04,217.50,0.7427,-1,-1,-1
932,92,328.86,388.42,71.25,187.76,0.4633,-1,-1,-1
932,93,397.21,365.29,72.86,208.71,0.4776,-1,-1,-1
932,101,808.37,137.03,56.15,175.08,0.3141,-1,-1,-1
932,104,1269.79,804.80,90.73,275.17,0.7908,-1,-1,-1
932,105,1125.67,47.45,58.02,165.69,0.4084,-1,-1,-1
932,108,1749.44,675.51,85.76,251.98,0.6170,-1,-1,-1
932,109,1734.76,107.60,48.20,176.85,0.3084,-1,-1,-1
932,110,1621.10,79.52,50.94,159.19,0.3490,-1,-1,-1
933,4,1720.06,455.89,74.77,209.88,0.5541,-1,-1,-1
933,73,317.66,733.03,84.87,256.98,0.7948,-1,-1,-1
933,80,907.54,954.48,77.16,125.52,0.7420,-1,-1,-1
933,81,1575.06,595.51,99.07,228.68,0.5280,-1,-1,-1
933,87,858.81,394.88,62.60,198.51,0.6489,-1,-1,-1
933,88,941.68,378.69,76.70,213.32,0.7366,-1,-1,-1
933,92,329.24,389.75,69.95,187.24,0.4267,-1,-1,-1
933,93,394.31,366.10,75.24,207.57,0.5203,-1,-1,-1
933,104,1269.57,801.89,89.64,274.86,0.7758,-1,-1,-1
933,105,1126.35,49.67,57.44,165.60,0.3778,-1,-1,-1
933,108,1749.11,674.78,84.35,254.01,0.6317,-1,-1,-1
933,109,1735.12,106.84,50.39,176.72,0.3049,-1,-1,-1
933,110,1622.76,80.82,49.88,159.53,0.3198,-1,-1,-1
934,4,1720.18,455.89,74.54,210.12,0.5782,-1,-1,-1
934,73,318.06,734.19,86.17,256.09,0.8049,-1,-1,-1
934,80,907.60,953.79,77.52,126.19,0.7528,-1,-1,-1
934,81,1576.39,596.03,97.76,228.58,0.5555,-1,-1,-1
934,87,858.18,393.14,63.12,201.79,0.6633,-1,-1,-1
934,88,943.05,376.30,74.57,213.60,0.7234,-1,-1,-1
934,92,330.27,391.29,69.94,186.54,0.3420,-1,-1,-1
934,93,393.36,368.09,75.16,206.33,0.5506,-1,-1,-1
934,101,808.12,137.42,55.82,175.73,0.3123,-1,-1,-1
934,104,1268.46,799.04,89.01,272.58,0.7781,-1,-1,-1
934,105,1127.33,53.17,57.37,162.66,0.3722,-1,-1,-1
934,108,1748.80,675.42,85.56,252.04,0.6110,-1,-1,-1
934,109,1736.57,106.37,50.42,174.47,0.3333,-1,-1,-1
935,4,1720.49,456.35,74.83,209.40,0.5750,-1,-1,-1
935,73,318.42,735.88,89.18,256.26,0.8270,-1,-1,-1
935,80,907.30,953.52,77.52,126.47,0.7409,-1,-1,-1
935,81,1575.83,596.08,98.65,228.94,0.5815,-1,-1,-1
935,87,858.28,390.80,63.06,201.74,0.6729,-1,-1,-1
935,88,944.70,374.04,70.41,210.72,0.7351,-1,-1,-1
935,92,343.08,394.55,58.36,182.51,0.3328,-1,-1,-1
935,93,391.30,369.21,77.66,205.68,0.5367,-1,-1,-1
935,101,808.17,137.25,56.12,175.69,0.3047,-1,-1,-1
935,104,1268.00,796.17,89.47,272.32,0.7687,-1,-1,-1
935,105,1127.53,55.57,57.50,163.60,0.4230,-1,-1,-1
935,108,1749.01,674.42,86.86,255.09,0.6210,-1,-1,-1
935,109,1735.61,108.81,52.15,171.62,0.3071,-1,-1,-1
935,110,1619.76,84.37,55.21,157.48,0.3244,-1,-1,-1
936,4,1721.17,455.84,73.02,208.83,0.5626,-1,-1,-1
936,73,318.75,736.52,90.66,254.42,0.8217,-1,-1,-1
936,80,907.99,951.79,76.56,127.56,0.7263,-1,-1,-1
936,81,1576.83,596.56,98.13,227.56,0.5664,-1,-1,-1
936,87,859.07,389.11,62.24,208.09,0.6694,-1,-1,-1
936,88,944.58,373.92,68.83,210.27,0.7074,-1,-1,-1
936,92,342.35,394.70,58.99,181.09,0.3713,-1,-1,-1
936,93,390.17,368.92,78.53,213.42,0.6004,-1,-1,-1
936,104,1266.95,793.07,90.50,278.11,0.7683,-1,-1,-1
936,105,1126.97,57.56,59.50,164.20,0.4376,-1,-1,-1
936,108,1749.27,674.28,86.46,253.94,0.6006,-1,-1,-1
937,4,1721.49,456.52,72.99,208.94,0.5534,-1,-1,-1
937,73,318.99,737.75,93.58,253.42,0.8362,-1,-1,-1
937,80,908.04,952.53,77.25,127.48,0.7434,-1,-1,-1
937,81,1575.35,595.93,100.04,228.26,0.5386,-1,-1,-1
937,87,858.65,388.60,62.22,209.56,0.6903,-1,-1,-1
937,88,945.00,373.29,67.04,211.08,0.6928,-1,-1,-1
937,92,343.18,394.63,57.63,181.54,0.3771,-1,-1,-1
937,93,389.07,368.99,79.29,218.30,0.6123,-1,-1,-1
937,104,1264.99,790.93,92.00,279.67,0.7771,-1,-1,-1
937,105,1125.96,58.85,60.70,166.64,0.4212,-1,-1,-1
937,108,1749.01,674.14,86.29,255.21,0.6187,-1,-1,-1
938,4,1720.21,456.75,74.45,208.90,0.5749,-1,-1,-1
938,73,319.20,738.29,95.18,255.09,0.8321,-1,-1,-1
938,80,909.54,951.38,75.84,128.59,0.7529,-1,-1,-1
938,81,1576.20,597.10,98.38,227.40,0.5618,-1,-1,-1
938,87,858.12,386.39,62.19,209.65,0.6811,-1,-1,-1
938,88,944.67,370.82,65.43,214.44,0.7000,-1,-1,-1
938,92,343.60,393.72,58.25,182.12,0.3945,-1,-1,-1
938,93,390.14,371.10,78.57,218.25,0.5653,-1,-1,-1
938,104,1263.36,788.32,91.37,283.79,0.7855,-1,-1,-1
938,105,1127.16,60.88,60.47,165.52,0.4439,-1,-1,-1
938,108,1747.85,673.65,87.29,254.82,0.6238,-1,-1,-1
939,4,1721.00,456.51,73.11,210.00,0.5561,-1,-1,-1
939,73,319.71,739.66,94.48,258.50,0.8307,-1,-1,-1
939,80,912.08,950.48,74.69,129.50,0.7237,-1,-1,-1
939,81,1574.90,594.68,98.97,229.54,0.5186,-1,-1,-1
939,87,858.33,386.89,61.76,210.65,0.6648,-1,-1,-1
939,88,944.81,370.11,65.47,214.74,0.6714,-1,-1,-1
939,92,343.64,393.28,57.91,183.21,0.3961,-1,-1,-1
939,93,390.99,379.39,78.27,213.24,0.5984,-1,-1,-1
939,104,1262.65,786.26,90.99,284.78,0.7899,-1,-1,-1
939,105,1126.48,61.95,61.81,166.77,0.4561,-1,-1,-1
939,108,1747.05,675.07,86.01,254.05,0.6270,-1,-1,-1
940,4,1720.78,456.11,73.49,209.98,0.5598,-1,-1,-1
940,73,320.83,740.72,93.23,262.86,0.8254,-1,-1,-1
940,80,912.21,949.31,74.60,130.68,0.7619,-1,-1,-1
940,81,1574.84,595.49,98.84,228.80,0.5332,-1,-1,-1
940,87,859.09,386.74,61.11,210.95,0.6759,-1,-1,-1
940,88,943.60,369.92,66.07,214.81,0.6936,-1,-1,-1
940,92,342.52,393.22,57.99,183.63,0.4060,-1,-1,-1
940,93,391.43,383.18,76.10,210.15,0.5956,-1,-1,-1
940,104,1260.85,784.93,89.51,284.99,0.7855,-1,-1,-1
940,105,1126.48,63.68,63.48,167.65,0.4518,-1,-1,-1
940,108,1746.27,673.78,86.34,253.59,0.6361,-1,-1,-1
941,4,1719.42,456.46,74.67,208.81,0.5794,-1,-1,-1
941,73,321.85,743.33,93.51,269.26,0.8184,-1,-1,-1
941,80,912.29,948.33,75.44,131.66,0.7510,-1,-1,-1
941,81,1574.74,595.44,98.71,229.44,0.5657,-1,-1,-1
941,87,858.55,386.18,61.81,211.85,0.7097,-1,-1,-1
941,88,942.35,368.88,65.62,216.51,0.7170,-1,-1,-1
941,92,342.55,393.97,55.65,183.60,0.3773,-1,-1,-1
941,93,390.13,383.34,76.58,212.46,0.6215,-1,-1,-1
941,104,1259.07,783.75,89.45,287.71,0.7844,-1,-1,-1
941,105,1128.30,65.24,62.55,167.50,0.4479,-1,-1,-1
941,108,1747.08,674.17,87.46,254.25,0.6634,-1,-1,-1
942,4,1720.12,456.19,73.92,210.08,0.5558,-1,-1,-1
942,73,322.62,747.44,92.85,269.15,0.8173,-1,-1,-1
942,80,913.48,947.14,74.19,132.85,0.7628,-1,-1,-1
942,81,1574.56,594.81,99.00,229.98,0.5416,-1,-1,-1
942,87,858.62,385.16,61.86,212.62,0.7000,-1,-1,-1
942,88,941.77,368.64,65.85,215.80,0.7131,-1,-1,-1
942,92,341.47,393.60,58.06,185.45,0.3791,-1,-1,-1
942,93,391.42,385.74,75.91,211.90,0.5921,-1,-1,-1
942,104,1256.75,783.67,90.16,286.16,0.7773,-1,-1,-1
942,105,1129.24,66.32,63.06,168.50,0.4671,-1,-1,-1
942,108,1746.49,672.26,88.40,253.67,0.6571,-1,-1,-1
943,4,1720.01,456.29,73.74,209.38,0.5679,-1,-1,-1
943,73,323.11,750.95,92.93,266.37,0.8184,-1,-1,-1
943,80,914.39,945.51,73.84,134.46,0.7552,-1,-1,-1
943,81,1574.96,595.63,98.66,228.70,0.5493,-1,-1,-1
943,87,858.17,383.69,62.57,212.17,0.6829,-1,-1,-1
943,88,940.29,366.99,67.08,217.21,0.7132,-1,-1,-1
943,92,338.90,396.34,58.21,185.97,0.3421,-1,-1,-1
943,93,392.79,387.25,75.00,210.65,0.5718,-1,-1,-1
943,104,1255.81,782.49,89.04,286.04,0.7748,-1,-1,-1
943,105,1129.54,66.64,62.45,167.08,0.4229,-1,-1,-1
943,108,1745.79,671.34,87.84,255.06,0.6662,-1,-1,-1
944,4,1720.33,456.51,72.83,210.31,0.5650,-1,-1,-1
944,73,323.60,754.42,92.08,262.55,0.8223,-1,-1,-1
944,80,915.85,944.27,73.92,135.71,0.7344,-1,-1,-1
944,81,1575.06,594.51,97.79,229.79,0.5490,-1,-1,-1
944,87,858.08,381.82,62.14,213.96,0.6917,-1,-1,-1
944,88,938.63,366.18,66.90,216.80,0.6967,-1,-1,-1
944,92,338.27,402.30,58.38,186.55,0.3285,-1,-1,-1
944,93,392.32,387.74,75.40,209.44,0.5440,-1,-1,-1
944,104,1253.17,779.85,90.60,286.46,0.7731,-1,-1,-1
944,105,1131.71,65.49,61.49,165.92,0.4178,-1,-1,-1
944,108,1745.67,673.51,87.03,253.97,0.6759,-1,-1,-1
945,4,1719.63,455.94,73.77,211.31,0.5424,-1,-1,-1
945,73,323.97,756.63,91.03,263.59,0.8237,-1,-1,-1
945,80,916.12,943.70,74.12,136.30,0.7561,-1,-1,-1
945,81,1575.59,596.08,98.11,228.54,0.5612,-1,-1,-1
945,87,857.27,378.99,63.12,212.46,0.6940,-1,-1,-1
945,88,940.64,364.25,63.53,216.60,0.6919,-1,-1,-1
945,92,337.98,411.48,61.36,184.26,0.3736,-1,-1,-1
945,93,392.79,388.33,75.39,209.29,0.5449,-1,-1,-1
945,104,1252.88,777.30,89.19,288.61,0.7645,-1,-1,-1
945,105,1133.02,65.86,60.01,164.26,0.4168,-1,-1,-1
945,108,1745.05,673.79,87.19,253.09,0.6790,-1,-1,-1
946,4,1719.48,457.21,74.30,208.57,0.5699,-1,-1,-1
946,73,324.46,759.88,90.79,264.56,0.8211,-1,-1,-1
946,80,918.70,943.60,72.11,136.41,0.7576,-1,-1,-1
946,81,1576.65,597.41,96.74,226.07,0.5642,-1,-1,-1
946,87,856.86,376.72,64.52,214.33,0.6500,-1,-1,-1
946,88,939.04,362.40,63.00,215.93,0.6461,-1,-1,-1
946,92,327.28,409.34,69.36,187.96,0.4692,-1,-1,-1
946,93,390.85,388.20,75.66,209.78,0.5928,-1,-1,-1
946,101,808.02,135.64,55.56,177.48,0.3119,-1,-1,-1
946,104,1250.33,774.56,89.94,282.17,0.7755,-1,-1,-1
946,105,1135.08,66.16,58.77,164.62,0.4416,-1,-1,-1
946,108,1742.57,673.11,89.83,252.89,0.6623,-1,-1,-1
946,116,477.40,215.30,58.83,184.98,0.3409,-1,-1,-1
947,4,1719.88,457.80,73.18,208.76,0.5719,-1,-1,-1
947,73,323.83,760.41,91.34,267.96,0.8233,-1,-1,-1
947,80,918.98,941.46,72.01,138.51,0.7545,-1,-1,-1
947,81,1576.68,597.30,97.87,226.94,0.5836,-1,-1,-1
947,87,856.18,373.98,64.73,211.10,0.6626,-1,-1,-1
947,88,937.55,360.57,62.58,210.52,0.6498,-1,-1,-1
947,92,328.93,411.64,67.39,187.70,0.4783,-1,-1,-1
947,93,392.33,388.03,74.08,210.18,0.5913,-1,-1,-1
947,104,1249.33,771.33,89.14,280.20,0.7636,-1,-1,-1
947,105,1138.15,67.21,55.40,162.38,0.3952,-1,-1,-1
947,108,1743.85,668.57,88.85,254.85,0.6922,-1,-1,-1
947,116,476.53,215.62,60.27,185.17,0.3209,-1,-1,-1
948,4,1719.92,457.19,72.87,209.02,0.5736,-1,-1,-1
948,73,323.22,762.60,90.33,269.34,0.8271,-1,-1,-1
948,80,919.64,940.05,72.54,139.93,0.7534,-1,-1,-1
948,81,1576.02,595.32,98.39,228.64,0.5923,-1,-1,-1
948,87,856.06,370.67,64.19,211.55,0.6633,-1,-1,-1
948,88,936.88,357.38,61.26,207.86,0.6509,-1,-1,-1
948,92,329.35,412.80,65.43,188.14,0.4738,-1,-1,-1
948,93,391.78,388.12,74.48,209.93,0.5565,-1,-1,-1
948,104,1248.18,768.56,86.38,277.19,0.7740,-1,-1,-1
948,105,1139.39,68.04,57.43,163.12,0.4265,-1,-1,-1
948,108,1739.64,669.61,94.65,255.35,0.6816,-1,-1,-1
948,116,476.91,215.35,60.55,184.67,0.3202,-1,-1,-1
949,4,1719.76,456.69,72.78,208.94,0.5777,-1,-1,-1
949,73,323.46,763.74,90.85,268.13,0.8215,-1,-1,-1
949,80,920.92,939.13,72.09,140.87,0.7384,-1,-1,-1
949,81,1577.09,594.58,97.65,229.95,0.5765,-1,-1,-1
949,87,855.40,368.51,64.64,211.53,0.6659,-1,-1,-1
949,88,934.54,355.57,62.90,209.62,0.6396,-1,-1,-1
949,92,324.00,412.98,68.66,190.76,0.5549,-1,-1,-1
949,93,392.09,390.06,73.70,208.16,0.5626,-1,-1,-1
949,104,1248.00,763.56,85.42,273.66,0.7646,-1,-1,-1
949,105,1140.85,68.73,58.75,165.51,0.3904,-1,-1,-1
949,108,1743.10,670.31,88.52,250.39,0.6772,-1,-1,-1
949,116,475.43,216.19,61.66,182.21,0.3140,-1,-1,-1
950,4,1719.92,456.14,73.12,210.22,0.5724,-1,-1,-1
950,73,322.55,764.77,90.15,266.95,0.8230,-1,-1,-1
950,80,922.71,937.30,70.19,142.68,0.7546,-1,-1,-1
950,81,1575.56,594.97,98.93,228.88,0.5690,-1,-1,-1
950,87,856.02,366.39,64.61,204.82,0.6532,-1,-1,-1
950,88,930.53,351.97,65.42,209.49,0.6464,-1,-1,-1
950,92,325.89,413.77,67.28,190.05,0.5082,-1,-1,-1
950,93,390.57,389.66,74.54,209.16,0.5825,-1,-1,-1
950,104,1246.51,758.61,85.21,265.94,0.7694,-1,-1,-1
950,105,1143.29,68.50,61.05,167.45,0.3585,-1,-1,-1
950,108,1742.90,667.25,89.34,256.91,0.6781,-1,-1,-1
950,116,474.55,216.59,61.72,180.75,0.3311,-1,-1,-1
951,4,1719.74,456.08,73.38,211.09,0.5724,-1,-1,-1
951,73,322.02,766.51,90.73,265.13,0.8161,-1,-1,-1
951,80,922.16,936.76,71.27,143.25,0.7622,-1,-1,-1
951,81,1575.79,594.77,99.34,229.35,0.5811,-1,-1,-1
951,87,854.96,365.21,65.52,205.59,0.6683,-1,-1,-1
951,88,930.07,349.33,65.67,210.62,0.6525,-1,-1,-1
951,92,322.08,414.16,72.30,189.71,0.4985,-1,-1,-1
951,93,390.72,390.25,74.64,207.14,0.5044,-1,-1,-1
951,104,1245.04,753.93,85.15,266.19,0.7678,-1,-1,-1
951,105,1143.80,70.71,62.30,164.08,0.3802,-1,-1,-1
951,108,1743.11,667.53,88.87,255.11,0.6549,-1,-1,-1
951,116,474.82,218.14,62.50,179.27,0.3399,-1,-1,-1
952,4,1719.43,456.36,73.31,211.03,0.5726,-1,-1,-1
952,73,322.20,768.05,89.92,264.30,0.8045,-1,-1,-1
952,80,923.60,935.96,70.92,144.04,0.7728,-1,-1,-1
952,81,1575.02,596.06,100.59,228.03,0.5729,-1,-1,-1
952,87,854.26,363.88,66.25,205.92,0.6919,-1,-1,-1
952,88,929.70,347.07,65.62,212.67,0.6930,-1,-1,-1
952,92,324.23,414.37,69.95,189.30,0.4294,-1,-1,-1
952,93,392.42,390.43,73.12,206.72,0.5189,-1,-1,-1
952,104,1242.19,751.37,86.83,267.39,0.7631,-1,-1,-1
952,105,1146.66,73.22,59.15,163.57,0.3473,-1,-1,-1
952,108,1742.14,668.22,90.92,256.51,0.6676,-1,-1,-1
952,116,474.37,220.26,63.72,176.70,0.3207,-1,-1,-1
953,4,1719.19,456.95,74.05,209.64,0.5683,-1,-1,-1
953,73,321.38,769.67,89.47,262.79,0.8138,-1,-1,-1
953,80,924.76,935.35,70.77,144.66,0.7791,-1,-1,-1
953,81,1576.19,594.58,99.49,229.19,0.6081,-1,-1,-1
953,87,852.53,362.51,68.63,207.17,0.6847,-1,-1,-1
953,88,927.20,346.22,67.22,211.78,0.7090,-1,-1,-1
953,92,321.82,413.59,72.28,190.61,0.4314,-1,-1,-1
953,93,391.09,394.26,75.13,207.99,0.5562,-1,-1,-1
953,104,1241.36,750.62,86.44,266.05,0.7807,-1,-1,-1
953,105,1146.68,74.41,58.95,165.62,0.3897,-1,-1,-1
953,108,1741.95,668.59,90.93,255.52,0.6717,-1,-1,-1
953,116,476.28,220.51,62.40,176.22,0.3691,-1,-1,-1
954,4,1719.90,456.56,73.77,209.63,0.5800,-1,-1,-1
954,73,322.54,771.21,88.60,261.49,0.8180,-1,-1,-1
954,80,925.45,934.63,70.20,145.38,0.7647,-1,-1,-1
954,81,1576.43,596.64,98.55,228.00,0.5787,-1,-1,-1
954,87,852.25,360.98,67.67,208.23,0.6716,-1,-1,-1
954,88,925.50,345.42,68.63,211.82,0.7074,-1,-1,-1
954,92,321.90,414.21,69.14,189.45,0.4585,-1,-1,-1
954,93,388.77,394.19,76.87,211.11,0.6113,-1,-1,-1
954,101,808.20,136.42,54.90,175.25,0.3041,-1,-1,-1
954,104,1237.53,748.99,89.16,266.84,0.7781,-1,-1,-1
954,105,1147.26,76.92,59.35,165.89,0.3978,-1,-1,-1
954,108,1742.04,669.74,90.94,254.79,0.6836,-1,-1,-1
954,116,476.80,221.52,63.09,175.66,0.3807,-1,-1,-1
955,4,1718.97,455.98,74.81,210.42,0.5747,-1,-1,-1
955,73,322.31,772.90,88.45,259.63,0.8190,-1,-1,-1
955,80,926.38,934.43,68.88,145.58,0.7775,-1,-1,-1
955,81,1576.28,593.69,99.19,230.11,0.5886,-1,-1,-1
955,87,852.51,360.73,67.04,208.95,0.6666,-1,-1,-1
955,88,925.70,344.12,69.23,211.97,0.6881,-1,-1,-1
955,92,319.89,416.85,71.08,180.50,0.4147,-1,-1,-1
955,93,389.13,397.01,77.96,212.89,0.5808,-1,-1,-1
955,104,1237.31,746.46,87.70,268.88,0.7886,-1,-1,-1
955,105,1148.21,79.32,60.80,164.69,0.3767,-1,-1,-1
955,108,1742.10,668.53,90.58,253.92,0.6737,-1,-1,-1
955,116,476.79,222.95,64.97,176.43,0.3835,-1,-1,-1
956,4,1719.91,456.54,73.77,210.20,0.5833,-1,-1,-1
956,73,321.69,772.81,88.88,259.25,0.8289,-1,-1,-1
956,80,926.04,933.59,70.05,146.41,0.7815,-1,-1,-1
956,81,1579.27,594.75,96.44,229.26,0.5545,-1,-1,-1
956,87,851.39,360.85,67.59,210.40,0.6588,-1,-1,-1
956,88,924.05,344.36,71.52,215.20,0.6929,-1,-1,-1
956,92,321.18,418.45,68.90,180.44,0.4541,-1,-1,-1
956,93,389.46,400.76,77.21,212.68,0.6056,-1,-1,-1
956,98,425.17,234.01,59.47,190.85,0.3117,-1,-1,-1
956,104,1235.08,744.36,87.65,269.79,0.7904,-1,-1,-1
956,105,1149.38,80.74,61.23,163.44,0.3009,-1,-1,-1
956,108,1741.71,667.81,90.97,254.09,0.6592,-1,-1,-1
956,116,478.84,222.03,64.79,179.67,0.4050,-1,-1,-1
957,4,1719.04,456.16,74.38,210.15,0.5699,-1,-1,-1
957,73,321.99,773.67,87.97,259.58,0.8345,-1,-1,-1
957,80,925.98,933.28,71.05,146.73,0.7782,-1,-1,-1
957,81,1582.22,593.38,93.52,230.48,0.5680,-1,-1,-1
957,87,850.69,361.20,67.33,207.55,0.6745,-1,-1,-1
957,88,921.04,344.15,74.06,215.08,0.6919,-1,-1,-1
957,92,323.00,418.91,66.24,181.44,0.4293,-1,-1,-1
957,93,388.11,404.45,77.73,213.29,0.6145,-1,-1,-1
957,98,424.82,235.28,59.44,189.72,0.4072,-1,-1,-1
957,104,1231.91,743.18,91.77,256.70,0.7515,-1,-1,-1
957,108,1738.93,669.70,94.45,250.96,0.6707,-1,-1,-1
957,116,477.27,224.91,67.96,177.77,0.4349,-1,-1,-1
958,4,1719.11,455.88,74.54,210.60,0.5799,-1,-1,-1
958,73,322.13,774.88,87.73,263.40,0.8283,-1,-1,-1
958,80,926.80,932.86,70.88,147.15,0.7847,-1,-1,-1
958,81,1579.97,595.46,95.85,228.28,0.5441,-1,-1,-1
958,87,850.04,360.35,68.03,207.74,0.6789,-1,-1,-1
958,88,923.37,343.81,72.88,215.54,0.6937,-1,-1,-1
958,92,324.10,419.47,65.95,183.66,0.4483,-1,-1,-1
958,93,387.38,405.19,77.49,215.61,0.5994,-1,-1,-1
958,98,424.19,236.93,59.61,193.41,0.4598,-1,-1,-1
958,104,1231.16,742.21,90.98,259.81,0.7563,-1,-1,-1
958,105,1150.62,80.28,59.80,162.99,0.3162,-1,-1,-1
958,108,1739.19,667.85,94.51,254.15,0.6617,-1,-1,-1
958,116,480.57,228.29,65.66,176.90,0.3704,-1,-1,-1
959,4,1719.01,456.45,74.53,209.16,0.5786,-1,-1,-1
959,73,321.87,777.35,87.25,263.37,0.7966,-1,-1,-1
959,80,927.17,932.96,70.67,147.05,0.7850,-1,-1,-1
959,81,1581.05,596.68,94.07,227.73,0.5639,-1,-1,-1
959,87,850.38,359.26,67.89,205.31,0.6789,-1,-1,-1
959,88,924.50,343.34,71.23,216.17,0.6845,-1,-1,-1
959,92,321.66,421.14,67.85,186.71,0.5237,-1,-1,-1
959,93,386.30,408.85,77.31,213.68,0.6066,-1,-1,-1
959,98,423.07,237.09,60.98,194.08,0.4960,-1,-1,-1
959,104,1227.69,740.84,93.64,250.83,0.7574,-1,-1,-1
959,105,1151.52,80.36,59.49,164.68,0.3734,-1,-1,-1
959,108,1741.81,668.64,89.01,251.94,0.6471,-1,-1,-1
959,116,485.89,232.02,61.70,176.55,0.3643,-1,-1,-1
960,4,1719.04,455.53,74.80,210.61,0.5896,-1,-1,-1
960,73,321.74,779.79,86.97,263.04,0.8038,-1,-1,-1
960,80,927.29,932.34,71.25,147.66,0.7891,-1,-1,-1
960,81,1579.41,592.30,97.26,231.36,0.5780,-1,-1,-1
960,87,850.02,355.47,67.18,207.29,0.6894,-1,-1,-1
960,88,924.47,341.44,71.19,216.23,0.6971,-1,-1,-1
960,92,323.94,419.87,63.88,188.49,0.4973,-1,-1,-1
960,93,391.52,412.55,74.22,211.15,0.5336,-1,-1,-1
960,98,422.55,237.25,61.60,196.15,0.5241,-1,-1,-1
960,104,1224.72,739.26,94.01,257.91,0.7923,-1,-1,-1
960,105,1151.82,80.56,59.49,166.25,0.4258,-1,-1,-1
960,108,1741.76,668.94,90.86,252.22,0.6832,-1,-1,-1
960,116,487.11,232.55,61.87,178.17,0.3804,-1,-1,-1
961,4,1719.41,455.53,74.85,210.62,0.5976,-1,-1,-1
961,73,322.63,784.72,86.11,260.92,0.8184,-1,-1,-1
961,80,927.95,931.96,70.73,148.04,0.7791,-1,-1,-1
961,81,1576.70,593.49,99.53,230.37,0.5437,-1,-1,-1
961,87,848.94,352.04,66.07,205.54,0.6868,-1,-1,-1
961,88,924.65,340.36,71.57,217.21,0.6919,-1,-1,-1
961,92,321.05,422.12,65.33,191.43,0.5794,-1,-1,-1
961,93,391.18,412.64,74.53,211.06,0.5707,-1,-1,-1
961,98,422.50,239.05,61.80,196.60,0.4800,-1,-1,-1
961,104,1221.51,736.56,95.39,256.72,0.7770,-1,-1,-1
961,105,1153.03,78.96,57.81,168.08,0.4793,-1,-1,-1
961,108,1741.53,670.09,91.10,252.45,0.6776,-1,-1,-1
961,116,488.07,229.79,61.75,182.14,0.3736,-1,-1,-1
962,4,1719.38,455.37,73.95,209.65,0.5948,-1,-1,-1
962,73,322.62,786.83,85.76,260.11,0.8295,-1,-1,-1
962,80,928.01,932.09,71.21,147.92,0.7877,-1,-1,-1
962,81,1576.49,590.34,100.80,233.27,0.5474,-1,-1,-1
962,87,848.29,349.25,66.58,203.14,0.6832,-1,-1,-1
962,88,925.73,338.30,71.19,216.48,0.6872,-1,-1,-1
962,92,319.75,420.72,66.08,196.77,0.5732,-1,-1,-1
962,93,392.47,415.01,73.86,208.97,0.5330,-1,-1,-1
962,98,420.63,242.32,63.66,196.00,0.4939,-1,-1,-1
962,104,1220.65,732.66,93.42,256.51,0.7650,-1,-1,-1
962,105,1153.76,80.93,58.34,168.05,0.4084,-1,-1,-1
962,108,1741.63,665.96,92.23,259.88,0.6720,-1,-1,-1
962,116,489.46,231.59,61.25,182.06,0.3574,-1,-1,-1
963,4,1719.46,455.34,74.18,209.76,0.5758,-1,-1,-1
963,73,323.51,789.79,86.40,263.97,0.8183,-1,-1,-1
963,80,928.52,931.85,70.97,148.16,0.7773,-1,-1,-1
963,81,1574.01,591.71,104.25,232.41,0.5526,-1,-1,-1
963,87,848.87,347.95,64.25,202.93,0.6767,-1,-1,-1
963,88,924.67,335.91,70.53,218.37,0.6826,-1,-1,-1
963,92,319.99,419.79,65.92,200.96,0.5817,-1,-1,-1
963,93,392.24,415.11,74.11,208.96,0.5554,-1,-1,-1
963,98,420.00,242.01,64.14,196.43,0.4977,-1,-1,-1
963,104,1219.54,730.17,91.42,261.19,0.7674,-1,-1,-1
963,108,1741.32,668.14,92.05,254.49,0.6636,-1,-1,-1
963,116,489.07,231.71,62.94,181.70,0.3811,-1,-1,-1
964,4,1719.07,455.81,74.02,210.19,0.5691,-1,-1,-1
964,73,325.06,792.65,84.74,268.49,0.8268,-1,-1,-1
964,80,928.09,932.17,71.43,147.85,0.7843,-1,-1,-1
964,81,1575.28,589.00,101.01,235.40,0.5430,-1,-1,-1
964,87,848.01,346.70,63.16,202.42,0.6549,-1,-1,-1
964,88,923.22,333.46,71.31,217.22,0.6622,-1,-1,-1
964,92,321.20,424.15,63.49,197.82,0.6053,-1,-1,-1
964,93,392.03,416.36,73.92,207.68,0.5666,-1,-1,-1
964,98,420.56,242.85,61.52,199.93,0.4690,-1,-1,-1
964,104,1219.15,727.33,88.49,269.02,0.7785,-1,-1,-1
964,105,1151.36,85.78,61.74,166.79,0.3104,-1,-1,-1
964,108,1741.45,665.03,92.06,258.23,0.6716,-1,-1,-1
964,116,490.40,231.05,62.00,181.65,0.3879,-1,-1,-1
965,4,1719.46,455.78,74.33,209.23,0.5920,-1,-1,-1
965,73,326.20,795.49,84.48,273.48,0.8258,-1,-1,-1
965,80,928.33,931.95,71.41,147.93,0.7782,-1,-1,-1
965,81,1575.49,589.53,100.64,234.89,0.5984,-1,-1,-1
965,87,849.36,343.94,60.59,200.87,0.6580,-1,-1,-1
965,88,924.01,331.00,71.47,213.72,0.6826,-1,-1,-1
965,92,318.26,428.65,67.46,194.24,0.6129,-1,-1,-1
965,93,392.22,416.96,73.26,206.50,0.5657,-1,-1,-1
965,98,419.83,243.69,61.18,199.49,0.4527,-1,-1,-1
965,104,1217.07,722.53,89.44,266.54,0.7902,-1,-1,-1
965,105,1152.62,88.56,63.46,164.78,0.3248,-1,-1,-1
965,108,1741.76,669.48,92.67,254.44,0.6871,-1,-1,-1
965,116,490.69,230.61,63.20,183.24,0.4312,-1,-1,-1
966,4,1719.10,455.96,74.03,209.85,0.5744,-1,-1,-1
966,73,327.78,798.13,82.86,276.69,0.8304,-1,-1,-1
966,80,927.86,932.31,72.21,147.70,0.7738,-1,-1,-1
966,81,1574.74,590.92,102.48,233.25,0.6056,-1,-1,-1
966,87,849.34,342.80,60.62,200.29,0.6739,-1,-1,-1
966,88,924.71,329.98,70.43,207.31,0.7017,-1,-1,-1
966,92,319.37,433.96,65.70,188.84,0.6082,-1,-1,-1
966,93,388.25,414.22,76.01,209.37,0.5524,-1,-1,-1
966,98,419.85,243.93,60.34,199.69,0.4300,-1,-1,-1
966,104,1216.33,719.09,89.75,260.24,0.7831,-1,-1,-1
966,105,1152.37,90.92,64.38,165.32,0.3649,-1,-1,-1
966,108,1742.41,669.51,92.42,254.94,0.6888,-1,-1,-1
966,110,1645.82,120.49,59.20,158.19,0.3063,-1,-1,-1
966,116,491.25,230.60,63.40,182.72,0.4289,-1,-1,-1
967,4,1719.13,455.82,74.08,210.20,0.5819,-1,-1,-1
967,73,328.88,798.97,82.39,273.94,0.7979,-1,-1,-1
967,80,927.64,932.16,72.71,147.84,0.7771,-1,-1,-1
967,81,1573.32,590.45,104.48,233.59,0.5917,-1,-1,-1
967,87,850.12,340.89,60.67,202.38,0.6837,-1,-1,-1
967,88,926.59,328.28,68.64,207.22,0.7081,-1,-1,-1
967,92,314.67,432.99,70.58,191.35,0.5865,-1,-1,-1
967,93,392.59,418.10,72.37,204.89,0.5480,-1,-1,-1
967,98,417.54,245.07,64.34,197.80,0.3978,-1,-1,-1
967,104,1217.25,715.41,87.22,260.36,0.7860,-1,-1,-1
967,108,1741.79,670.12,91.56,253.98,0.7121,-1,-1,-1
967,116,492.64,230.96,62.50,183.03,0.4406,-1,-1,-1
968,4,1718.99,456.03,73.74,210.58,0.5836,-1,-1,-1
968,73,329.69,799.95,84.06,274.98,0.7966,-1,-1,-1
968,80,927.36,931.62,72.52,148.38,0.7810,-1,-1,-1
968,81,1574.53,589.42,103.02,234.76,0.6147,-1,-1,-1
968,87,848.25,339.83,61.82,204.51,0.6941,-1,-1,-1
968,88,926.84,325.31,68.79,208.23,0.7234,-1,-1,-1
968,92,312.53,433.04,71.98,191.69,0.5846,-1,-1,-1
968,93,393.59,418.60,71.79,203.49,0.5532,-1,-1,-1
968,98,415.36,245.29,66.75,196.88,0.3630,-1,-1,-1
968,104,1215.19,712.42,88.20,262.19,0.7839,-1,-1,-1
968,105,1152.71,93.16,65.46,170.77,0.3210,-1,-1,-1
968,108,1740.63,668.67,93.95,255.94,0.6957,-1,-1,-1
968,110,1647.58,123.69,58.45,163.97,0.3136,-1,-1,-1
968,116,493.24,231.22,61.91,183.64,0.5040,-1,-1,-1
969,4,1719.03,456.45,73.53,210.47,0.5891,-1,-1,-1
969,73,330.58,801.76,85.31,273.10,0.7833,-1,-1,-1
969,80,927.50,932.20,71.64,147.82,0.7818,-1,-1,-1
969,81,1574.07,590.72,105.43,233.44,0.6184,-1,-1,-1
969,87,848.87,339.04,60.76,206.02,0.6958,-1,-1,-1
969,88,927.21,323.99,68.34,207.64,0.7281,-1,-1,-1
969,92,306.26,432.85,79.74,192.22,0.5694,-1,-1,-1
969,93,393.72,420.76,71.47,202.70,0.5213,-1,-1,-1
969,104,1213.35,709.46,90.24,264.60,0.7817,-1,-1,-1
969,108,1740.08,668.17,93.19,254.27,0.6977,-1,-1,-1
969,110,1648.16,124.97,58.35,164.86,0.3086,-1,-1,-1
969,116,493.01,233.32,62.95,184.15,0.4677,-1,-1,-1
970,4,1719.05,455.73,73.73,210.09,0.5880,-1,-1,-1
970,73,331.46,803.30,86.17,271.86,0.7936,-1,-1,-1
970,80,926.95,932.05,71.76,147.95,0.7810,-1,-1,-1
970,81,1575.41,591.77,103.40,232.72,0.6187,-1,-1,-1
970,87,848.68,338.72,60.82,206.47,0.6995,-1,-1,-1
970,88,927.87,323.40,65.96,208.23,0.7032,-1,-1,-1
970,92,301.51,435.84,84.79,189.27,0.4561,-1,-1,-1
970,93,389.59,417.23,75.68,210.69,0.5194,-1,-1,-1
970,104,1211.94,707.91,90.91,266.97,0.7811,-1,-1,-1
970,108,1739.80,668.29,93.69,253.09,0.6942,-1,-1,-1
970,110,1649.25,125.42,57.21,164.89,0.3215,-1,-1,-1
970,116,494.01,235.16,63.76,185.02,0.4765,-1,-1,-1
971,4,1719.15,456.18,74.55,210.57,0.5860,-1,-1,-1
971,73,329.96,803.36,90.00,271.29,0.7871,-1,-1,-1
971,80,926.85,932.46,71.30,147.55,0.7793,-1,-1,-1
971,81,1575.18,590.50,103.86,233.74,0.5853,-1,-1,-1
971,87,848.65,338.25,60.42,207.98,0.7053,-1,-1,-1
971,88,927.92,322.97,65.88,207.83,0.7117,-1,-1,-1
971,92,301.52,434.94,84.60,190.20,0.3813,-1,-1,-1
971,93,392.27,422.94,74.27,213.83,0.5196,-1,-1,-1
971,104,1210.38,707.32,90.80,268.73,0.7932,-1,-1,-1
971,108,1740.20,670.54,92.00,251.90,0.6852,-1,-1,-1
971,110,1649.77,126.49,56.78,164.50,0.3210,-1,-1,-1
971,116,494.02,236.34,63.99,186.75,0.4628,-1,-1,-1
972,4,1719.75,455.81,73.44,209.83,0.5870,-1,-1,-1
972,73,329.50,804.33,93.05,269.66,0.7704,-1,-1,-1
972,80,926.89,932.65,69.74,147.35,0.7637,-1,-1,-1
972,81,1575.07,590.30,103.63,233.73,0.5742,-1,-1,-1
972,87,848.47,338.20,60.32,208.45,0.6763,-1,-1,-1
972,88,927.60,322.28,65.73,207.25,0.6948,-1,-1,-1
972,92,324.75,437.44,60.90,187.98,0.3572,-1,-1,-1
972,93,387.06,418.59,78.51,217.04,0.5281,-1,-1,-1
972,104,1207.74,707.08,92.53,268.82,0.7898,-1,-1,-1
972,108,1740.56,668.95,92.29,255.40,0.6968,-1,-1,-1
972,116,493.43,238.81,65.01,185.40,0.4040,-1,-1,-1
973,4,1718.92,455.85,74.09,210.60,0.5752,-1,-1,-1
973,73,329.18,806.15,95.93,266.97,0.7738,-1,-1,-1
973,80,926.17,933.65,70.61,146.37,0.7776,-1,-1,-1
973,81,1574.79,591.12,103.76,233.25,0.6067,-1,-1,-1
973,87,847.26,336.40,61.87,208.13,0.6858,-1,-1,-1
973,88,927.87,321.75,64.96,207.48,0.6986,-1,-1,-1
973,92,327.52,435.17,58.28,191.48,0.4687,-1,-1,-1
973,93,387.79,419.26,77.36,219.22,0.5476,-1,-1,-1
973,98,413.78,249.94,64.78,191.45,0.3060,-1,-1,-1
973,104,1206.93,705.36,89.58,268.68,0.7941,-1,-1,-1
973,108,1740.25,668.28,93.31,254.63,0.6941,-1,-1,-1
973,116,494.85,240.66,62.92,184.70,0.4473,-1,-1,-1
974,4,1719.37,455.30,72.83,209.99,0.5481,-1,-1,-1
974,73,328.45,807.10,98.13,266.36,0.7683,-1,-1,-1
974,80,926.03,932.82,69.25,147.17,0.7694,-1,-1,-1
974,81,1576.99,589.13,101.99,234.78,0.6294,-1,-1,-1
974,87,847.59,335.49,61.32,208.57,0.6666,-1,-1,-1
974,88,926.98,321.80,65.12,207.14,0.7105,-1,-1,-1
974,92,327.21,435.95,58.82,190.92,0.4757,-1,-1,-1
974,93,387.63,421.80,76.30,219.00,0.5676,-1,-1,-1
974,98,413.55,250.60,65.05,189.42,0.3226,-1,-1,-1
974,104,1205.45,703.35,91.08,270.38,0.7965,-1,-1,-1
974,108,1740.27,670.72,92.20,253.13,0.6885,-1,-1,-1
974,116,496.32,243.03,61.86,184.74,0.4492,-1,-1,-1
975,4,1718.72,455.18,73.91,210.83,0.5843,-1,-1,-1
975,73,328.13,808.80,99.54,264.46,0.7802,-1,-1,-1
975,80,924.48,933.75,69.94,146.28,0.7595,-1,-1,-1
975,81,1577.93,589.81,101.49,234.41,0.6047,-1,-1,-1
975,87,846.97,333.35,61.62,208.51,0.6640,-1,-1,-1
975,88,926.90,321.08,64.37,209.21,0.6908,-1,-1,-1
975,92,326.86,437.38,58.68,191.12,0.4973,-1,-1,-1
975,93,387.54,423.93,76.78,218.22,0.5703,-1,-1,-1
975,98,410.93,251.52,69.07,190.79,0.4291,-1,-1,-1
975,104,1203.99,702.72,88.82,270.29,0.7914,-1,-1,-1
975,108,1737.45,669.14,96.57,254.68,0.6918,-1,-1,-1
975,110,1651.76,127.53,58.91,162.95,0.3283,-1,-1,-1
975,116,496.06,244.53,63.23,186.94,0.4647,-1,-1,-1
976,4,1719.35,457.29,73.44,208.70,0.5698,-1,-1,-1
976,73,328.46,811.28,100.32,264.39,0.7742,-1,-1,-1
976,80,924.17,934.04,68.62,145.97,0.7337,-1,-1,-1
976,81,1578.80,588.73,101.03,235.22,0.6039,-1,-1,-1
976,87,846.32,332.17,61.90,204.74,0.6726,-1,-1,-1
976,88,925.08,320.45,65.26,211.59,0.6926,-1,-1,-1
976,92,325.18,436.71,59.86,191.33,0.5091,-1,-1,-1
976,93,388.28,426.38,75.49,218.46,0.5746,-1,-1,-1
976,98,411.04,252.40,68.12,190.84,0.4364,-1,-1,-1
976,104,1201.28,700.84,89.70,270.33,0.8038,-1,-1,-1
976,105,1168.51,100.18,63.70,169.31,0.3276,-1,-1,-1
976,108,1737.48,671.27,96.69,252.04,0.7112,-1,-1,-1
976,110,1656.56,127.61,54.71,158.63,0.3450,-1,-1,-1
976,116,496.24,245.79,63.46,189.14,0.4552,-1,-1,-1
977,4,1719.31,456.67,73.39,210.05,0.5578,-1,-1,-1
977,73,328.47,813.50,101.79,265.81,0.7843,-1,-1,-1
977,80,921.93,933.70,70.19,146.29,0.7405,-1,-1,-1
977,81,1577.22,588.29,103.16,236.14,0.6107,-1,-1,-1
977,87,846.30,330.23,61.55,202.77,0.6665,-1,-1,-1
977,88,922.68,317.39,65.07,214.11,0.6804,-1,-1,-1
977,92,323.26,436.60,63.60,194.66,0.4865,-1,-1,-1
977,93,387.14,428.56,75.69,216.78,0.5711,-1,-1,-1
977,98,407.27,255.42,70.99,188.56,0.4148,-1,-1,-1
977,104,1201.51,698.59,86.50,273.53,0.7905,-1,-1,-1
977,108,1737.08,669.34,96.36,252.64,0.7134,-1,-1,-1
977,110,1657.80,129.26,55.21,158.78,0.4568,-1,-1,-1
977,116,495.06,247.69,64.52,188.28,0.4387,-1,-1,-1
978,4,1719.29,457.42,73.62,208.99,0.5440,-1,-1,-1
978,73,329.32,816.36,100.01,263.67,0.7920,-1,-1,-1
978,80,922.34,934.36,68.42,145.65,0.7364,-1,-1,-1
978,81,1577.35,589.45,102.58,234.91,0.6092,-1,-1,-1
978,87,845.24,327.89,62.70,199.57,0.6665,-1,-1,-1
978,88,922.84,316.89,65.03,211.56,0.6793,-1,-1,-1
978,92,321.26,438.95,66.84,196.10,0.4360,-1,-1,-1
978,93,387.91,429.74,73.79,216.24,0.5471,-1,-1,-1
978,98,407.71,259.60,69.68,186.05,0.4140,-1,-1,-1
978,104,1199.74,695.75,85.92,274.19,0.7882,-1,-1,-1
978,108,1737.13,669.83,95.36,252.80,0.7100,-1,-1,-1
978,110,1658.64,131.03,54.45,159.70,0.4042,-1,-1,-1
978,116,495.39,249.23,64.58,187.13,0.4549,-1,-1,-1
978,117,1780.12,164.18,56.67,170.97,0.3121,-1,-1,-1
979,4,1718.82,456.69,73.47,209.85,0.5309,-1,-1,-1
979,73,330.40,818.77,99.18,261.26,0.8076,-1,-1,-1
979,80,921.99,935.05,67.64,144.97,0.7400,-1,-1,-1
979,81,1575.41,590.47,104.17,233.43,0.6143,-1,-1,-1
979,87,845.08,324.97,62.58,198.48,0.6504,-1,-1,-1
979,88,922.48,316.03,63.88,208.89,0.6810,-1,-1,-1
979,92,308.27,439.39,80.96,200.79,0.5161,-1,-1,-1
979,93,388.07,432.01,74.92,214.88,0.5978,-1,-1,-1
979,98,405.10,260.89,70.83,185.13,0.4546,-1,-1,-1
979,104,1199.65,691.79,85.74,276.09,0.7898,-1,-1,-1
979,108,1736.99,669.10,96.16,252.91,0.7057,-1,-1,-1
979,110,1660.21,132.49,54.05,159.29,0.3730,-1,-1,-1
979,116,496.32,249.42,63.27,186.94,0.4903,-1,-1,-1
980,4,1720.00,456.69,72.56,209.20,0.5465,-1,-1,-1
980,73,330.06,822.23,98.35,257.81,0.8206,-1,-1,-1
980,80,921.29,935.91,66.47,144.10,0.7514,-1,-1,-1
980,81,1574.56,590.83,105.82,233.51,0.6258,-1,-1,-1
980,87,845.22,324.63,60.54,198.35,0.6299,-1,-1,-1
980,88,921.97,314.79,63.28,208.15,0.6861,-1,-1,-1
980,92,308.31,438.28,79.95,207.75,0.6045,-1,-1,-1
980,93,388.31,431.67,75.05,216.33,0.6374,-1,-1,-1
980,98,404.01,257.95,73.43,188.18,0.4437,-1,-1,-1
980,104,1199.34,687.71,86.32,271.72,0.7734,-1,-1,-1
980,105,1176.83,110.59,61.38,164.69,0.3729,-1,-1,-1
980,108,1737.52,667.65,97.15,254.85,0.6966,-1,-1,-1
980,110,1661.81,133.68,53.57,160.40,0.4007,-1,-1,-1
980,116,494.96,248.82,65.60,188.07,0.4454,-1,-1,-1
981,4,1718.98,456.71,74.41,209.71,0.5475,-1,-1,-1
981,73,330.10,826.19,98.21,253.85,0.8242,-1,-1,-1
981,80,920.53,936.58,66.64,143.43,0.7438,-1,-1,-1
981,81,1575.23,590.28,104.72,234.15,0.6279,-1,-1,-1
981,87,844.65,322.56,59.90,199.88,0.6143,-1,-1,-1
981,88,920.15,313.00,63.67,207.24,0.6630,-1,-1,-1
981,92,309.43,440.29,79.13,206.88,0.5142,-1,-1,-1
981,93,387.91,432.92,73.72,215.71,0.5301,-1,-1,-1
981,98,403.09,257.05,74.88,191.39,0.4353,-1,-1,-1
981,104,1198.06,684.09,85.84,265.70,0.7786,-1,-1,-1
981,105,1178.02,112.28,61.18,163.79,0.3761,-1,-1,-1
981,108,1739.86,669.63,91.44,252.57,0.6989,-1,-1,-1
981,110,1661.57,135.99,55.15,159.15,0.3921,-1,-1,-1
981,116,495.39,248.43,64.44,186.84,0.4566,-1,-1,-1
982,4,1719.51,457.14,73.74,209.18,0.5407,-1,-1,-1
982,73,330.46,829.33,96.84,250.70,0.8211,-1,-1,-1
982,80,918.76,937.26,67.66,142.75,0.7421,-1,-1,-1
982,81,1575.21,589.89,106.04,233.86,0.6244,-1,-1,-1
982,87,840.71,319.37,65.01,198.45,0.6024,-1,-1,-1
982,88,921.97,310.60,61.67,203.86,0.6536,-1,-1,-1
982,92,310.99,443.12,78.08,207.24,0.4837,-1,-1,-1
982,93,390.95,441.13,71.38,207.90,0.5090,-1,-1,-1
982,98,399.77,259.57,77.61,191.70,0.4456,-1,-1,-1
982,104,1196.85,680.48,85.87,263.48,0.7703,-1,-1,-1
982,105,1180.00,114.31,61.20,164.01,0.3616,-1,-1,-1
982,108,1737.08,668.25,97.36,254.60,0.7030,-1,-1,-1
982,110,1660.91,138.83,56.51,157.18,0.4020,-1,-1,-1
982,116,495.24,248.76,64.58,184.85,0.4604,-1,-1,-1
983,4,1719.96,456.83,73.71,210.23,0.5340,-1,-1,-1
983,73,330.27,832.74,94.71,247.28,0.8259,-1,-1,-1
983,80,917.05,937.79,67.90,142.21,0.7389,-1,-1,-1
983,81,1575.35,588.87,105.46,235.12,0.6065,-1,-1,-1
983,87,840.15,317.88,64.68,204.58,0.6487,-1,-1,-1
983,88,922.78,308.83,60.95,204.58,0.6712,-1,-1,-1
983,92,309.85,446.14,75.52,205.98,0.5068,-1,-1,-1
983,93,389.09,435.75,71.29,213.16,0.5044,-1,-1,-1
983,98,396.74,259.26,80.94,193.29,0.4443,-1,-1,-1
983,104,1194.51,677.43,87.42,256.84,0.7636,-1,-1,-1
983,105,1180.60,114.71,61.81,165.59,0.3232,-1,-1,-1
983,108,1739.77,670.86,90.02,250.91,0.6793,-1,-1,-1
983,110,1660.63,139.93,58.17,156.96,0.3752,-1,-1,-1
983,116,494.27,249.12,65.66,184.63,0.4809,-1,-1,-1
984,4,1719.12,457.55,74.95,210.25,0.5409,-1,-1,-1
984,73,329.48,834.63,95.40,245.37,0.8257,-1,-1,-1
984,80,917.65,938.77,67.08,141.25,0.7370,-1,-1,-1
984,81,1575.21,586.07,106.29,237.55,0.6219,-1,-1,-1
984,87,839.03,317.16,67.81,201.83,0.6542,-1,-1,-1
984,88,921.58,308.21,61.96,203.67,0.6785,-1,-1,-1
984,92,310.79,450.63,73.64,203.33,0.4620,-1,-1,-1
984,93,392.39,443.06,69.61,205.91,0.5214,-1,-1,-1
984,98,398.25,259.09,81.53,192.62,0.3954,-1,-1,-1
984,104,1193.60,673.73,88.49,255.61,0.7552,-1,-1,-1
984,105,1181.84,117.12,60.41,163.70,0.3193,-1,-1,-1
984,108,1739.92,669.15,92.40,252.57,0.6940,-1,-1,-1
984,110,1661.84,141.05,57.64,157.99,0.3627,-1,-1,-1
984,116,493.99,250.37,65.88,184.14,0.5097,-1,-1,-1
984,118,320.52,260.83,58.21,184.94,0.3916,-1,-1,-1
985,4,1719.39,458.14,75.05,208.95,0.5180,-1,-1,-1
985,73,329.06,836.20,95.17,243.80,0.8158,-1,-1,-1
985,80,915.15,940.05,67.76,139.98,0.7294,-1,-1,-1
985,81,1574.95,587.47,107.35,236.55,0.6100,-1,-1,-1
985,87,837.05,316.47,70.21,201.93,0.6291,-1,-1,-1
985,88,920.77,305.74,62.24,204.85,0.6609,-1,-1,-1
985,92,304.96,455.72,76.06,194.77,0.4344,-1,-1,-1
985,93,391.06,444.01,70.76,205.24,0.5316,-1,-1,-1
985,98,398.36,260.20,79.32,191.57,0.3297,-1,-1,-1
985,104,1191.60,670.84,89.77,260.01,0.7661,-1,-1,-1
985,105,1182.92,118.34,60.73,162.46,0.3206,-1,-1,-1
985,108,1740.01,670.84,89.85,250.96,0.6748,-1,-1,-1
985,110,1663.76,142.00,56.51,159.47,0.3611,-1,-1,-1
985,116,493.95,251.15,66.70,185.48,0.5403,-1,-1,-1
985,118,319.84,262.45,55.92,185.13,0.3794,-1,-1,-1
986,4,1720.43,457.54,73.73,208.88,0.4966,-1,-1,-1
986,73,329.29,837.08,94.52,242.91,0.7984,-1,-1,-1
986,80,915.12,940.55,67.35,139.45,0.7138,-1,-1,-1
986,81,1574.97,584.39,107.35,239.62,0.6145,-1,-1,-1
986,87,838.60,317.20,66.50,205.77,0.6420,-1,-1,-1
986,88,920.09,303.80,63.51,206.24,0.6641,-1,-1,-1
986,92,302.21,458.37,77.83,192.74,0.4422,-1,-1,-1
986,93,391.59,444.73,70.13,205.29,0.5417,-1,-1,-1
986,98,395.94,258.80,82.31,194.44,0.3923,-1,-1,-1
986,104,1190.50,667.91,88.45,257.92,0.7544,-1,-1,-1
986,108,1740.04,670.22,90.86,252.33,0.6857,-1,-1,-1
986,110,1665.65,142.77,55.34,156.91,0.3684,-1,-1,-1
986,116,493.43,253.14,67.59,185.08,0.5201,-1,-1,-1
986,118,320.21,263.89,54.99,185.51,0.3518,-1,-1,-1
987,4,1719.42,457.44,74.88,209.36,0.5071,-1,-1,-1
987,73,329.74,838.54,93.04,241.45,0.7834,-1,-1,-1
987,80,912.38,940.74,68.80,139.25,0.7142,-1,-1,-1
987,81,1574.57,585.63,106.87,238.95,0.6250,-1,-1,-1
987,87,835.00,315.65,71.44,203.44,0.6327,-1,-1,-1
987,88,919.18,302.27,65.52,205.67,0.6760,-1,-1,-1
987,92,301.48,457.63,78.55,194.44,0.4658,-1,-1,-1
987,93,391.20,444.96,70.50,205.90,0.5457,-1,-1,-1
987,98,395.91,256.54,78.98,196.59,0.3737,-1,-1,-1
987,104,1191.26,666.52,87.68,258.08,0.7517,-1,-1,-1
987,108,1740.27,670.43,90.98,251.85,0.6776,-1,-1,-1
987,110,1668.14,144.31,54.42,155.21,0.3985,-1,-1,-1
987,116,494.11,254.09,66.92,187.69,0.5079,-1,-1,-1
987,118,318.39,265.30,55.14,187.21,0.3694,-1,-1,-1
988,4,1720.50,457.81,74.38,209.91,0.5130,-1,-1,-1
988,73,328.98,839.86,93.36,240.14,0.7764,-1,-1,-1
988,80,913.22,941.25,66.85,138.75,0.7181,-1,-1,-1
988,81,1575.19,586.22,105.58,238.16,0.6241,-1,-1,-1
988,87,835.29,314.96,70.87,204.48,0.6249,-1,-1,-1
988,88,919.40,301.20,66.40,208.12,0.6507,-1,-1,-1
988,92,299.99,459.02,78.98,194.21,0.4696,-1,-1,-1
988,93,387.61,440.87,73.27,213.94,0.5696,-1,-1,-1
988,98,398.50,256.34,74.61,197.26,0.4426,-1,-1,-1
988,104,1189.69,665.15,88.31,258.62,0.7255,-1,-1,-1
988,108,1740.03,668.96,91.31,252.72,0.6800,-1,-1,-1
988,110,1671.14,144.34,52.87,154.66,0.4014,-1,-1,-1
988,116,494.14,255.45,67.90,187.79,0.4959,-1,-1,-1
988,118,314.69,270.12,56.43,183.32,0.3979,-1,-1,-1
989,4,1720.54,458.78,75.57,208.68,0.4899,-1,-1,-1
989,73,328.17,841.73,94.43,238.27,0.7704,-1,-1,-1
989,80,911.91,941.58,66.41,138.41,0.7060,-1,-1,-1
989,81,1575.93,584.82,104.56,239.60,0.6464,-1,-1,-1
989,87,835.07,313.65,70.60,203.98,0.6209,-1,-1,-1
989,88,919.05,300.71,67.57,208.16,0.6215,-1,-1,-1
989,92,299.47,459.82,78.42,193.90,0.4845,-1,-1,-1
989,93,387.89,442.72,72.46,217.89,0.6146,-1,-1,-1
989,98,399.09,258.02,72.21,199.36,0.4667,-1,-1,-1
989,104,1187.53,664.54,89.23,245.12,0.7231,-1,-1,-1
989,105,1188.94,123.42,52.50,166.15,0.3302,-1,-1,-1
989,108,1740.44,669.60,91.38,252.67,0.6841,-1,-1,-1
989,110,1672.25,145.50,52.64,156.88,0.4345,-1,-1,-1
989,116,494.60,256.94,66.62,186.96,0.4879,-1,-1,-1
989,118,313.94,274.45,56.41,177.24,0.3818,-1,-1,-1
990,4,1721.29,457.55,75.61,208.39,0.5166,-1,-1,-1
990,73,327.68,843.47,94.56,236.53,0.7772,-1,-1,-1
990,80,910.02,941.69,66.90,138.30,0.7077,-1,-1,-1
990,81,1574.24,585.15,105.72,239.27,0.6412,-1,-1,-1
990,87,835.19,312.74,70.82,204.74,0.6357,-1,-1,-1
990,88,920.29,300.54,66.65,206.84,0.6090,-1,-1,-1
990,92,298.97,459.76,77.90,194.66,0.4836,-1,-1,-1
990,93,388.01,444.54,72.97,218.11,0.6316,-1,-1,-1
990,98,407.09,262.15,61.23,199.25,0.4407,-1,-1,-1
990,104,1186.91,663.81,86.85,239.80,0.7089,-1,-1,-1
990,105,1191.12,121.97,50.79,168.03,0.3999,-1,-1,-1
990,108,1740.41,668.55,90.30,253.14,0.6723,-1,-1,-1
990,110,1673.32,145.11,53.31,159.66,0.4369,-1,-1,-1
990,116,497.73,259.31,63.74,186.03,0.4602,-1,-1,-1
990,118,315.04,275.79,54.99,175.19,0.3137,-1,-1,-1
991,4,1719.61,458.04,78.48,208.72,0.5164,-1,-1,-1
991,73,327.50,844.98,94.06,235.02,0.7794,-1,-1,-1
991,80,909.99,942.84,66.71,137.18,0.7295,-1,-1,-1
991,81,1574.41,585.74,107.87,238.85,0.6625,-1,-1,-1
991,87,835.56,311.94,69.62,203.10,0.6162,-1,-1,-1
991,88,920.59,299.90,65.75,211.32,0.5669,-1,-1,-1
991,92,298.98,458.46,77.60,195.14,0.4324,-1,-1,-1
991,93,386.75,445.09,73.41,220.33,0.5909,-1,-1,-1
991,98,401.89,263.11,65.44,202.27,0.4701,-1,-1,-1
991,104,1186.76,661.78,87.11,254.56,0.7374,-1,-1,-1
991,108,1739.21,667.86,90.48,254.53,0.6911,-1,-1,-1
991,110,1673.41,145.52,55.33,161.54,0.4351,-1,-1,-1
991,116,498.76,260.67,61.90,186.81,0.5418,-1,-1,-1
991,118,315.40,274.34,56.14,177.68,0.3034,-1,-1,-1
992,4,1719.02,458.00,79.53,208.51,0.5465,-1,-1,-1
992,73,327.60,846.45,93.04,233.55,0.7838,-1,-1,-1
992,80,908.95,943.12,66.61,136.88,0.7291,-1,-1,-1
992,81,1575.25,585.09,106.97,239.28,0.6794,-1,-1,-1
992,87,835.36,310.95,68.83,197.39,0.6173,-1,-1,-1
992,88,919.69,300.19,66.86,211.22,0.6108,-1,-1,-1
992,92,299.75,456.79,77.80,196.73,0.4760,-1,-1,-1
992,93,385.22,448.44,74.00,218.53,0.6126,-1,-1,-1
992,98,399.92,263.32,68.29,205.90,0.5006,-1,-1,-1
992,104,1184.01,660.18,87.53,258.77,0.7232,-1,-1,-1
992,105,1191.13,119.44,59.55,173.11,0.3272,-1,-1,-1
992,108,1739.89,668.72,89.26,254.31,0.6791,-1,-1,-1
992,110,1672.38,146.62,58.53,161.91,0.4457,-1,-1,-1
992,116,496.31,261.87,64.41,187.69,0.5677,-1,-1,-1
993,4,1719.59,457.21,78.15,210.22,0.5240,-1,-1,-1
993,73,327.58,847.66,92.59,232.34,0.7816,-1,-1,-1
993,80,908.52,943.96,67.51,136.05,0.7397,-1,-1,-1
993,81,1574.79,585.46,106.87,238.64,0.6825,-1,-1,-1
993,87,837.06,310.58,66.57,197.57,0.6127,-1,-1,-1
993,88,921.78,299.14,63.95,211.12,0.5868,-1,-1,-1
993,92,302.62,461.27,76.00,194.05,0.5120,-1,-1,-1
993,93,383.33,452.47,75.24,218.63,0.6136,-1,-1,-1
993,98,403.98,265.85,63.24,200.63,0.5001,-1,-1,-1
993,104,1182.43,658.47,88.52,254.15,0.7072,-1,-1,-1
993,105,1191.79,120.25,61.08,174.17,0.3518,-1,-1,-1
993,108,1740.21,667.56,91.37,255.64,0.6827,-1,-1,-1
993,110,1672.10,147.80,60.26,164.33,0.3875,-1,-1,-1
993,116,497.20,263.09,64.04,186.41,0.5456,-1,-1,-1
993,118,313.11,278.19,57.50,177.30,0.3273,-1,-1,-1
994,4,1718.66,458.03,79.78,209.48,0.5426,-1,-1,-1
994,73,328.75,849.87,90.08,230.14,0.7850,-1,-1,-1
994,80,906.48,943.90,69.96,136.08,0.7345,-1,-1,-1
994,81,1575.81,585.40,105.51,238.85,0.6773,-1,-1,-1
994,87,839.29,307.54,62.89,200.40,0.6286,-1,-1,-1
994,88,922.54,297.47,65.92,210.18,0.5905,-1,-1,-1
994,92,305.48,463.01,72.71,194.23,0.5319,-1,-1,-1
994,93,381.26,454.44,76.13,217.12,0.6197,-1,-1,-1
994,98,401.87,265.99,65.36,203.21,0.5159,-1,-1,-1
994,104,1181.27,656.25,87.87,259.92,0.7173,-1,-1,-1
994,105,1192.64,122.04,60.66,176.44,0.3017,-1,-1,-1
994,108,1737.32,670.88,98.09,253.41,0.6769,-1,-1,-1
994,110,1669.59,149.72,63.67,162.83,0.3430,-1,-1,-1
994,116,499.37,264.55,62.69,184.43,0.5244,-1,-1,-1
994,118,315.23,279.48,58.82,174.23,0.3576,-1,-1,-1
995,4,1719.35,458.24,79.21,208.81,0.5495,-1,-1,-1
995,73,329.36,852.52,90.46,227.50,0.7778,-1,-1,-1
995,80,906.65,944.67,69.17,135.34,0.7331,-1,-1,-1
995,81,1576.76,586.58,103.89,237.67,0.6632,-1,-1,-1
995,87,839.88,305.72,62.58,196.76,0.5836,-1,-1,-1
995,88,921.87,295.36,66.60,210.39,0.5856,-1,-1,-1
995,92,306.04,463.47,71.82,197.21,0.5613,-1,-1,-1
995,93,381.71,455.41,74.93,217.70,0.6158,-1,-1,-1
995,98,402.62,265.67,63.56,207.03,0.5076,-1,-1,-1
995,104,1177.42,654.18,86.74,252.71,0.7372,-1,-1,-1
995,108,1737.80,670.43,96.86,254.47,0.6797,-1,-1,-1
995,110,1668.89,152.75,65.95,161.75,0.3459,-1,-1,-1
995,116,499.86,265.80,62.52,184.11,0.4951,-1,-1,-1
995,118,313.55,279.67,58.72,178.16,0.3528,-1,-1,-1
996,4,1720.16,458.37,77.96,208.09,0.5566,-1,-1,-1
996,73,329.44,853.57,90.44,226.42,0.7834,-1,-1,-1
996,80,906.98,945.24,67.83,134.76,0.7313,-1,-1,-1
996,81,1575.98,586.04,104.21,237.94,0.6556,-1,-1,-1
996,87,840.44,304.13,62.09,195.47,0.6331,-1,-1,-1
996,88,922.08,293.62,68.75,209.73,0.5693,-1,-1,-1
996,92,307.86,463.44,69.13,204.11,0.5757,-1,-1,-1
996,93,380.24,456.08,76.06,217.02,0.6263,-1,-1,-1
996,98,402.87,268.32,62.84,208.12,0.5283,-1,-1,-1
996,104,1177.36,651.55,85.63,258.42,0.7636,-1,-1,-1
996,108,1740.40,669.88,90.24,252.75,0.6779,-1,-1,-1
996,110,1670.27,154.00,63.97,163.80,0.3360,-1,-1,-1
996,116,499.76,265.56,63.36,185.13,0.4852,-1,-1,-1
996,118,312.04,278.65,57.87,179.01,0.3614,-1,-1,-1
997,4,1720.22,458.04,78.56,208.71,0.5354,-1,-1,-1
997,73,328.94,857.46,91.76,222.58,0.7794,-1,-1,-1
997,80,906.15,945.52,68.71,134.48,0.7348,-1,-1,-1
997,81,1576.30,586.62,103.18,237.22,0.6555,-1,-1,-1
997,87,841.77,302.12,60.18,194.81,0.6105,-1,-1,-1
997,88,922.93,290.85,65.57,211.25,0.5848,-1,-1,-1
997,92,307.51,464.93,70.33,204.93,0.5936,-1,-1,-1
997,93,380.97,456.71,76.00,216.65,0.6295,-1,-1,-1
997,98,400.80,267.09,64.19,209.17,0.4740,-1,-1,-1
997,104,1176.14,647.82,84.27,256.76,0.7588,-1,-1,-1
997,108,1741.31,670.32,88.23,251.79,0.6758,-1,-1,-1
997,110,1669.71,156.07,65.98,162.73,0.3431,-1,-1,-1
997,116,503.23,263.93,60.94,185.85,0.5050,-1,-1,-1
997,118,310.98,278.28,57.28,183.25,0.3517,-1,-1,-1
998,4,1721.78,458.34,76.47,209.06,0.5764,-1,-1,-1
998,73,329.36,860.67,91.29,219.35,0.7687,-1,-1,-1
998,80,905.31,945.51,69.21,134.48,0.7315,-1,-1,-1
998,81,1576.61,586.70,104.05,237.87,0.6735,-1,-1,-1
998,87,842.55,298.66,60.88,196.47,0.5720,-1,-1,-1
998,88,923.12,288.41,67.04,210.51,0.5794,-1,-1,-1
998,92,307.39,468.63,71.34,202.70,0.5810,-1,-1,-1
998,93,379.92,457.42,78.16,216.30,0.5851,-1,-1,-1
998,98,400.11,268.68,63.78,207.03,0.3999,-1,-1,-1
998,104,1176.24,642.00,83.44,256.63,0.7625,-1,-1,-1
998,108,1741.40,670.03,87.75,254.76,0.6839,-1,-1,-1
998,110,1669.66,159.30,66.93,159.63,0.4056,-1,-1,-1
998,116,503.98,264.08,60.87,186.27,0.5315,-1,-1,-1
998,118,311.31,278.78,59.31,183.13,0.3911,-1,-1,-1
999,4,1721.07,458.20,76.68,209.44,0.5487,-1,-1,-1
999,73,329.77,864.50,91.70,215.53,0.7800,-1,-1,-1
999,80,905.45,945.93,68.85,134.07,0.7227,-1,-1,-1
999,81,1578.26,586.84,102.38,237.13,0.6477,-1,-1,-1
999,87,843.14,296.61,60.53,197.64,0.5633,-1,-1,-1
999,88,924.24,286.15,69.27,210.63,0.5774,-1,-1,-1
999,92,307.90,467.41,70.40,205.69,0.5901,-1,-1,-1
999,93,378.88,457.16,79.83,216.73,0.5324,-1,-1,-1
999,98,401.40,269.69,61.94,205.19,0.4258,-1,-1,-1
999,104,1175.94,638.49,82.46,254.53,0.7533,-1,-1,-1
999,108,1741.39,669.23,88.73,254.35,0.6788,-1,-1,-1
999,110,1671.56,161.90,64.99,160.34,0.4189,-1,-1,-1
999,116,502.48,265.54,62.14,185.98,0.5095,-1,-1,-1
1000,4,1721.41,457.57,75.46,209.76,0.5490,-1,-1,-1
1000,73,330.59,867.80,91.38,212.22,0.7948,-1,-1,-1
1000,80,905.76,946.13,68.23,133.86,0.7306,-1,-1,-1
1000,81,1576.88,586.17,102.42,237.85,0.6524,-1,-1,-1
1000,87,843.00,295.31,60.81,200.42,0.5312,-1,-1,-1
1000,88,925.79,284.28,65.62,206.33,0.5484,-1,-1,-1
1000,92,306.87,470.73,71.82,203.56,0.6243,-1,-1,-1
1000,93,377.18,457.66,83.59,216.75,0.5374,-1,-1,-1
1000,98,400.32,269.57,66.06,207.13,0.3394,-1,-1,-1
1000,104,1174.12,636.86,84.76,252.74,0.7513,-1,-1,-1
1000,108,1742.02,672.02,88.96,252.05,0.6617,-1,-1,-1
1000,110,1673.19,163.17,62.78,161.57,0.3706,-1,-1,-1
1000,116,503.44,264.73,62.04,185.87,0.4706,-1,-1,-1
1000,118,309.89,279.84,59.40,185.95,0.3016,-1,-1,-1
1001,4,1720.48,458.57,75.50,209.11,0.5610,-1,-1,-1
1001,73,332.86,870.37,90.78,209.63,0.7963,-1,-1,-1
1001,80,905.26,946.61,69.14,133.39,0.7319,-1,-1,-1
1001,81,1574.25,586.19,105.57,237.79,0.6562,-1,-1,-1
1001,87,843.46,294.68,60.35,201.07,0.5509,-1,-1,-1
1001,88,926.41,282.85,65.54,202.49,0.5573,-1,-1,-1
1001,92,306.43,471.92,72.77,201.96,0.5708,-1,-1,-1
1001,93,377.09,457.72,80.88,216.55,0.5254,-1,-1,-1
1001,98,399.01,269.49,68.43,206.06,0.3867,-1,-1,-1
1001,104,1175.16,634.92,84.40,254.18,0.7634,-1,-1,-1
1001,108,1741.81,668.14,86.08,255.67,0.6402,-1,-1,-1
1001,110,1674.06,163.97,61.45,161.20,0.3791,-1,-1,-1
1001,116,503.07,267.23,61.95,186.35,0.4799,-1,-1,-1
1001,118,308.36,280.21,60.62,186.13,0.3205,-1,-1,-1
1002,4,1721.07,458.26,73.84,210.27,0.5526,-1,-1,-1
1002,73,334.59,873.70,90.79,206.32,0.7895,-1,-1,-1
1002,80,904.07,946.70,69.68,133.29,0.7411,-1,-1,-1
1002,81,1573.00,586.84,107.34,237.46,0.6611,-1,-1,-1
1002,87,843.21,294.54,60.15,202.98,0.5453,-1,-1,-1
1002,88,927.52,282.13,62.46,203.40,0.5636,-1,-1,-1
1002,92,304.68,476.31,74.65,198.34,0.5338,-1,-1,-1
1002,93,379.11,458.15,80.36,216.10,0.5520,-1,-1,-1
1002,104,1175.70,633.13,84.02,256.56,0.7692,-1,-1,-1
1002,108,1743.07,671.42,83.22,253.11,0.6520,-1,-1,-1
1002,110,1674.79,164.16,60.83,160.81,0.3234,-1,-1,-1
1002,116,502.16,268.40,63.11,188.04,0.5036,-1,-1,-1
1002,118,306.58,280.62,62.97,188.17,0.3102,-1,-1,-1
1003,4,1720.65,459.72,73.31,209.28,0.5564,-1,-1,-1
1003,73,336.68,875.87,89.07,204.12,0.7922,-1,-1,-1
1003,80,905.41,947.55,68.42,132.46,0.7487,-1,-1,-1
1003,81,1574.03,588.18,106.80,235.95,0.6746,-1,-1,-1
1003,87,842.98,293.92,60.83,203.04,0.5556,-1,-1,-1
1003,88,926.94,279.83,64.85,202.87,0.5799,-1,-1,-1
1003,92,302.85,473.52,76.62,200.41,0.5403,-1,-1,-1
1003,93,379.19,459.29,78.86,215.64,0.5888,-1,-1,-1
1003,98,397.57,263.97,71.05,211.51,0.3290,-1,-1,-1
1003,104,1174.32,629.80,84.40,260.11,0.7760,-1,-1,-1
1003,108,1744.12,673.57,85.02,252.04,0.6624,-1,-1,-1
1003,110,1676.64,163.56,59.00,161.48,0.3410,-1,-1,-1
1003,116,500.78,270.25,64.94,191.07,0.5757,-1,-1,-1
1003,118,307.00,281.40,63.62,187.80,0.3867,-1,-1,-1
1004,4,1719.47,458.40,74.64,210.57,0.5258,-1,-1,-1
1004,73,338.70,877.86,89.26,202.13,0.7991,-1,-1,-1
1004,80,904.54,947.61,68.94,132.38,0.7350,-1,-1,-1
1004,81,1574.24,587.88,106.52,236.42,0.6677,-1,-1,-1
1004,87,844.71,294.21,57.42,205.26,0.5930,-1,-1,-1
1004,88,926.70,280.63,63.28,202.35,0.6020,-1,-1,-1
1004,92,301.46,473.31,76.17,199.51,0.4456,-1,-1,-1
1004,93,379.68,458.18,79.39,219.30,0.6273,-1,-1,-1
1004,104,1172.43,630.25,85.55,258.17,0.7750,-1,-1,-1
1004,108,1744.37,673.19,86.50,253.81,0.6366,-1,-1,-1
1004,110,1679.06,163.98,57.75,161.93,0.3158,-1,-1,-1
1004,116,501.39,272.31,64.15,190.69,0.5788,-1,-1,-1
1004,118,306.27,283.68,63.80,184.34,0.4080,-1,-1,-1
1004,119,592.99,549.50,87.19,242.56,0.4442,-1,-1,-1
1005,4,1720.14,457.99,73.35,212.05,0.5428,-1,-1,-1
1005,73,341.09,878.71,88.86,201.26,0.8005,-1,-1,-1
1005,80,904.25,947.73,69.25,132.26,0.7349,-1,-1,-1
1005,81,1574.87,587.71,106.26,236.96,0.6471,-1,-1,-1
1005,87,844.56,293.80,57.46,205.04,0.6137,-1,-1,-1
1005,88,927.84,279.48,63.07,202.72,0.6230,-1,-1,-1
1005,92,318.37,482.13,60.57,190.11,0.4013,-1,-1,-1
1005,93,380.02,459.64,79.05,222.21,0.5909,-1,-1,-1
1005,104,1170.93,628.58,85.64,260.09,0.7777,-1,-1,-1
1005,108,1744.52,673.86,87.83,253.69,0.6360,-1,-1,-1
1005,110,1678.43,164.85,59.34,159.26,0.3720,-1,-1,-1
1005,116,500.07,274.92,64.79,187.67,0.6125,-1,-1,-1
1005,118,305.69,285.88,63.85,184.22,0.4616,-1,-1,-1
1005,119,600.72,547.61,75.52,243.41,0.4574,-1,-1,-1
1006,4,1719.41,457.79,74.03,211.01,0.5259,-1,-1,-1
1006,73,342.35,880.83,89.84,199.17,0.8022,-1,-1,-1
1006,80,904.84,949.00,68.41,131.02,0.7277,-1,-1,-1
1006,81,1574.54,588.74,106.42,235.87,0.6676,-1,-1,-1
1006,87,843.98,292.21,59.30,203.35,0.6554,-1,-1,-1
1006,88,929.06,279.18,61.80,202.22,0.5945,-1,-1,-1
1006,92,320.95,483.21,58.61,187.20,0.4028,-1,-1,-1
1006,93,381.52,460.52,78.31,222.39,0.5390,-1,-1,-1
1006,104,1168.95,628.11,87.57,261.36,0.7661,-1,-1,-1
1006,108,1745.58,670.99,88.14,254.52,0.5949,-1,-1,-1
1006,110,1680.07,165.52,59.55,158.09,0.3658,-1,-1,-1
1006,116,502.25,277.22,62.11,186.72,0.5683,-1,-1,-1
1006,118,307.86,288.82,62.15,184.70,0.4342,-1,-1,-1
1006,119,598.24,547.34,79.04,244.64,0.4764,-1,-1,-1
1007,4,1719.05,458.38,75.89,210.81,0.5485,-1,-1,-1
1007,73,343.82,882.56,91.23,197.44,0.8143,-1,-1,-1
1007,80,905.10,948.74,67.78,131.24,0.7239,-1,-1,-1
1007,81,1575.50,589.97,104.80,234.34,0.6643,-1,-1,-1
1007,87,844.13,291.08,59.54,201.57,0.6928,-1,-1,-1
1007,88,931.33,275.22,58.32,206.27,0.6564,-1,-1,-1
1007,92,320.22,482.35,59.99,188.05,0.4475,-1,-1,-1
1007,93,384.90,466.67,79.37,225.43,0.5605,-1,-1,-1
1007,104,1167.11,628.46,88.45,258.83,0.7632,-1,-1,-1
1007,108,1746.48,670.53,88.91,257.50,0.6233,-1,-1,-1
1007,110,1683.76,165.86,56.68,157.76,0.3582,-1,-1,-1
1007,116,502.30,279.92,62.38,187.70,0.5994,-1,-1,-1
1007,118,306.79,291.39,63.08,185.84,0.4827,-1,-1,-1
1007,119,597.92,547.84,79.30,243.89,0.4767,-1,-1,-1
1008,4,1718.88,458.41,75.48,211.26,0.5497,-1,-1,-1
1008,73,344.93,883.42,92.34,196.56,0.8084,-1,-1,-1
1008,80,904.81,949.22,68.06,130.79,0.7353,-1,-1,-1
1008,81,1575.40,588.73,105.51,236.14,0.6717,-1,-1,-1
1008,87,844.70,288.53,59.29,201.87,0.6845,-1,-1,-1
1008,88,931.61,273.95,57.66,208.21,0.6626,-1,-1,-1
1008,92,318.78,483.61,62.30,189.32,0.4973,-1,-1,-1
1008,93,382.28,463.71,79.39,223.77,0.5741,-1,-1,-1
1008,98,390.14,275.88,77.30,156.26,0.3338,-1,-1,-1
1008,104,1165.16,626.85,87.34,259.48,0.7600,-1,-1,-1
1008,108,1746.10,672.73,88.45,255.64,0.5953,-1,-1,-1
1008,110,1685.73,165.91,55.62,157.40,0.3612,-1,-1,-1
1008,116,500.46,280.90,63.63,189.31,0.5668,-1,-1,-1
1008,118,305.70,292.22,63.85,186.75,0.4919,-1,-1,-1
1008,119,597.16,548.19,79.89,244.13,0.5265,-1,-1,-1
1009,4,1719.77,458.12,76.96,212.21,0.5566,-1,-1,-1
1009,73,345.26,886.19,96.47,193.82,0.8106,-1,-1,-1
1009,80,904.95,949.78,67.82,130.23,0.7388,-1,-1,-1
1009,81,1575.40,589.35,105.98,235.66,0.6870,-1,-1,-1
1009,87,844.60,287.60,60.09,196.51,0.6418,-1,-1,-1
1009,88,929.02,277.53,60.85,204.64,0.6106,-1,-1,-1
1009,92,318.12,484.14,63.39,189.93,0.4912,-1,-1,-1
1009,93,381.20,465.73,82.20,224.49,0.5713,-1,-1,-1
1009,98,389.79,282.73,75.17,190.27,0.3294,-1,-1,-1
1009,104,1160.28,624.98,87.16,260.11,0.7598,-1,-1,-1
1009,108,1744.90,671.70,90.73,252.95,0.5841,-1,-1,-1
1009,110,1687.21,167.24,54.76,158.45,0.3430,-1,-1,-1
1009,116,501.46,279.86,61.63,191.03,0.5671,-1,-1,-1
1009,118,305.18,293.87,63.00,182.93,0.4538,-1,-1,-1
1009,119,593.41,548.00,83.65,244.51,0.5675,-1,-1,-1
1010,4,1718.76,457.70,78.73,212.33,0.5378,-1,-1,-1
1010,73,346.29,887.90,96.45,192.09,0.8095,-1,-1,-1
1010,80,904.41,949.58,68.83,130.40,0.7316,-1,-1,-1
1010,81,1575.54,588.97,105.62,235.06,0.6752,-1,-1,-1
1010,87,844.30,285.26,60.48,197.47,0.6318,-1,-1,-1
1010,88,929.52,276.78,61.07,206.33,0.6284,-1,-1,-1
1010,92,316.87,484.05,64.53,192.24,0.4846,-1,-1,-1
1010,93,380.93,467.26,82.19,226.52,0.5126,-1,-1,-1
1010,104,1157.71,623.31,89.49,258.67,0.7590,-1,-1,-1
1010,108,1742.96,670.76,94.12,250.85,0.5448,-1,-1,-1
1010,110,1688.65,167.34,54.90,158.83,0.3130,-1,-1,-1
1010,116,501.49,282.58,60.56,189.71,0.5170,-1,-1,-1
1010,118,305.50,294.21,61.28,182.24,0.4089,-1,-1,-1
1010,119,592.21,549.81,85.06,242.65,0.5751,-1,-1,-1
1011,4,1717.92,456.76,79.20,213.22,0.5520,-1,-1,-1
1011,73,348.30,890.47,96.81,189.54,0.8000,-1,-1,-1
1011,80,904.26,949.59,68.46,130.40,0.7364,-1,-1,-1
1011,81,1575.01,590.20,105.24,234.62,0.6662,-1,-1,-1
1011,87,845.22,282.42,61.05,194.85,0.5813,-1,-1,-1
1011,88,928.47,276.45,62.53,205.32,0.6176,-1,-1,-1
1011,92,316.04,484.95,64.74,195.45,0.4341,-1,-1,-1
1011,93,379.99,467.90,82.83,228.20,0.4543,-1,-1,-1
1011,104,1156.42,621.41,90.11,260.09,0.7501,-1,-1,-1
1011,108,1737.61,672.06,99.63,251.09,0.4296,-1,-1,-1
1011,110,1688.81,169.02,55.32,158.54,0.3303,-1,-1,-1
1011,116,501.40,282.56,59.67,190.67,0.4517,-1,-1,-1
1011,118,306.66,295.88,58.75,183.55,0.3645,-1,-1,-1
1011,119,592.00,549.04,85.62,243.39,0.5547,-1,-1,-1
1012,4,1718.02,456.27,78.92,213.17,0.5417,-1,-1,-1
1012,73,348.35,893.19,100.16,186.82,0.8092,-1,-1,-1
1012,80,903.83,949.36,69.64,130.63,0.7304,-1,-1,-1
1012,81,1574.25,588.31,106.12,236.31,0.6592,-1,-1,-1
1012,87,844.88,281.35,59.74,194.14,0.5904,-1,-1,-1
1012,88,930.67,273.84,60.98,205.81,0.5721,-1,-1,-1
1012,92,315.56,486.66,65.75,200.73,0.4081,-1,-1,-1
1012,93,380.25,469.53,80.97,227.34,0.4316,-1,-1,-1
1012,98,385.50,280.51,72.71,200.71,0.3036,-1,-1,-1
1012,104,1154.45,618.52,89.92,261.08,0.7542,-1,-1,-1
1012,108,1735.79,675.96,100.58,251.06,0.4108,-1,-1,-1
1012,110,1688.62,170.54,56.79,157.71,0.3012,-1,-1,-1
1012,116,499.26,283.62,61.66,188.62,0.4220,-1,-1,-1
1012,118,305.99,296.52,58.10,183.69,0.3176,-1,-1,-1
1012,119,590.15,550.24,87.34,242.78,0.5625,-1,-1,-1
1013,4,1717.24,456.13,80.14,212.94,0.5711,-1,-1,-1
1013,73,349.71,895.88,100.90,184.13,0.8033,-1,-1,-1
1013,80,903.96,949.16,68.86,130.83,0.7071,-1,-1,-1
1013,81,1574.96,589.56,106.10,235.15,0.6641,-1,-1,-1
1013,87,845.50,279.87,59.02,196.71,0.6106,-1,-1,-1
1013,88,929.99,271.89,61.53,206.41,0.5834,-1,-1,-1
1013,92,314.16,487.65,66.01,205.97,0.3972,-1,-1,-1
1013,93,380.33,471.28,81.04,226.71,0.4630,-1,-1,-1
1013,98,384.12,277.87,74.60,202.70,0.3613,-1,-1,-1
1013,104,1154.87,616.27,88.26,258.43,0.7498,-1,-1,-1
1013,108,1732.49,673.54,105.48,254.02,0.3506,-1,-1,-1
1013,116,496.96,283.95,62.67,188.15,0.4206,-1,-1,-1
1013,118,300.67,297.84,62.82,187.40,0.3835,-1,-1,-1
1013,119,589.26,550.68,88.36,242.73,0.6108,-1,-1,-1
1014,4,1717.43,456.23,80.83,212.68,0.5493,-1,-1,-1
1014,73,350.07,897.59,101.85,182.40,0.8028,-1,-1,-1
1014,80,904.68,948.67,69.05,131.31,0.7121,-1,-1,-1
1014,81,1572.82,587.40,106.92,236.75,0.6495,-1,-1,-1
1014,87,843.14,278.57,60.75,197.76,0.5994,-1,-1,-1
1014,88,929.55,270.36,60.98,199.86,0.5356,-1,-1,-1
1014,92,294.33,489.02,84.17,207.51,0.4489,-1,-1,-1
1014,93,381.39,473.30,76.76,226.38,0.4523,-1,-1,-1
1014,104,1153.43,613.00,88.08,260.34,0.7436,-1,-1,-1
1014,108,1721.67,670.21,114.62,256.51,0.4741,-1,-1,-1
1014,116,495.03,285.11,64.92,187.88,0.4457,-1,-1,-1
1014,118,301.00,298.53,61.75,186.22,0.3515,-1,-1,-1
1014,119,588.34,551.08,87.93,242.68,0.5935,-1,-1,-1
1015,4,1717.29,455.86,81.71,212.77,0.5461,-1,-1,-1
1015,73,351.39,900.84,101.07,179.17,0.7933,-1,-1,-1
1015,80,903.74,949.21,69.49,130.81,0.7080,-1,-1,-1
1015,81,1573.65,589.20,107.19,235.82,0.6603,-1,-1,-1
1015,87,842.07,274.83,62.30,203.15,0.5934,-1,-1,-1
1015,88,929.68,270.26,58.74,200.57,0.5471,-1,-1,-1
1015,92,292.89,492.19,82.65,207.34,0.4842,-1,-1,-1
1015,93,380.45,473.98,80.40,226.23,0.5073,-1,-1,-1
1015,104,1154.90,611.11,83.22,254.71,0.7574,-1,-1,-1
1015,108,1719.71,670.93,117.04,257.80,0.4072,-1,-1,-1
1015,116,496.82,286.20,62.53,188.02,0.4469,-1,-1,-1
1015,118,299.34,299.64,63.31,185.20,0.3010,-1,-1,-1
1015,119,588.69,551.78,85.97,241.44,0.5562,-1,-1,-1
1016,4,1716.91,456.12,81.91,212.04,0.5174,-1,-1,-1
1016,73,351.93,903.71,102.38,176.10,0.8084,-1,-1,-1
1016,80,904.05,948.57,68.08,131.41,0.7218,-1,-1,-1
1016,81,1573.36,587.82,106.86,237.05,0.6536,-1,-1,-1
1016,87,842.61,276.60,62.07,199.23,0.5850,-1,-1,-1
1016,88,929.62,268.66,58.22,197.85,0.5462,-1,-1,-1
1016,92,293.32,495.72,80.82,205.50,0.4955,-1,-1,-1
1016,93,379.37,477.51,78.50,224.67,0.5179,-1,-1,-1
1016,104,1153.81,607.05,83.03,248.94,0.7732,-1,-1,-1
1016,108,1716.84,668.43,118.88,259.97,0.3893,-1,-1,-1
1016,110,1695.34,176.85,53.21,156.10,0.3252,-1,-1,-1
1016,116,495.89,286.18,62.75,188.17,0.4504,-1,-1,-1
1016,118,297.51,299.46,64.97,189.12,0.3597,-1,-1,-1
1016,119,587.17,551.01,86.68,242.56,0.5567,-1,-1,-1
1017,4,1717.17,456.87,81.54,212.82,0.4720,-1,-1,-1
1017,73,353.16,907.72,101.84,171.36,0.8148,-1,-1,-1
1017,80,903.90,948.65,68.29,131.35,0.7080,-1,-1,-1
1017,81,1573.70,588.31,105.55,237.03,0.6683,-1,-1,-1
1017,87,844.04,276.73,61.52,199.78,0.5929,-1,-1,-1
1017,88,929.31,265.69,59.13,197.11,0.5281,-1,-1,-1
1017,92,291.41,504.37,82.11,200.06,0.4684,-1,-1,-1
1017,93,378.99,479.10,78.18,223.08,0.4744,-1,-1,-1
1017,104,1152.46,603.51,82.98,245.76,0.7648,-1,-1,-1
1017,108,1722.69,675.49,108.13,254.05,0.4348,-1,-1,-1
1017,110,1694.96,178.21,55.97,159.13,0.3133,-1,-1,-1
1017,116,493.86,287.08,64.76,188.74,0.4705,-1,-1,-1
1017,118,296.63,299.01,66.12,190.74,0.3539,-1,-1,-1
1017,119,587.45,551.65,83.57,239.55,0.5827,-1,-1,-1
1018,4,1716.14,457.51,83.50,210.22,0.4674,-1,-1,-1
1018,73,353.77,911.53,102.98,167.24,0.8027,-1,-1,-1
1018,80,904.30,948.51,67.66,131.49,0.7165,-1,-1,-1
1018,81,1573.67,591.11,104.56,234.18,0.6461,-1,-1,-1
1018,87,843.36,276.26,62.19,201.05,0.5860,-1,-1,-1
1018,88,930.00,262.24,60.62,199.89,0.5210,-1,-1,-1
1018,92,289.86,507.38,83.46,199.11,0.4968,-1,-1,-1
1018,93,379.78,479.75,76.47,219.87,0.5369,-1,-1,-1
1018,104,1153.03,600.85,80.64,247.21,0.7484,-1,-1,-1
1018,108,1722.94,679.92,102.03,247.04,0.4467,-1,-1,-1
1018,110,1699.76,177.98,54.13,159.45,0.3377,-1,-1,-1
1018,116,493.71,288.56,64.23,190.64,0.4829,-1,-1,-1
1018,118,296.74,299.07,64.95,190.09,0.3595,-1,-1,-1
1018,119,586.75,551.62,83.58,239.25,0.5338,-1,-1,-1
1019,4,1716.28,457.42,83.12,209.72,0.4861,-1,-1,-1
1019,73,354.02,914.63,102.69,163.78,0.8014,-1,-1,-1
1019,80,903.13,948.21,67.72,131.78,0.7164,-1,-1,-1
1019,81,1573.69,590.56,104.02,235.22,0.6631,-1,-1,-1
1019,87,843.23,273.27,61.72,203.22,0.5804,-1,-1,-1
1019,88,926.42,260.41,65.57,200.70,0.5771,-1,-1,-1
1019,92,288.94,508.46,83.14,198.66,0.5360,-1,-1,-1
1019,93,379.72,481.95,76.71,216.32,0.5524,-1,-1,-1
1019,104,1152.63,598.88,81.12,247.53,0.7363,-1,-1,-1
1019,108,1721.75,677.03,97.68,247.01,0.4614,-1,-1,-1
1019,110,1701.32,177.05,54.14,160.84,0.3693,-1,-1,-1
1019,116,493.30,289.13,65.11,194.62,0.4635,-1,-1,-1
1019,118,294.80,298.96,64.69,190.90,0.3833,-1,-1,-1
1019,119,587.18,550.99,83.59,241.55,0.4853,-1,-1,-1
1020,4,1718.01,454.43,81.24,205.39,0.4870,-1,-1,-1
1020,73,354.81,917.19,102.58,161.70,0.8049,-1,-1,-1
1020,80,903.48,947.36,67.77,132.53,0.7094,-1,-1,-1
1020,81,1575.12,589.43,103.45,236.43,0.6436,-1,-1,-1
1020,87,843.48,275.60,62.19,199.88,0.5932,-1,-1,-1
1020,88,924.29,259.96,66.93,199.02,0.5331,-1,-1,-1
1020,92,287.50,508.33,83.27,197.74,0.4303,-1,-1,-1
1020,93,379.56,482.87,77.44,214.89,0.5435,-1,-1,-1
1020,104,1150.25,596.26,83.57,250.10,0.7270,-1,-1,-1
1020,108,1720.58,672.52,95.85,251.81,0.4644,-1,-1,-1
1020,110,1703.06,177.34,52.99,161.47,0.4364,-1,-1,-1
1020,116,493.96,291.86,65.10,192.93,0.4685,-1,-1,-1
1020,118,294.28,298.54,64.53,190.85,0.4009,-1,-1,-1
1020,119,584.98,551.44,85.18,240.39,0.5320,-1,-1,-1
1021,4,1718.70,454.51,81.01,202.98,0.5034,-1,-1,-1
1021,73,356.32,918.22,100.95,160.52,0.8074,-1,-1,-1
1021,80,902.28,945.68,68.81,134.26,0.7015,-1,-1,-1
1021,81,1575.01,589.48,103.37,237.37,0.6523,-1,-1,-1
1021,87,843.66,274.69,61.91,199.83,0.6060,-1,-1,-1
1021,88,926.32,258.16,65.83,196.42,0.5380,-1,-1,-1
1021,92,284.08,506.71,88.16,198.95,0.5316,-1,-1,-1
1021,93,378.58,484.76,78.95,215.59,0.5565,-1,-1,-1
1021,104,1147.97,593.76,84.11,251.55,0.7213,-1,-1,-1
1021,108,1715.96,672.39,92.42,250.65,0.5399,-1,-1,-1
1021,110,1703.48,178.17,54.28,161.55,0.4311,-1,-1,-1
1021,116,492.15,294.46,66.64,190.20,0.4918,-1,-1,-1
1021,118,292.50,299.71,66.24,193.10,0.4330,-1,-1,-1
1021,119,583.94,550.53,86.29,240.37,0.5163,-1,-1,-1
1022,4,1718.66,454.45,80.55,198.80,0.5124,-1,-1,-1
1022,73,358.37,920.14,98.95,158.78,0.8165,-1,-1,-1
1022,80,902.82,946.47,67.46,133.34,0.7122,-1,-1,-1
1022,81,1576.80,589.15,101.37,237.51,0.6493,-1,-1,-1
1022,87,843.58,273.28,61.79,199.11,0.6093,-1,-1,-1
1022,88,925.39,258.49,66.82,197.10,0.5721,-1,-1,-1
1022,92,306.93,508.59,64.17,195.77,0.4167,-1,-1,-1
1022,93,378.27,485.95,80.30,225.08,0.5685,-1,-1,-1
1022,98,375.99,296.06,73.22,195.56,0.3464,-1,-1,-1
1022,104,1147.55,593.45,85.85,252.68,0.7301,-1,-1,-1
1022,108,1714.59,671.77,92.19,247.73,0.5986,-1,-1,-1
1022,110,1702.48,178.15,57.32,163.05,0.4388,-1,-1,-1
1022,116,492.41,296.31,66.23,188.48,0.4946,-1,-1,-1
1022,118,292.37,299.57,65.29,193.61,0.4441,-1,-1,-1
1022,119,583.60,549.81,85.20,240.78,0.5285,-1,-1,-1
1023,4,1719.04,454.85,80.92,194.03,0.5301,-1,-1,-1
1023,73,358.48,922.49,98.92,156.26,0.8094,-1,-1,-1
1023,80,902.77,945.82,66.92,133.80,0.7106,-1,-1,-1
1023,81,1574.63,587.72,103.72,239.07,0.5947,-1,-1,-1
1023,87,843.28,273.38,61.81,195.02,0.5968,-1,-1,-1
1023,88,926.98,257.62,64.81,199.26,0.5375,-1,-1,-1
1023,92,288.43,504.54,82.90,200.52,0.4443,-1,-1,-1
1023,93,378.31,485.93,80.66,229.33,0.5622,-1,-1,-1
1023,98,376.12,297.82,70.23,196.67,0.3456,-1,-1,-1
1023,104,1147.89,591.15,84.76,255.03,0.7125,-1,-1,-1
1023,108,1712.86,674.63,92.88,245.65,0.6402,-1,-1,-1
1023,110,1701.97,178.77,58.55,165.38,0.4238,-1,-1,-1
1023,116,491.62,298.13,66.87,191.45,0.5010,-1,-1,-1
1023,118,290.08,300.55,66.76,192.17,0.4698,-1,-1,-1
1023,119,583.37,549.96,83.83,239.76,0.4689,-1,-1,-1
1024,4,1719.24,454.57,79.35,191.31,0.5641,-1,-1,-1
1024,73,359.09,924.74,98.98,154.38,0.8090,-1,-1,-1
1024,80,903.42,946.44,66.93,133.55,0.7226,-1,-1,-1
1024,81,1574.74,587.58,103.38,239.16,0.5995,-1,-1,-1
1024,87,842.76,271.69,62.17,192.81,0.6218,-1,-1,-1
1024,88,927.90,257.42,63.71,202.21,0.5887,-1,-1,-1
1024,92,286.54,504.96,83.67,200.29,0.4657,-1,-1,-1
1024,93,378.40,487.36,80.49,229.30,0.5553,-1,-1,-1
1024,104,1145.99,589.70,86.65,254.88,0.6897,-1,-1,-1
1024,108,1711.82,675.86,92.05,244.15,0.5928,-1,-1,-1
1024,110,1701.47,180.25,60.24,166.67,0.3542,-1,-1,-1
1024,116,491.94,298.77,66.13,194.51,0.5346,-1,-1,-1
1024,118,289.08,302.09,66.52,192.07,0.4817,-1,-1,-1
1024,119,584.90,549.64,81.01,239.82,0.4874,-1,-1,-1
1025,4,1718.88,454.54,80.68,192.17,0.5434,-1,-1,-1
1025,73,360.29,926.12,98.13,153.49,0.8112,-1,-1,-1
1025,80,902.97,946.04,65.77,133.72,0.7138,-1,-1,-1
1025,81,1574.52,587.51,102.42,239.47,0.5712,-1,-1,-1
1025,87,842.82,268.18,61.84,195.92,0.6656,-1,-1,-1
1025,88,930.76,257.60,60.49,204.17,0.5799,-1,-1,-1
1025,92,286.65,506.32,82.28,198.72,0.4786,-1,-1,-1
1025,93,377.97,488.46,78.52,232.11,0.5157,-1,-1,-1
1025,104,1143.69,588.65,88.99,254.25,0.6880,-1,-1,-1
1025,108,1711.20,678.10,88.01,242.29,0.6031,-1,-1,-1
1025,110,1699.34,182.15,62.17,172.13,0.3617,-1,-1,-1
1025,116,492.60,300.23,66.08,195.00,0.5061,-1,-1,-1
1025,118,288.20,303.10,66.84,193.42,0.4816,-1,-1,-1
1025,119,584.65,546.77,78.57,242.39,0.4618,-1,-1,-1
1026,4,1718.87,454.18,80.52,190.65,0.5661,-1,-1,-1
1026,73,362.00,927.97,96.92,151.13,0.8076,-1,-1,-1
1026,80,902.02,945.76,66.58,134.06,0.7177,-1,-1,-1
1026,81,1576.23,589.06,101.56,238.17,0.6184,-1,-1,-1
1026,87,843.73,266.85,61.36,190.43,0.6342,-1,-1,-1
1026,88,932.64,256.83,59.30,204.02,0.5994,-1,-1,-1
1026,92,289.03,504.16,79.65,199.79,0.4842,-1,-1,-1
1026,93,377.73,491.60,77.00,232.17,0.5375,-1,-1,-1
1026,98,371.57,300.07,70.03,192.11,0.4349,-1,-1,-1
1026,104,1143.27,588.60,87.29,250.30,0.6912,-1,-1,-1
1026,108,1710.45,683.35,84.44,238.86,0.6231,-1,-1,-1
1026,110,1697.94,184.71,65.41,175.40,0.3746,-1,-1,-1
1026,116,492.85,300.30,66.86,195.70,0.5992,-1,-1,-1
1026,118,288.82,304.48,66.55,194.19,0.4597,-1,-1,-1
1026,119,585.32,546.55,76.58,242.21,0.4323,-1,-1,-1
1027,4,1719.04,454.84,81.47,189.97,0.5369,-1,-1,-1
1027,73,364.15,929.88,96.84,148.88,0.8122,-1,-1,-1
1027,80,902.45,945.82,64.37,133.71,0.7179,-1,-1,-1
1027,81,1575.12,589.47,103.07,237.85,0.6723,-1,-1,-1
1027,87,845.38,265.20,59.24,188.28,0.6329,-1,-1,-1
1027,88,934.17,256.58,57.78,205.36,0.5791,-1,-1,-1
1027,92,291.88,505.26,76.09,199.39,0.5615,-1,-1,-1
1027,93,376.67,494.06,73.91,232.40,0.5655,-1,-1,-1
1027,98,370.27,302.22,70.38,193.22,0.5207,-1,-1,-1
1027,104,1142.28,588.64,86.23,252.42,0.7251,-1,-1,-1
1027,108,1705.57,673.01,84.07,243.11,0.5731,-1,-1,-1
1027,110,1697.79,187.81,66.98,175.23,0.3425,-1,-1,-1
1027,116,493.45,302.14,66.09,194.02,0.6042,-1,-1,-1
1027,118,289.91,306.65,65.48,193.22,0.4444,-1,-1,-1
1027,119,585.05,546.96,72.22,242.56,0.4391,-1,-1,-1
1028,4,1717.83,458.34,82.07,200.40,0.5748,-1,-1,-1
1028,73,365.29,931.84,95.96,147.33,0.8205,-1,-1,-1
1028,80,902.36,945.70,64.30,134.29,0.7132,-1,-1,-1
1028,81,1574.87,589.29,102.36,238.10,0.6740,-1,-1,-1
1028,87,846.32,262.65,59.14,188.25,0.6024,-1,-1,-1
1028,88,935.75,255.94,58.26,198.93,0.5854,-1,-1,-1
1028,92,296.27,509.64,70.79,196.76,0.5644,-1,-1,-1
1028,93,375.18,496.96,76.95,230.34,0.5981,-1,-1,-1
1028,98,370.11,306.32,70.62,191.11,0.5329,-1,-1,-1
1028,104,1141.38,586.95,84.83,249.02,0.7228,-1,-1,-1
1028,108,1705.81,659.36,81.74,254.11,0.5204,-1,-1,-1
1028,110,1698.28,190.99,66.33,172.48,0.3504,-1,-1,-1
1028,116,495.85,303.47,63.40,192.38,0.5131,-1,-1,-1
1028,118,289.74,308.50,63.57,192.67,0.4422,-1,-1,-1
1028,119,585.91,546.21,70.60,243.57,0.4757,-1,-1,-1
1029,4,1717.87,459.18,83.73,201.19,0.5821,-1,-1,-1
1029,73,367.66,932.70,94.97,145.88,0.8127,-1,-1,-1
1029,80,901.64,945.37,63.64,134.62,0.6991,-1,-1,-1
1029,81,1574.18,589.68,103.14,237.74,0.6888,-1,-1,-1
1029,87,847.66,261.78,58.37,189.67,0.5971,-1,-1,-1
1029,88,936.51,255.61,58.57,201.70,0.6222,-1,-1,-1
1029,92,295.27,512.58,70.71,197.16,0.5981,-1,-1,-1
1029,93,374.75,499.69,77.53,228.03,0.6166,-1,-1,-1
1029,98,370.60,307.55,68.03,192.84,0.5067,-1,-1,-1
1029,104,1141.29,586.22,81.57,248.98,0.7394,-1,-1,-1
1029,108,1703.23,641.61,82.33,270.15,0.4038,-1,-1,-1
1029,110,1699.13,192.89,66.18,169.84,0.3553,-1,-1,-1
1029,116,493.94,304.40,64.77,191.35,0.5337,-1,-1,-1
1029,118,290.41,311.11,62.25,192.60,0.3668,-1,-1,-1
1029,119,586.53,545.48,65.13,244.59,0.4998,-1,-1,-1
1030,4,1717.84,457.98,82.65,201.89,0.5786,-1,-1,-1
1030,73,368.04,935.82,95.36,142.71,0.8001,-1,-1,-1
1030,80,901.37,945.01,62.08,134.98,0.7173,-1,-1,-1
1030,81,1574.02,588.40,101.69,239.51,0.6454,-1,-1,-1
1030,87,848.32,261.10,56.98,192.44,0.5864,-1,-1,-1
1030,88,936.55,254.32,59.26,200.42,0.5627,-1,-1,-1
1030,92,295.00,512.23,71.17,202.12,0.6495,-1,-1,-1
1030,93,373.44,500.67,71.89,226.95,0.6114,-1,-1,-1
1030,98,368.67,308.51,69.12,194.23,0.5652,-1,-1,-1
1030,104,1140.65,584.07,79.21,249.47,0.7752,-1,-1,-1
1030,108,1701.87,639.24,83.66,273.42,0.4532,-1,-1,-1
1030,110,1699.99,195.59,65.36,163.80,0.3167,-1,-1,-1
1030,116,493.38,302.89,65.27,193.04,0.5338,-1,-1,-1
1030,118,291.72,311.82,62.37,189.98,0.4060,-1,-1,-1
1030,119,586.13,544.61,65.83,245.59,0.4708,-1,-1,-1
1030,120,1842.63,237.76,60.88,189.12,0.3155,-1,-1,-1
1031,4,1717.85,458.68,82.82,205.07,0.6012,-1,-1,-1
1031,73,371.29,937.27,92.65,141.01,0.7950,-1,-1,-1
1031,80,900.01,944.52,61.84,135.47,0.7212,-1,-1,-1
1031,81,1572.88,590.54,103.52,237.16,0.6565,-1,-1,-1
1031,87,848.41,259.43,57.32,194.03,0.5696,-1,-1,-1
1031,88,938.41,250.74,57.71,197.48,0.5686,-1,-1,-1
1031,92,294.63,514.17,70.84,210.88,0.6803,-1,-1,-1
1031,93,373.18,500.49,79.00,229.04,0.6369,-1,-1,-1
1031,98,367.52,309.73,69.80,193.75,0.5661,-1,-1,-1
1031,104,1139.93,578.17,78.30,248.42,0.7785,-1,-1,-1
1031,108,1684.34,637.91,98.18,277.59,0.5302,-1,-1,-1
1031,110,1701.17,198.20,63.77,163.42,0.3373,-1,-1,-1
1031,116,492.91,302.13,65.39,190.20,0.5711,-1,-1,-1
1031,118,293.00,314.44,62.56,190.40,0.4002,-1,-1,-1
1031,119,585.64,544.39,63.92,246.63,0.4729,-1,-1,-1
1031,120,1844.40,241.00,58.45,187.36,0.3029,-1,-1,-1
1032,4,1718.01,458.64,82.74,207.55,0.5970,-1,-1,-1
1032,73,372.94,941.03,91.07,137.38,0.7708,-1,-1,-1
1032,80,899.52,944.03,61.01,135.94,0.7001,-1,-1,-1
1032,81,1573.58,590.34,101.58,237.48,0.6397,-1,-1,-1
1032,87,848.48,256.29,58.15,194.45,0.5792,-1,-1,-1
1032,88,939.52,248.57,56.79,194.35,0.6191,-1,-1,-1
1032,92,294.78,516.22,71.18,213.02,0.6870,-1,-1,-1
1032,93,373.91,500.75,77.82,229.84,0.6621,-1,-1,-1
1032,98,366.60,310.75,69.83,193.41,0.5058,-1,-1,-1
1032,104,1139.38,574.84,77.31,245.65,0.7699,-1,-1,-1
1032,108,1680.12,640.72,98.73,276.70,0.4868,-1,-1,-1
1032,110,1701.57,200.37,62.75,164.41,0.3728,-1,-1,-1
1032,116,493.85,304.52,63.42,187.71,0.4874,-1,-1,-1
1032,118,293.04,316.23,64.85,190.17,0.4092,-1,-1,-1
1032,119,585.98,543.68,62.17,247.16,0.4717,-1,-1,-1
1032,120,1846.44,242.12,59.05,188.84,0.3020,-1,-1,-1
1033,4,1718.35,458.28,82.01,207.10,0.5883,-1,-1,-1
1033,73,373.21,943.90,91.92,133.73,0.7609,-1,-1,-1
1033,80,898.76,944.00,59.86,136.01,0.6958,-1,-1,-1
1033,81,1574.72,591.71,98.96,236.66,0.6248,-1,-1,-1
1033,87,847.99,255.74,59.06,195.26,0.5525,-1,-1,-1
1033,88,940.14,247.19,58.45,194.49,0.6346,-1,-1,-1
1033,92,294.26,518.12,71.44,213.64,0.6678,-1,-1,-1
1033,93,373.01,501.55,77.64,228.84,0.6440,-1,-1,-1
1033,98,365.54,311.54,70.31,192.68,0.5324,-1,-1,-1
1033,104,1139.24,572.12,76.39,242.10,0.7705,-1,-1,-1
1033,108,1676.18,638.56,101.01,279.25,0.5392,-1,-1,-1
1033,116,492.47,306.38,64.52,189.75,0.4650,-1,-1,-1
1033,118,293.29,317.63,65.26,190.55,0.3546,-1,-1,-1
1033,119,585.25,541.39,61.74,239.61,0.4308,-1,-1,-1
1034,4,1717.28,457.62,82.51,206.42,0.5856,-1,-1,-1
1034,73,376.38,947.49,88.42,131.27,0.7544,-1,-1,-1
1034,80,897.16,943.72,60.95,136.28,0.7087,-1,-1,-1
1034,81,1573.68,594.98,101.12,232.42,0.5892,-1,-1,-1
1034,87,847.87,256.06,59.98,194.37,0.5583,-1,-1,-1
1034,88,940.08,244.50,57.85,195.29,0.6023,-1,-1,-1
1034,92,293.92,520.97,73.19,212.87,0.6706,-1,-1,-1
1034,93,372.54,503.22,73.99,227.08,0.6246,-1,-1,-1
1034,98,365.66,312.42,69.29,193.72,0.5748,-1,-1,-1
1034,104,1140.11,568.96,74.66,242.59,0.7687,-1,-1,-1
1034,108,1675.22,637.71,100.23,279.99,0.5382,-1,-1,-1
1034,116,489.64,308.23,66.22,192.25,0.4864,-1,-1,-1
1034,118,294.41,319.17,65.77,189.96,0.3832,-1,-1,-1
1034,119,585.20,542.10,58.96,247.25,0.4499,-1,-1,-1
1035,4,1718.41,458.38,80.30,203.63,0.5955,-1,-1,-1
1035,73,377.75,950.85,88.86,128.72,0.7441,-1,-1,-1
1035,80,896.67,942.90,59.72,137.08,0.7048,-1,-1,-1
1035,81,1572.82,594.22,100.50,232.85,0.6063,-1,-1,-1
1035,87,848.54,255.20,58.95,194.37,0.5653,-1,-1,-1
1035,88,939.76,242.84,58.90,197.49,0.6449,-1,-1,-1
1035,92,290.86,523.50,80.08,211.60,0.6425,-1,-1,-1
1035,93,371.54,504.04,77.39,224.49,0.6206,-1,-1,-1
1035,98,365.90,312.52,68.78,195.15,0.5548,-1,-1,-1
1035,104,1138.43,568.08,75.91,241.62,0.7607,-1,-1,-1
1035,108,1676.37,635.34,92.19,280.06,0.6020,-1,-1,-1
1035,116,488.65,311.64,67.51,193.00,0.4530,-1,-1,-1
1035,118,294.54,320.55,65.64,188.31,0.4264,-1,-1,-1
1035,119,585.24,540.75,59.26,249.71,0.4078,-1,-1,-1
1036,4,1718.76,460.52,80.31,202.37,0.5844,-1,-1,-1
1036,73,380.31,953.81,88.84,126.19,0.7314,-1,-1,-1
1036,80,895.50,941.45,59.69,138.51,0.7198,-1,-1,-1
1036,81,1573.51,595.29,99.37,232.21,0.6051,-1,-1,-1
1036,87,849.72,254.40,57.74,195.39,0.5759,-1,-1,-1
1036,88,939.78,241.02,57.86,197.59,0.6589,-1,-1,-1
1036,92,291.93,525.66,78.21,209.38,0.5829,-1,-1,-1
1036,93,371.33,504.20,77.43,224.30,0.6307,-1,-1,-1
1036,98,364.35,313.55,69.92,186.15,0.3817,-1,-1,-1
1036,104,1137.79,566.17,75.23,246.65,0.7364,-1,-1,-1
1036,108,1676.37,633.73,88.79,281.40,0.6304,-1,-1,-1
1036,116,488.95,309.41,68.38,195.47,0.4476,-1,-1,-1
1036,118,293.63,320.48,67.57,191.12,0.4071,-1,-1,-1
1036,119,585.06,541.60,59.77,249.43,0.4092,-1,-1,-1
1037,4,1718.79,460.10,79.68,202.79,0.6304,-1,-1,-1
1037,73,383.74,956.37,87.85,123.63,0.7572,-1,-1,-1
1037,80,895.60,940.42,57.86,139.57,0.7297,-1,-1,-1
1037,81,1572.96,595.30,98.72,231.77,0.6299,-1,-1,-1
1037,87,849.52,252.84,58.70,196.22,0.5732,-1,-1,-1
1037,88,940.16,240.82,57.92,198.07,0.6868,-1,-1,-1
1037,92,287.36,527.71,82.56,207.33,0.5516,-1,-1,-1
1037,93,370.98,505.16,79.54,222.53,0.6693,-1,-1,-1
1037,98,361.66,316.81,75.13,163.42,0.3061,-1,-1,-1
1037,104,1136.66,564.02,75.74,249.16,0.7501,-1,-1,-1
1037,108,1674.92,631.24,87.49,280.53,0.6189,-1,-1,-1
1037,110,1707.35,203.21,61.01,161.30,0.4038,-1,-1,-1
1037,116,488.74,310.79,70.82,195.85,0.4498,-1,-1,-1
1037,118,292.79,321.03,68.07,188.86,0.4186,-1,-1,-1
1037,119,586.87,540.01,56.91,251.45,0.4469,-1,-1,-1
1037,121,1275.25,179.77,58.98,143.03,0.3301,-1,-1,-1
1038,4,1718.96,460.41,79.34,201.71,0.6306,-1,-1,-1
1038,73,385.07,958.73,90.42,121.27,0.7812,-1,-1,-1
1038,80,893.67,938.67,57.74,141.29,0.7230,-1,-1,-1
1038,81,1573.49,595.12,97.82,231.92,0.6315,-1,-1,-1
1038,87,849.52,251.95,59.69,196.62,0.5633,-1,-1,-1
1038,88,940.14,240.01,57.33,198.99,0.6838,-1,-1,-1
1038,92,297.75,531.02,68.18,204.07,0.4903,-1,-1,-1
1038,93,371.23,505.43,78.61,223.14,0.6653,-1,-1,-1
1038,98,362.06,319.34,75.09,158.78,0.3110,-1,-1,-1
1038,104,1134.36,563.39,79.29,253.42,0.7537,-1,-1,-1
1038,108,1669.71,631.26,93.33,279.84,0.6215,-1,-1,-1
1038,110,1709.84,204.27,59.05,162.14,0.3250,-1,-1,-1
1038,116,488.77,313.44,70.32,195.99,0.4427,-1,-1,-1
1038,118,294.77,321.69,62.92,187.81,0.3781,-1,-1,-1
1038,119,586.86,539.51,57.51,251.80,0.4572,-1,-1,-1
1039,4,1718.89,460.07,79.09,203.80,0.6351,-1,-1,-1
1039,73,389.23,959.22,87.36,120.73,0.7463,-1,-1,-1
1039,80,892.79,939.39,58.81,140.65,0.7282,-1,-1,-1
1039,81,1572.78,593.67,98.50,233.03,0.6041,-1,-1,-1
1039,87,850.25,251.43,59.06,195.55,0.5373,-1,-1,-1
1039,88,940.03,238.89,56.98,199.46,0.6589,-1,-1,-1
1039,92,301.23,532.28,62.11,202.34,0.5360,-1,-1,-1
1039,93,370.92,506.21,77.32,223.20,0.6574,-1,-1,-1
1039,98,360.76,319.01,76.94,156.81,0.3402,-1,-1,-1
1039,104,1129.82,562.67,82.64,254.24,0.7656,-1,-1,-1
1039,108,1663.55,632.11,96.37,278.79,0.6260,-1,-1,-1
1039,110,1712.11,206.00,57.83,161.73,0.3330,-1,-1,-1
1039,116,488.06,314.71,67.80,197.18,0.4416,-1,-1,-1
1039,118,293.94,321.93,64.19,188.30,0.3923,-1,-1,-1
1039,119,587.32,539.23,56.70,252.42,0.4542,-1,-1,-1
1039,120,1854.54,239.76,63.99,194.18,0.3064,-1,-1,-1
1040,4,1719.22,459.71,78.48,204.87,0.6537,-1,-1,-1
1040,73,391.97,961.29,87.58,118.70,0.7245,-1,-1,-1
1040,80,891.25,938.62,59.43,141.37,0.7288,-1,-1,-1
1040,81,1572.63,595.63,98.86,230.89,0.6023,-1,-1,-1
1040,87,851.04,248.87,59.74,193.16,0.5329,-1,-1,-1
1040,88,939.32,238.40,57.74,199.38,0.6254,-1,-1,-1
1040,92,301.61,535.51,59.92,199.92,0.4553,-1,-1,-1
1040,93,371.31,508.15,79.31,225.49,0.6860,-1,-1,-1
1040,98,360.44,320.63,77.49,155.14,0.3176,-1,-1,-1
1040,104,1126.62,562.60,82.69,254.64,0.7765,-1,-1,-1
1040,108,1660.99,633.72,96.19,279.60,0.6279,-1,-1,-1
1040,110,1713.19,206.75,57.72,158.34,0.3708,-1,-1,-1
1040,116,487.64,319.57,66.29,195.24,0.4483,-1,-1,-1
1040,118,291.30,323.58,72.39,188.05,0.3836,-1,-1,-1
1040,119,587.95,538.63,55.99,252.15,0.4953,-1,-1,-1
1041,4,1719.16,459.43,79.09,205.80,0.6579,-1,-1,-1
1041,73,395.25,963.71,89.49,116.30,0.7475,-1,-1,-1
1041,80,889.01,938.43,57.45,141.58,0.7129,-1,-1,-1
1041,81,1572.90,593.70,99.50,232.02,0.6037,-1,-1,-1
1041,87,850.09,247.00,61.89,190.70,0.5401,-1,-1,-1
1041,88,939.58,237.62,57.89,200.35,0.6494,-1,-1,-1
1041,92,302.62,534.82,58.47,199.35,0.4483,-1,-1,-1
1041,93,371.68,510.52,78.63,227.16,0.6519,-1,-1,-1
1041,104,1125.85,560.97,84.34,252.89,0.7934,-1,-1,-1
1041,108,1661.05,635.91,92.61,276.32,0.5460,-1,-1,-1
1041,110,1713.58,208.82,58.57,154.87,0.3557,-1,-1,-1
1041,116,486.46,323.29,65.85,191.98,0.4597,-1,-1,-1
1041,118,291.71,324.45,73.64,186.11,0.4100,-1,-1,-1
1041,119,588.36,538.94,56.01,253.80,0.4989,-1,-1,-1
1042,4,1719.48,460.38,77.32,205.49,0.6193,-1,-1,-1
1042,73,396.88,964.49,93.25,115.38,0.7534,-1,-1,-1
1042,80,887.30,937.77,57.84,142.23,0.7265,-1,-1,-1
1042,81,1572.69,592.17,99.97,232.61,0.5835,-1,-1,-1
1042,87,850.62,244.27,63.18,188.08,0.5132,-1,-1,-1
1042,88,940.31,237.76,57.62,199.98,0.6358,-1,-1,-1
1042,92,300.67,535.91,58.84,196.03,0.3848,-1,-1,-1
1042,93,371.61,510.36,79.63,230.60,0.6635,-1,-1,-1
1042,104,1125.32,559.80,83.39,249.79,0.7839,-1,-1,-1
1042,108,1658.87,637.82,93.23,273.27,0.5478,-1,-1,-1
1042,116,487.09,325.25,63.92,189.99,0.4328,-1,-1,-1
1042,118,291.54,325.57,73.33,187.32,0.3872,-1,-1,-1
1042,119,588.08,538.81,56.74,252.39,0.4912,-1,-1,-1
1043,4,1719.78,458.63,77.52,207.70,0.6047,-1,-1,-1
1043,73,397.09,965.94,95.61,114.05,0.7560,-1,-1,-1
1043,80,885.71,937.60,59.00,142.41,0.7181,-1,-1,-1
1043,81,1571.45,592.96,102.12,231.95,0.5410,-1,-1,-1
1043,87,850.27,241.79,64.09,190.03,0.5035,-1,-1,-1
1043,88,941.11,237.38,56.37,199.39,0.6311,-1,-1,-1
1043,92,301.31,535.80,58.89,196.44,0.3839,-1,-1,-1
1043,93,371.70,511.42,80.25,232.21,0.6772,-1,-1,-1
1043,98,358.91,324.29,75.09,152.95,0.3142,-1,-1,-1
1043,104,1123.49,559.21,83.57,247.47,0.7816,-1,-1,-1
1043,108,1661.61,640.80,89.13,271.83,0.4604,-1,-1,-1
1043,116,484.09,324.72,65.40,189.99,0.4366,-1,-1,-1
1043,118,292.01,326.46,70.90,193.42,0.3638,-1,-1,-1
1043,119,588.61,538.28,55.67,252.67,0.5031,-1,-1,-1
1044,4,1719.40,459.08,77.09,207.62,0.6035,-1,-1,-1
1044,73,398.40,968.11,97.32,111.90,0.7458,-1,-1,-1
1044,80,884.05,937.54,59.09,142.48,0.7015,-1,-1,-1
1044,81,1571.23,589.90,103.92,233.63,0.4589,-1,-1,-1
1044,87,851.25,240.10,64.11,189.79,0.4883,-1,-1,-1
1044,88,941.39,236.50,55.80,199.12,0.6268,-1,-1,-1
1044,92,280.91,533.68,82.78,200.26,0.3488,-1,-1,-1
1044,93,372.80,514.75,78.11,233.76,0.6526,-1,-1,-1
1044,98,355.54,326.43,81.62,194.21,0.3861,-1,-1,-1
1044,104,1122.54,557.40,81.54,247.96,0.7760,-1,-1,-1
1044,108,1657.24,642.47,94.46,273.63,0.5197,-1,-1,-1
1044,116,485.10,324.31,65.30,191.41,0.4429,-1,-1,-1
1044,118,290.79,325.92,69.52,200.89,0.4066,-1,-1,-1
1044,119,588.46,538.83,56.74,252.09,0.4965,-1,-1,-1
1045,4,1719.40,461.17,76.92,206.58,0.6023,-1,-1,-1
1045,73,398.97,968.88,101.76,111.10,0.7483,-1,-1,-1
1045,80,883.99,937.24,60.37,142.76,0.7091,-1,-1,-1
1045,81,1570.59,592.38,104.15,231.49,0.4723,-1,-1,-1
1045,87,851.73,238.84,63.70,192.09,0.5560,-1,-1,-1
1045,88,941.27,235.07,55.65,199.67,0.6043,-1,-1,-1
1045,92,298.84,537.84,62.18,199.07,0.4011,-1,-1,-1
1045,93,373.13,517.59,79.33,232.92,0.6506,-1,-1,-1
1045,98,354.33,324.41,81.48,205.75,0.5331,-1,-1,-1
1045,104,1119.89,554.49,82.73,250.08,0.7756,-1,-1,-1
1045,108,1650.99,642.81,97.40,271.94,0.5482,-1,-1,-1
1045,110,1718.21,214.80,57.08,164.33,0.3110,-1,-1,-1
1045,116,483.51,324.79,65.61,191.26,0.4030,-1,-1,-1
1045,118,290.13,325.68,69.17,201.86,0.4343,-1,-1,-1
1045,119,588.74,538.29,55.53,252.77,0.4984,-1,-1,-1
1046,4,1718.46,461.05,77.56,206.39,0.6025,-1,-1,-1
1046,73,399.67,970.92,103.42,109.08,0.7449,-1,-1,-1
1046,80,882.08,936.02,59.31,143.94,0.6693,-1,-1,-1
1046,81,1575.39,593.15,100.40,231.48,0.4323,-1,-1,-1
1046,87,850.85,238.53,64.70,192.20,0.5465,-1,-1,-1
1046,88,941.11,234.38,54.70,200.24,0.5944,-1,-1,-1
1046,92,284.61,537.66,77.75,205.84,0.4966,-1,-1,-1
1046,93,374.14,520.25,75.74,233.80,0.6333,-1,-1,-1
1046,98,350.35,326.85,82.26,206.74,0.5148,-1,-1,-1
1046,104,1120.19,553.34,80.95,246.81,0.7769,-1,-1,-1
1046,108,1651.99,643.74,94.78,270.11,0.5405,-1,-1,-1
1046,116,482.75,324.39,67.21,191.66,0.4161,-1,-1,-1
1046,118,290.93,327.76,66.52,202.34,0.4209,-1,-1,-1
1046,119,588.95,538.98,55.27,251.88,0.4660,-1,-1,-1
1047,4,1717.92,462.62,77.78,204.77,0.6156,-1,-1,-1
1047,73,400.14,974.19,105.90,105.84,0.7391,-1,-1,-1
1047,80,881.31,936.03,60.05,143.99,0.6671,-1,-1,-1
1047,81,1574.23,591.18,100.39,233.06,0.3957,-1,-1,-1
1047,87,849.76,235.68,68.26,194.63,0.5410,-1,-1,-1
1047,88,938.88,233.25,56.25,199.92,0.5748,-1,-1,-1
1047,92,277.37,539.95,84.71,210.18,0.5348,-1,-1,-1
1047,93,373.45,522.38,77.41,232.57,0.6455,-1,-1,-1
1047,98,349.57,329.22,81.21,206.83,0.5395,-1,-1,-1
1047,104,1119.06,551.00,81.06,249.20,0.7555,-1,-1,-1
1047,108,1654.93,651.35,90.10,261.61,0.6150,-1,-1,-1
1047,116,482.45,326.30,66.66,189.36,0.4612,-1,-1,-1
1047,118,288.82,332.75,66.73,200.32,0.4331,-1,-1,-1
1047,119,588.46,538.63,56.92,252.99,0.4657,-1,-1,-1
1048,4,1719.20,461.93,76.40,205.22,0.5860,-1,-1,-1
1048,73,402.57,977.69,106.61,102.35,0.7362,-1,-1,-1
1048,80,881.40,935.17,59.35,144.81,0.6473,-1,-1,-1
1048,81,1575.35,590.48,99.67,233.59,0.3939,-1,-1,-1
1048,87,850.61,235.06,68.37,194.68,0.5536,-1,-1,-1
1048,88,938.98,230.68,55.29,192.65,0.5806,-1,-1,-1
1048,92,275.16,541.79,86.06,212.77,0.5872,-1,-1,-1
1048,93,372.75,522.11,77.33,232.43,0.6370,-1,-1,-1
1048,98,348.75,330.09,80.73,205.28,0.4533,-1,-1,-1
1048,104,1117.70,547.31,81.54,245.82,0.7448,-1,-1,-1
1048,108,1651.06,652.57,91.61,258.74,0.6467,-1,-1,-1
1048,116,481.70,326.37,66.71,190.87,0.4606,-1,-1,-1
1048,118,288.37,334.62,65.46,199.85,0.3923,-1,-1,-1
1048,119,587.99,538.85,57.94,253.33,0.4498,-1,-1,-1
1049,4,1718.69,462.21,77.13,206.07,0.6217,-1,-1,-1
1049,73,403.57,979.70,107.51,100.30,0.7479,-1,-1,-1
1049,80,879.95,933.93,60.77,146.04,0.6695,-1,-1,-1
1049,81,1572.45,593.34,100.44,231.86,0.4397,-1,-1,-1
1049,87,851.37,235.14,68.14,194.00,0.5660,-1,-1,-1
1049,88,938.05,229.25,56.12,191.65,0.6100,-1,-1,-1
1049,92,278.85,544.18,81.64,211.73,0.5535,-1,-1,-1
1049,93,372.09,523.65,77.08,230.83,0.6465,-1,-1,-1
1049,98,345.86,330.46,83.45,205.90,0.4489,-1,-1,-1
1049,104,1117.92,544.82,77.59,242.60,0.7428,-1,-1,-1
1049,108,1650.72,648.81,90.73,261.71,0.6957,-1,-1,-1
1049,116,479.46,326.15,69.22,192.75,0.5062,-1,-1,-1
1049,118,286.78,334.81,64.41,200.50,0.3942,-1,-1,-1
1049,119,587.97,537.82,57.25,253.46,0.4950,-1,-1,-1
1050,4,1718.33,461.12,77.85,206.90,0.6446,-1,-1,-1
1050,73,407.59,983.11,105.01,96.91,0.7518,-1,-1,-1
1050,80,879.17,933.02,61.32,146.96,0.6684,-1,-1,-1
1050,81,1570.52,592.73,103.08,231.95,0.4427,-1,-1,-1
1050,87,852.93,234.85,66.28,193.77,0.5899,-1,-1,-1
1050,88,937.76,227.85,56.30,190.67,0.6085,-1,-1,-1
1050,92,279.72,547.78,79.56,211.75,0.6137,-1,-1,-1
1050,93,372.39,523.88,78.41,229.63,0.6629,-1,-1,-1
1050,98,345.70,331.36,83.07,202.81,0.4340,-1,-1,-1
1050,104,1115.25,542.19,77.75,236.64,0.7528,-1,-1,-1
1050,108,1649.74,648.98,88.66,260.09,0.6880,-1,-1,-1
1050,110,1724.53,217.68,56.24,167.55,0.3075,-1,-1,-1
1050,116,479.55,327.70,68.22,194.72,0.4489,-1,-1,-1
1050,118,287.62,336.26,63.49,199.53,0.4394,-1,-1,-1
1050,119,588.14,537.99,58.53,253.68,0.5113,-1,-1,-1
