2,1,0.42,6.12,344.95,1064.55,0.9307,-1,-1,-1
2,2,869.92,148.62,234.32,629.15,0.8053,-1,-1,-1
2,3,542.38,266.32,95.56,322.56,0.8085,-1,-1,-1
2,4,397.46,274.24,111.16,321.42,0.8139,-1,-1,-1
2,6,1053.61,291.54,87.49,330.13,0.4811,-1,-1,-1
3,1,0.36,5.08,338.75,1062.29,0.9292,-1,-1,-1
3,2,864.87,152.61,225.78,627.21,0.8283,-1,-1,-1
3,3,536.27,265.86,97.30,327.47,0.8042,-1,-1,-1
3,4,390.29,274.50,108.39,322.69,0.8446,-1,-1,-1
3,6,1047.88,293.74,91.61,333.64,0.5739,-1,-1,-1
4,1,0.74,3.40,324.55,1061.43,0.9252,-1,-1,-1
4,2,870.54,153.17,216.99,629.06,0.8344,-1,-1,-1
4,3,531.72,264.81,95.94,328.94,0.8075,-1,-1,-1
4,4,381.05,270.62,112.38,328.17,0.8421,-1,-1,-1
4,6,1044.08,292.77,90.56,343.76,0.5789,-1,-1,-1
4,8,732.81,324.66,41.42,129.35,0.4028,-1,-1,-1
5,1,1.14,3.36,308.87,1062.92,0.9159,-1,-1,-1
5,2,880.11,151.43,204.89,638.24,0.8186,-1,-1,-1
5,3,526.10,262.10,97.56,334.79,0.8087,-1,-1,-1
5,4,376.59,264.10,111.31,332.37,0.8346,-1,-1,-1
5,6,1049.38,291.98,82.37,343.98,0.5786,-1,-1,-1
5,8,730.33,320.92,43.98,126.37,0.3937,-1,-1,-1
5,9,691.36,333.48,37.83,110.12,0.3967,-1,-1,-1
6,1,2.21,21.00,288.62,1053.39,0.8776,-1,-1,-1
6,2,885.30,150.94,197.32,625.09,0.8032,-1,-1,-1
6,3,519.68,262.31,102.17,335.33,0.7972,-1,-1,-1
6,4,372.54,261.78,110.82,334.83,0.8305,-1,-1,-1
6,6,1046.33,293.41,81.67,344.93,0.5863,-1,-1,-1
6,8,728.11,323.63,38.83,112.67,0.3996,-1,-1,-1
6,9,688.03,333.91,39.50,115.35,0.4196,-1,-1,-1
7,1,1.68,78.83,270.50,991.04,0.9035,-1,-1,-1
7,2,892.10,153.33,189.13,619.47,0.8162,-1,-1,-1
7,3,515.29,259.12,101.91,345.41,0.7800,-1,-1,-1
7,4,363.05,260.81,114.45,338.40,0.8224,-1,-1,-1
7,6,1040.58,296.82,84.96,346.34,0.6034,-1,-1,-1
7,8,726.33,322.22,38.96,122.55,0.4656,-1,-1,-1
7,9,684.92,332.30,41.62,120.32,0.4064,-1,-1,-1
7,10,864.11,254.61,80.27,307.32,0.5744,-1,-1,-1
7,11,784.98,315.13,40.91,127.03,0.3461,-1,-1,-1
8,1,0.88,89.36,257.84,981.53,0.8960,-1,-1,-1
8,2,889.57,152.50,191.29,628.48,0.7931,-1,-1,-1
8,3,511.31,263.25,101.34,345.33,0.8154,-1,-1,-1
8,4,352.66,260.17,119.50,342.38,0.8266,-1,-1,-1
8,6,1037.06,299.79,88.30,346.15,0.6753,-1,-1,-1
8,8,723.59,321.40,41.17,126.72,0.5083,-1,-1,-1
8,9,682.63,331.82,40.02,121.26,0.5018,-1,-1,-1
8,10,863.21,265.02,72.21,298.96,0.5858,-1,-1,-1
8,11,783.35,302.98,49.72,144.19,0.4131,-1,-1,-1
9,1,4.56,100.02,220.97,972.52,0.8638,-1,-1,-1
9,2,886.80,154.41,188.54,625.99,0.7894,-1,-1,-1
9,3,506.53,262.46,103.22,342.74,0.8364,-1,-1,-1
9,4,348.04,261.09,120.11,343.29,0.8186,-1,-1,-1
9,6,1036.74,303.82,84.20,348.26,0.6621,-1,-1,-1
9,8,721.45,321.44,38.58,131.35,0.5789,-1,-1,-1
9,9,679.58,333.69,37.27,121.01,0.4072,-1,-1,-1
9,10,862.45,263.93,72.61,300.42,0.5881,-1,-1,-1
9,11,782.57,304.78,41.94,143.11,0.3866,-1,-1,-1
10,1,3.90,106.29,204.15,962.03,0.7268,-1,-1,-1
10,2,879.64,157.50,190.81,622.93,0.8161,-1,-1,-1
10,3,499.54,264.91,107.42,347.14,0.8259,-1,-1,-1
10,4,346.21,259.44,116.48,347.02,0.8078,-1,-1,-1
10,6,1037.40,300.21,81.44,353.47,0.7003,-1,-1,-1
10,8,720.60,324.77,40.52,131.43,0.5862,-1,-1,-1
10,9,676.55,336.69,41.57,123.46,0.4889,-1,-1,-1
10,10,861.76,261.05,72.67,303.53,0.5662,-1,-1,-1
10,11,777.12,297.52,49.46,155.61,0.4913,-1,-1,-1
11,1,7.11,109.62,174.74,957.51,0.7332,-1,-1,-1
11,2,878.52,156.32,188.58,631.44,0.8167,-1,-1,-1
11,3,492.60,261.90,109.96,353.99,0.8231,-1,-1,-1
11,4,337.26,262.49,121.44,348.79,0.7889,-1,-1,-1
11,6,1039.31,295.94,73.54,360.53,0.6633,-1,-1,-1
11,8,719.18,326.39,38.81,129.55,0.5182,-1,-1,-1
11,9,676.25,340.84,41.24,117.39,0.4718,-1,-1,-1
11,10,862.02,276.99,67.42,290.56,0.5329,-1,-1,-1
11,11,776.58,318.13,47.91,136.85,0.5637,-1,-1,-1
12,1,2.30,121.82,162.37,686.24,0.7881,-1,-1,-1
12,2,868.55,158.47,190.70,633.25,0.8356,-1,-1,-1
12,3,490.35,257.91,110.34,358.94,0.7974,-1,-1,-1
12,4,324.48,265.40,129.46,351.66,0.8274,-1,-1,-1
12,6,1037.25,296.65,71.39,362.15,0.6770,-1,-1,-1
12,8,717.98,327.65,41.60,131.97,0.5499,-1,-1,-1
12,9,673.92,339.53,40.42,121.08,0.4348,-1,-1,-1
12,10,864.61,246.05,66.39,318.29,0.3897,-1,-1,-1
12,11,773.74,319.84,53.26,134.82,0.5494,-1,-1,-1
12,12,828.91,324.06,43.31,122.34,0.3621,-1,-1,-1
13,1,1.86,142.15,139.33,593.78,0.8200,-1,-1,-1
13,2,860.58,155.27,198.75,640.12,0.8253,-1,-1,-1
13,3,482.36,255.19,114.43,362.09,0.8271,-1,-1,-1
13,4,317.75,264.95,134.81,356.33,0.8302,-1,-1,-1
13,6,1035.45,300.08,73.90,352.33,0.6952,-1,-1,-1
13,8,717.10,328.06,40.34,133.10,0.4863,-1,-1,-1
13,9,672.79,340.61,39.22,122.96,0.4347,-1,-1,-1
13,11,772.17,321.44,52.18,133.88,0.5423,-1,-1,-1
13,12,829.62,326.68,43.70,120.64,0.4357,-1,-1,-1
14,1,1.81,180.46,116.74,581.03,0.8183,-1,-1,-1
14,2,852.31,152.98,203.86,644.93,0.7862,-1,-1,-1
14,3,478.95,254.93,115.09,364.28,0.8364,-1,-1,-1
14,4,313.57,266.83,135.80,359.02,0.8351,-1,-1,-1
14,6,1033.56,291.38,74.28,358.51,0.6842,-1,-1,-1
14,8,714.80,327.49,44.69,133.63,0.5337,-1,-1,-1
14,9,672.13,342.54,37.09,120.33,0.3725,-1,-1,-1
14,11,773.09,323.86,46.84,129.86,0.5625,-1,-1,-1
14,12,828.35,325.42,43.91,122.34,0.4667,-1,-1,-1
15,1,7.69,236.56,83.86,546.96,0.5546,-1,-1,-1
15,2,839.28,153.35,211.31,637.38,0.7979,-1,-1,-1
15,3,474.87,257.25,119.97,360.88,0.8390,-1,-1,-1
15,4,316.12,269.85,130.88,359.55,0.8286,-1,-1,-1
15,6,1029.00,282.63,79.15,370.74,0.6672,-1,-1,-1
15,8,713.61,330.33,46.68,130.45,0.5302,-1,-1,-1
15,9,671.61,345.09,34.34,112.35,0.4075,-1,-1,-1
15,11,772.58,322.58,47.21,129.66,0.5425,-1,-1,-1
15,12,827.69,328.99,43.73,120.35,0.4348,-1,-1,-1
16,2,836.08,153.45,215.03,640.22,0.8020,-1,-1,-1
16,3,472.83,256.51,123.02,366.25,0.8447,-1,-1,-1
16,4,310.34,269.76,134.66,366.36,0.8396,-1,-1,-1
16,6,1026.22,275.22,83.24,379.47,0.6328,-1,-1,-1
16,8,713.88,330.63,45.41,130.52,0.5304,-1,-1,-1
16,9,671.11,348.98,32.47,108.86,0.4414,-1,-1,-1
16,11,770.99,323.43,49.88,129.29,0.5743,-1,-1,-1
16,12,828.62,333.32,42.43,116.45,0.4191,-1,-1,-1
17,2,834.98,155.03,218.10,643.41,0.8270,-1,-1,-1
17,3,471.79,258.99,123.13,367.26,0.8425,-1,-1,-1
17,4,309.36,275.37,132.78,367.62,0.8504,-1,-1,-1
17,6,1022.57,275.28,89.19,378.20,0.6611,-1,-1,-1
17,8,713.27,330.06,46.64,135.73,0.5726,-1,-1,-1
17,9,671.40,347.26,32.72,117.72,0.4480,-1,-1,-1
17,11,770.25,325.67,52.30,129.57,0.5934,-1,-1,-1
17,12,829.36,338.68,41.11,116.22,0.4206,-1,-1,-1
18,2,838.43,158.39,213.47,655.46,0.8572,-1,-1,-1
18,3,469.02,259.36,126.88,374.38,0.8380,-1,-1,-1
18,4,311.21,278.68,131.42,369.38,0.8304,-1,-1,-1
18,6,1020.98,255.40,89.54,396.21,0.6970,-1,-1,-1
18,8,714.34,333.09,46.52,136.26,0.4783,-1,-1,-1
18,11,773.00,317.85,49.14,141.95,0.4270,-1,-1,-1
18,12,829.28,339.22,42.43,117.64,0.3606,-1,-1,-1
19,2,845.38,159.84,199.35,658.77,0.8586,-1,-1,-1
19,3,467.34,264.81,130.82,379.40,0.8214,-1,-1,-1
19,4,294.57,281.17,147.54,379.16,0.8303,-1,-1,-1
19,6,1013.90,255.16,96.08,398.94,0.7187,-1,-1,-1
19,8,715.98,338.60,45.34,138.45,0.4879,-1,-1,-1
19,11,772.54,333.33,51.50,131.23,0.5105,-1,-1,-1
19,12,830.37,347.61,45.77,112.48,0.3046,-1,-1,-1
20,2,847.75,168.11,194.24,654.58,0.8635,-1,-1,-1
20,3,469.16,273.03,129.46,379.12,0.8268,-1,-1,-1
20,4,297.72,287.42,145.74,378.96,0.8284,-1,-1,-1
20,6,1010.91,249.93,99.59,410.38,0.7665,-1,-1,-1
20,8,718.13,343.00,42.61,140.30,0.5284,-1,-1,-1
20,11,773.03,334.85,51.97,131.49,0.5669,-1,-1,-1
20,12,827.29,356.85,50.00,107.30,0.3492,-1,-1,-1
21,2,863.38,170.07,184.17,656.77,0.8511,-1,-1,-1
21,3,472.40,273.86,134.01,388.91,0.8124,-1,-1,-1
21,4,305.04,287.42,144.64,384.42,0.8442,-1,-1,-1
21,6,1016.88,249.87,107.76,415.01,0.8079,-1,-1,-1
21,11,772.82,335.32,59.70,131.67,0.3777,-1,-1,-1
22,2,881.80,168.52,187.57,660.21,0.8537,-1,-1,-1
22,3,496.30,276.46,127.46,390.73,0.8248,-1,-1,-1
22,4,324.18,288.34,143.45,386.31,0.8275,-1,-1,-1
22,6,1032.30,251.66,107.81,418.12,0.7957,-1,-1,-1
22,8,744.06,349.72,42.24,138.86,0.5240,-1,-1,-1
22,11,798.18,341.09,51.97,136.24,0.5636,-1,-1,-1
22,12,853.30,358.43,51.77,108.44,0.3251,-1,-1,-1
23,2,883.04,170.93,190.57,664.25,0.8619,-1,-1,-1
23,3,508.07,281.86,128.53,392.99,0.8267,-1,-1,-1
23,4,332.31,291.52,144.90,386.35,0.8289,-1,-1,-1
23,6,1040.17,255.05,113.76,421.12,0.8010,-1,-1,-1
23,8,753.23,350.09,47.79,133.30,0.3741,-1,-1,-1
23,9,705.49,366.44,40.30,126.78,0.4195,-1,-1,-1
24,2,879.40,173.37,203.50,662.93,0.8683,-1,-1,-1
24,3,517.20,285.36,130.96,396.35,0.8445,-1,-1,-1
24,4,342.70,293.25,146.48,391.12,0.8330,-1,-1,-1
24,6,1046.80,258.38,121.01,414.91,0.8175,-1,-1,-1
24,8,767.84,352.26,42.29,137.91,0.5112,-1,-1,-1
24,9,716.62,367.98,41.98,126.38,0.5326,-1,-1,-1
24,11,824.59,347.33,47.53,133.10,0.5156,-1,-1,-1
25,2,874.22,173.35,210.95,658.35,0.8634,-1,-1,-1
25,3,523.62,284.81,134.70,405.02,0.8443,-1,-1,-1
25,4,355.23,294.76,144.60,387.86,0.8319,-1,-1,-1
25,6,1057.66,259.44,123.60,417.58,0.8358,-1,-1,-1
25,8,777.68,352.09,48.10,139.86,0.4209,-1,-1,-1
25,9,731.96,368.41,39.15,129.61,0.4547,-1,-1,-1
26,2,879.20,174.42,217.61,653.56,0.8694,-1,-1,-1
26,3,540.55,294.59,130.52,404.15,0.7980,-1,-1,-1
26,4,365.35,295.39,150.90,395.80,0.8537,-1,-1,-1
26,6,1065.92,262.73,134.87,421.92,0.8313,-1,-1,-1
26,8,794.31,352.81,45.62,134.27,0.3051,-1,-1,-1
26,9,744.44,376.31,41.58,121.53,0.3271,-1,-1,-1
27,2,880.18,177.20,227.75,656.66,0.8630,-1,-1,-1
27,3,554.41,293.45,132.65,412.03,0.8309,-1,-1,-1
27,4,382.55,299.99,143.69,397.03,0.8406,-1,-1,-1
27,6,1081.92,268.10,138.68,416.79,0.8297,-1,-1,-1
27,8,806.90,355.31,50.51,136.81,0.3705,-1,-1,-1
27,9,763.37,378.45,36.64,125.89,0.3307,-1,-1,-1
27,11,868.24,340.17,52.33,148.94,0.3368,-1,-1,-1
27,13,1875.77,551.70,43.82,206.06,0.3686,-1,-1,-1
28,2,883.18,185.60,234.60,658.15,0.8748,-1,-1,-1
28,3,562.29,300.15,131.69,412.82,0.8469,-1,-1,-1
28,4,385.13,306.70,148.49,398.50,0.8611,-1,-1,-1
28,6,1087.18,275.40,139.08,415.80,0.8360,-1,-1,-1
28,8,818.03,364.33,41.83,132.13,0.4378,-1,-1,-1
28,9,768.99,382.77,39.42,126.48,0.4183,-1,-1,-1
29,2,883.72,192.27,224.19,659.63,0.8794,-1,-1,-1
29,3,564.51,299.85,133.94,417.21,0.8639,-1,-1,-1
29,4,392.54,309.99,141.37,405.31,0.8420,-1,-1,-1
29,6,1091.39,280.03,143.14,429.28,0.8128,-1,-1,-1
29,8,819.65,369.04,44.82,143.48,0.5042,-1,-1,-1
29,9,772.61,387.37,41.01,129.17,0.3731,-1,-1,-1
30,2,887.62,196.61,224.87,661.05,0.8922,-1,-1,-1
30,3,567.79,299.48,137.87,416.29,0.8519,-1,-1,-1
30,4,396.99,312.61,144.43,412.67,0.8394,-1,-1,-1
30,6,1097.74,282.11,150.99,432.59,0.8322,-1,-1,-1
30,8,826.45,370.78,49.38,141.69,0.4914,-1,-1,-1
31,2,888.23,202.04,227.66,665.24,0.8832,-1,-1,-1
31,3,572.90,301.70,136.44,419.45,0.8356,-1,-1,-1
31,4,400.23,318.64,145.15,418.58,0.8435,-1,-1,-1
31,6,1101.94,285.60,154.06,435.57,0.8545,-1,-1,-1
31,8,837.59,379.74,43.10,138.53,0.5141,-1,-1,-1
31,9,790.05,393.35,41.42,126.06,0.4837,-1,-1,-1
32,2,889.78,209.63,232.09,669.02,0.8843,-1,-1,-1
32,3,577.87,304.93,134.18,429.55,0.8523,-1,-1,-1
32,4,401.78,323.93,145.56,418.26,0.8573,-1,-1,-1
32,6,1103.27,290.77,155.43,430.60,0.8578,-1,-1,-1
32,8,841.29,380.63,42.49,146.47,0.5931,-1,-1,-1
32,9,793.03,400.00,46.15,127.58,0.3946,-1,-1,-1
33,2,894.11,213.39,232.96,669.85,0.8824,-1,-1,-1
33,3,580.44,307.46,139.39,431.12,0.8464,-1,-1,-1
33,4,403.68,329.51,148.99,417.97,0.8586,-1,-1,-1
33,6,1105.75,299.89,163.28,428.81,0.8557,-1,-1,-1
33,8,845.96,388.65,44.92,145.14,0.5306,-1,-1,-1
33,9,798.98,401.84,42.18,127.20,0.3542,-1,-1,-1
34,2,895.01,220.43,241.35,672.77,0.8748,-1,-1,-1
34,3,585.53,309.00,135.51,433.73,0.8412,-1,-1,-1
34,4,399.85,333.11,149.84,426.94,0.8418,-1,-1,-1
34,6,1107.93,303.00,163.30,421.94,0.8550,-1,-1,-1
34,8,847.49,392.70,48.35,147.32,0.5586,-1,-1,-1
34,9,800.07,407.98,48.15,130.02,0.3365,-1,-1,-1
35,2,902.31,227.94,235.15,676.99,0.8777,-1,-1,-1
35,3,589.19,313.96,135.41,439.70,0.8299,-1,-1,-1
35,4,397.27,336.64,151.73,435.47,0.8268,-1,-1,-1
35,6,1110.49,306.71,165.25,418.60,0.8461,-1,-1,-1
35,8,849.55,396.85,48.77,146.38,0.5384,-1,-1,-1
35,9,802.71,408.75,49.54,134.57,0.4807,-1,-1,-1
36,2,906.36,233.92,230.91,678.09,0.8840,-1,-1,-1
36,3,591.37,319.24,140.35,441.62,0.8214,-1,-1,-1
36,4,392.23,340.79,152.19,440.50,0.8543,-1,-1,-1
36,6,1113.75,311.60,161.87,418.38,0.8511,-1,-1,-1
36,9,804.89,413.28,50.20,134.62,0.4319,-1,-1,-1
37,2,905.68,242.80,231.97,676.45,0.8903,-1,-1,-1
37,3,593.35,323.06,134.21,446.69,0.8044,-1,-1,-1
37,4,388.57,343.00,148.69,447.15,0.8665,-1,-1,-1
37,6,1118.85,315.34,160.91,425.62,0.8438,-1,-1,-1
37,8,861.32,413.81,43.10,133.55,0.4535,-1,-1,-1
37,9,805.74,423.46,51.15,130.04,0.3624,-1,-1,-1
38,2,913.40,248.34,226.51,676.55,0.8889,-1,-1,-1
38,3,594.25,329.06,135.12,450.45,0.8259,-1,-1,-1
38,4,381.34,347.32,153.75,447.90,0.8690,-1,-1,-1
38,6,1118.62,321.46,162.93,420.69,0.8463,-1,-1,-1
38,8,865.50,417.10,40.02,136.35,0.6131,-1,-1,-1
38,9,808.19,432.87,53.85,129.40,0.3782,-1,-1,-1
39,2,923.38,254.81,218.92,679.13,0.8846,-1,-1,-1
39,3,591.12,333.26,139.03,461.66,0.8165,-1,-1,-1
39,4,375.97,350.63,157.36,453.14,0.8802,-1,-1,-1
39,6,1125.18,328.40,157.50,429.27,0.8541,-1,-1,-1
39,8,863.72,424.67,43.82,134.70,0.5074,-1,-1,-1
39,9,810.25,437.80,50.59,118.37,0.3247,-1,-1,-1
40,2,928.08,256.26,214.62,686.74,0.8765,-1,-1,-1
40,3,584.53,344.27,145.99,468.89,0.7965,-1,-1,-1
40,4,371.09,355.99,159.45,455.48,0.8740,-1,-1,-1
40,6,1128.15,335.55,157.09,432.60,0.8542,-1,-1,-1
40,8,863.01,427.66,48.08,146.58,0.5479,-1,-1,-1
41,2,927.23,258.67,211.66,682.36,0.8804,-1,-1,-1
41,3,581.51,342.69,145.60,474.89,0.8022,-1,-1,-1
41,4,355.96,355.39,169.34,458.14,0.8626,-1,-1,-1
41,6,1133.57,339.35,152.69,429.86,0.8500,-1,-1,-1
41,8,862.50,432.70,48.15,145.52,0.4787,-1,-1,-1
41,9,806.33,452.81,55.55,125.98,0.3320,-1,-1,-1
42,2,931.47,265.99,207.28,672.47,0.8822,-1,-1,-1
42,3,576.47,347.57,149.79,480.56,0.7102,-1,-1,-1
42,4,343.56,357.08,174.24,466.36,0.8716,-1,-1,-1
42,6,1134.70,348.19,149.23,427.57,0.8558,-1,-1,-1
42,8,863.22,435.77,46.03,146.97,0.4658,-1,-1,-1
42,9,808.03,460.04,53.45,127.25,0.3295,-1,-1,-1
43,2,933.22,273.25,200.62,659.88,0.8819,-1,-1,-1
43,3,572.43,352.49,142.43,481.31,0.8054,-1,-1,-1
43,4,331.06,363.58,177.88,470.39,0.8483,-1,-1,-1
43,6,1130.89,354.06,151.52,429.47,0.8571,-1,-1,-1
43,8,859.08,440.68,47.17,137.90,0.3506,-1,-1,-1
44,2,931.48,279.53,199.72,657.73,0.8857,-1,-1,-1
44,3,566.95,357.11,141.56,491.76,0.8117,-1,-1,-1
44,4,315.99,366.46,183.78,477.50,0.8581,-1,-1,-1
44,6,1127.99,363.05,152.15,423.66,0.8564,-1,-1,-1
44,8,855.79,443.22,45.31,146.27,0.3893,-1,-1,-1
45,2,929.68,284.57,198.43,660.54,0.8876,-1,-1,-1
45,3,561.53,361.81,138.95,502.00,0.8246,-1,-1,-1
45,4,302.94,371.92,189.27,489.51,0.8454,-1,-1,-1
45,6,1124.30,368.78,150.50,426.42,0.8408,-1,-1,-1
45,8,847.20,450.16,49.70,146.72,0.4301,-1,-1,-1
46,2,925.44,293.65,198.22,667.36,0.8866,-1,-1,-1
46,3,554.44,364.27,140.78,507.85,0.8213,-1,-1,-1
46,4,292.57,379.25,188.82,503.88,0.8413,-1,-1,-1
46,6,1121.60,376.94,150.04,433.93,0.8509,-1,-1,-1
46,8,845.53,457.19,50.34,147.64,0.4778,-1,-1,-1
47,2,921.49,303.22,194.85,670.36,0.8781,-1,-1,-1
47,3,545.93,370.13,145.14,513.74,0.8248,-1,-1,-1
47,4,270.19,383.58,202.45,522.10,0.8436,-1,-1,-1
47,6,1117.40,382.26,146.40,434.69,0.8357,-1,-1,-1
47,8,842.10,469.73,50.52,137.22,0.3350,-1,-1,-1
48,2,915.67,309.96,196.52,680.48,0.8774,-1,-1,-1
48,3,531.86,372.11,151.80,525.07,0.8578,-1,-1,-1
48,4,256.50,393.26,206.56,529.40,0.8569,-1,-1,-1
48,6,1113.63,390.10,138.37,435.61,0.8321,-1,-1,-1
48,8,838.45,467.42,47.11,152.93,0.6837,-1,-1,-1
48,9,780.98,485.22,44.26,116.98,0.3229,-1,-1,-1
49,2,908.65,319.87,194.54,685.03,0.8784,-1,-1,-1
49,3,524.33,376.62,154.17,532.26,0.8508,-1,-1,-1
49,4,239.69,399.64,212.05,534.44,0.8719,-1,-1,-1
49,6,1104.73,395.46,147.16,434.35,0.8530,-1,-1,-1
49,8,831.75,472.28,50.30,151.87,0.4995,-1,-1,-1
50,2,903.87,328.37,193.32,684.27,0.8773,-1,-1,-1
50,3,520.11,383.39,154.99,537.66,0.8387,-1,-1,-1
50,4,223.75,406.75,219.47,521.92,0.8353,-1,-1,-1
50,6,1099.78,399.62,142.68,440.02,0.8538,-1,-1,-1
50,8,821.95,476.59,51.55,154.56,0.5770,-1,-1,-1
50,9,767.11,493.35,47.23,139.30,0.3133,-1,-1,-1
51,2,898.65,335.72,190.29,685.67,0.8694,-1,-1,-1
51,3,510.07,385.72,157.09,544.85,0.8470,-1,-1,-1
51,4,207.56,413.20,223.12,517.19,0.8440,-1,-1,-1
51,6,1094.96,403.16,145.28,439.70,0.8680,-1,-1,-1
51,8,815.85,480.02,56.27,156.24,0.5905,-1,-1,-1
52,2,893.39,342.48,189.42,684.38,0.8759,-1,-1,-1
52,3,501.30,388.01,160.25,545.75,0.8376,-1,-1,-1
52,4,195.54,417.25,225.57,558.61,0.8293,-1,-1,-1
52,6,1091.95,404.22,146.30,442.99,0.8645,-1,-1,-1
52,8,810.96,489.91,56.19,146.35,0.3282,-1,-1,-1
52,9,755.90,498.10,49.80,135.97,0.3138,-1,-1,-1
53,2,888.07,348.10,190.26,681.24,0.8783,-1,-1,-1
53,3,494.02,396.16,162.56,549.18,0.8404,-1,-1,-1
53,4,186.26,419.72,220.47,567.22,0.8704,-1,-1,-1
53,6,1083.33,408.35,154.80,443.20,0.8652,-1,-1,-1
53,8,810.83,491.94,52.89,146.87,0.6582,-1,-1,-1
53,9,753.97,502.08,52.03,138.68,0.3277,-1,-1,-1
54,2,881.91,350.44,193.92,678.71,0.8833,-1,-1,-1
54,3,483.17,395.72,170.89,558.30,0.8509,-1,-1,-1
54,4,175.02,420.69,224.58,574.71,0.8822,-1,-1,-1
54,6,1077.28,409.20,160.24,446.07,0.8712,-1,-1,-1
54,8,811.26,492.63,50.96,139.26,0.5952,-1,-1,-1
55,2,872.32,349.04,198.09,679.60,0.8837,-1,-1,-1
55,3,475.30,396.68,179.12,565.81,0.8581,-1,-1,-1
55,4,167.02,418.76,223.41,583.60,0.8952,-1,-1,-1
55,6,1073.76,410.33,162.96,445.15,0.8756,-1,-1,-1
55,8,807.54,492.82,52.65,142.82,0.4668,-1,-1,-1
55,9,747.39,508.26,51.14,140.18,0.5135,-1,-1,-1
56,2,868.74,348.09,197.40,683.43,0.8792,-1,-1,-1
56,3,470.50,398.94,185.08,578.85,0.8728,-1,-1,-1
56,4,159.15,417.63,221.89,594.35,0.8826,-1,-1,-1
56,6,1076.21,412.06,162.15,439.65,0.8744,-1,-1,-1
56,8,806.14,493.85,52.57,152.29,0.4625,-1,-1,-1
57,2,861.43,347.74,200.68,687.55,0.8752,-1,-1,-1
57,3,463.51,402.60,191.97,592.94,0.8758,-1,-1,-1
57,4,146.53,418.46,225.71,600.66,0.8887,-1,-1,-1
57,6,1074.29,414.27,164.93,437.54,0.8674,-1,-1,-1
57,8,806.10,498.68,52.75,154.52,0.3711,-1,-1,-1
57,9,744.94,524.32,46.97,127.32,0.3011,-1,-1,-1
58,2,856.28,347.22,204.64,676.75,0.8683,-1,-1,-1
58,3,458.48,398.49,196.49,609.63,0.8814,-1,-1,-1
58,4,138.49,417.17,228.39,611.77,0.8760,-1,-1,-1
58,6,1070.10,411.70,168.12,445.39,0.8718,-1,-1,-1
59,2,843.01,343.96,209.71,667.57,0.8827,-1,-1,-1
59,3,453.90,393.07,193.41,624.56,0.8830,-1,-1,-1
59,4,126.72,416.58,234.45,616.83,0.8969,-1,-1,-1
59,6,1069.18,414.56,169.35,440.43,0.8702,-1,-1,-1
59,8,801.61,502.00,52.60,147.05,0.3329,-1,-1,-1
59,9,745.35,514.40,39.99,121.49,0.3152,-1,-1,-1
60,2,835.95,345.20,211.30,664.88,0.8873,-1,-1,-1
60,3,452.70,397.46,190.62,623.97,0.8773,-1,-1,-1
60,4,114.41,415.88,239.28,622.28,0.9068,-1,-1,-1
60,6,1065.89,415.01,173.85,442.66,0.8682,-1,-1,-1
60,8,798.32,497.61,54.09,141.58,0.3746,-1,-1,-1
61,2,821.95,346.10,222.82,668.22,0.8888,-1,-1,-1
61,3,445.44,399.45,193.54,637.29,0.8643,-1,-1,-1
61,4,105.18,415.50,242.11,632.54,0.9052,-1,-1,-1
61,6,1063.43,416.34,177.25,443.09,0.8656,-1,-1,-1
61,8,797.72,497.99,53.50,139.96,0.4130,-1,-1,-1
62,2,818.80,345.81,227.27,668.37,0.8800,-1,-1,-1
62,3,445.74,397.91,193.19,643.54,0.8512,-1,-1,-1
62,4,99.52,411.73,243.46,657.76,0.9003,-1,-1,-1
62,6,1065.16,415.32,179.53,442.45,0.8628,-1,-1,-1
62,8,796.81,495.74,52.31,142.10,0.3431,-1,-1,-1
63,2,818.78,341.84,225.17,675.08,0.8811,-1,-1,-1
63,3,442.46,393.00,198.59,651.06,0.8613,-1,-1,-1
63,4,98.69,406.03,236.06,671.79,0.8924,-1,-1,-1
63,6,1066.84,414.13,184.05,442.73,0.8705,-1,-1,-1
63,19,1018.38,430.82,67.70,322.07,0.7148,-1,-1,-1
64,2,820.00,340.79,221.58,677.84,0.8784,-1,-1,-1
64,3,448.85,386.18,197.89,660.26,0.8709,-1,-1,-1
64,4,93.01,402.80,236.16,674.79,0.8872,-1,-1,-1
64,6,1068.32,414.35,186.09,442.97,0.8700,-1,-1,-1
64,8,802.68,494.53,46.37,148.74,0.3707,-1,-1,-1
64,9,739.65,509.00,52.98,143.38,0.3746,-1,-1,-1
64,19,1020.02,435.11,68.38,314.97,0.7914,-1,-1,-1
65,2,815.92,339.27,227.80,680.79,0.8890,-1,-1,-1
65,3,446.51,379.69,203.62,667.80,0.8722,-1,-1,-1
65,4,82.71,404.14,240.08,674.34,0.8834,-1,-1,-1
65,6,1072.11,411.61,186.43,444.70,0.8626,-1,-1,-1
65,8,803.34,490.57,45.48,155.99,0.4018,-1,-1,-1
65,9,740.46,508.54,59.49,143.26,0.5812,-1,-1,-1
65,19,1021.31,435.95,70.96,312.18,0.7868,-1,-1,-1
66,2,819.11,337.57,225.34,682.86,0.8875,-1,-1,-1
66,3,443.90,372.49,211.08,676.18,0.8764,-1,-1,-1
66,4,73.91,402.19,244.80,673.41,0.8885,-1,-1,-1
66,6,1081.81,405.20,187.74,452.81,0.8392,-1,-1,-1
66,8,808.58,487.43,39.69,151.74,0.3335,-1,-1,-1
66,9,743.39,503.62,58.54,146.52,0.4667,-1,-1,-1
66,19,1022.54,434.61,74.30,311.85,0.7797,-1,-1,-1
67,2,819.60,337.65,226.89,683.38,0.8931,-1,-1,-1
67,3,443.61,366.33,215.15,682.72,0.8733,-1,-1,-1
67,4,63.72,396.82,246.55,680.38,0.8880,-1,-1,-1
67,6,1085.39,402.08,190.91,457.68,0.8461,-1,-1,-1
67,9,745.49,496.04,59.92,150.43,0.6051,-1,-1,-1
67,19,1023.19,431.03,77.47,308.96,0.7461,-1,-1,-1
68,2,822.38,336.14,227.13,684.73,0.8934,-1,-1,-1
68,3,441.57,355.54,221.83,691.75,0.8708,-1,-1,-1
68,4,48.70,394.56,253.90,676.02,0.8889,-1,-1,-1
68,6,1091.89,399.41,180.41,454.21,0.8456,-1,-1,-1
68,9,747.33,497.44,60.50,146.17,0.5304,-1,-1,-1
68,19,1026.78,423.04,79.11,315.12,0.7259,-1,-1,-1
69,2,830.54,330.81,222.62,685.58,0.8878,-1,-1,-1
69,3,441.98,347.16,225.34,700.28,0.8775,-1,-1,-1
69,4,34.69,383.11,263.51,684.26,0.8998,-1,-1,-1
69,6,1094.71,395.16,181.43,456.25,0.8726,-1,-1,-1
69,9,750.87,490.90,59.34,149.46,0.6034,-1,-1,-1
69,19,1030.90,419.32,77.93,315.74,0.7208,-1,-1,-1
70,2,829.83,328.23,225.88,682.20,0.8967,-1,-1,-1
70,3,436.94,341.22,232.75,707.69,0.8913,-1,-1,-1
70,4,16.34,375.21,274.09,695.94,0.9135,-1,-1,-1
70,6,1097.30,390.90,182.31,456.48,0.8721,-1,-1,-1
70,8,817.87,469.06,46.67,163.25,0.3136,-1,-1,-1
70,9,753.09,486.99,58.95,151.36,0.5373,-1,-1,-1
70,19,1032.64,415.80,78.88,315.51,0.7091,-1,-1,-1
70,21,1544.45,449.68,57.29,64.15,0.3554,-1,-1,-1
71,2,833.39,325.60,224.13,681.26,0.8904,-1,-1,-1
71,3,432.01,334.02,236.62,721.71,0.8901,-1,-1,-1
71,4,3.66,368.04,267.61,703.60,0.9096,-1,-1,-1
71,6,1100.53,386.40,179.65,453.61,0.8643,-1,-1,-1
71,9,753.02,484.84,60.22,151.38,0.5789,-1,-1,-1
71,19,1033.04,412.35,80.18,316.20,0.7217,-1,-1,-1
71,21,1541.81,447.34,61.17,62.45,0.4409,-1,-1,-1
72,2,832.66,319.28,226.45,682.27,0.8906,-1,-1,-1
72,3,426.97,323.96,239.94,747.82,0.8916,-1,-1,-1
72,4,-0.22,360.51,257.27,711.68,0.9195,-1,-1,-1
72,6,1103.01,384.62,178.67,450.65,0.8592,-1,-1,-1
72,9,754.27,484.59,60.31,150.43,0.5615,-1,-1,-1
72,19,1034.59,410.91,78.75,314.90,0.7227,-1,-1,-1
72,21,1553.12,445.41,50.73,61.92,0.4067,-1,-1,-1
73,2,834.40,313.20,224.58,678.68,0.8855,-1,-1,-1
73,3,420.70,314.31,243.64,762.23,0.8933,-1,-1,-1
73,4,-0.68,347.36,241.97,725.00,0.9111,-1,-1,-1
73,6,1104.56,381.35,177.00,444.36,0.8556,-1,-1,-1
73,9,753.26,476.75,56.17,152.85,0.4691,-1,-1,-1
73,19,1035.85,410.61,77.66,312.52,0.6758,-1,-1,-1
73,21,1544.91,442.18,60.25,61.41,0.4260,-1,-1,-1
74,2,833.36,308.32,224.97,664.26,0.8805,-1,-1,-1
74,3,412.39,310.69,247.08,763.56,0.8907,-1,-1,-1
74,4,-0.44,342.80,223.98,733.25,0.9065,-1,-1,-1
74,6,1106.03,377.79,172.77,441.69,0.8565,-1,-1,-1
74,9,750.03,475.09,59.79,152.70,0.5560,-1,-1,-1
74,19,1035.19,410.23,79.36,310.91,0.6848,-1,-1,-1
74,21,1547.21,440.90,62.56,61.59,0.4308,-1,-1,-1
75,2,837.17,304.39,219.30,661.93,0.8721,-1,-1,-1
75,3,401.89,302.73,250.02,771.47,0.8954,-1,-1,-1
75,4,-0.38,329.86,207.59,746.44,0.8958,-1,-1,-1
75,6,1105.34,375.35,173.41,440.50,0.8616,-1,-1,-1
75,8,817.19,456.13,45.04,160.13,0.3709,-1,-1,-1
75,9,748.84,471.70,58.06,153.48,0.5618,-1,-1,-1
75,19,1035.14,424.49,75.78,294.21,0.6642,-1,-1,-1
75,21,1546.59,438.47,64.66,61.83,0.4430,-1,-1,-1
76,2,842.47,300.57,215.27,661.33,0.8691,-1,-1,-1
76,3,391.40,296.56,254.77,774.23,0.8894,-1,-1,-1
76,4,-0.32,322.77,192.04,749.86,0.8883,-1,-1,-1
76,6,1109.40,373.41,166.87,439.92,0.8559,-1,-1,-1
76,8,817.25,452.48,44.23,163.09,0.3975,-1,-1,-1
76,9,746.82,471.94,63.44,148.02,0.5169,-1,-1,-1
76,19,1035.79,436.92,76.20,277.35,0.7228,-1,-1,-1
76,21,1543.38,438.04,69.62,61.91,0.4525,-1,-1,-1
77,2,847.36,298.41,207.32,664.63,0.8786,-1,-1,-1
77,3,381.87,294.44,257.60,772.20,0.8913,-1,-1,-1
77,4,-0.21,317.47,176.38,758.05,0.8802,-1,-1,-1
77,6,1109.36,371.96,167.03,442.97,0.8657,-1,-1,-1
77,8,817.27,450.31,44.75,160.61,0.4081,-1,-1,-1
77,9,745.70,471.36,65.80,148.62,0.5040,-1,-1,-1
77,19,1034.16,436.66,77.26,277.66,0.6324,-1,-1,-1
77,21,1540.55,437.65,72.39,61.06,0.4086,-1,-1,-1
78,2,852.20,295.85,197.92,667.53,0.8637,-1,-1,-1
78,3,366.64,289.94,265.08,781.05,0.8972,-1,-1,-1
78,4,-0.68,311.80,157.84,760.17,0.8673,-1,-1,-1
78,6,1108.81,370.80,166.60,444.07,0.8640,-1,-1,-1
78,8,814.73,451.46,45.89,162.18,0.6321,-1,-1,-1
78,9,743.75,464.98,65.54,156.49,0.5499,-1,-1,-1
78,19,1029.79,418.01,78.12,298.63,0.7076,-1,-1,-1
78,21,1544.50,437.25,67.80,61.57,0.4210,-1,-1,-1
79,2,852.94,292.13,197.73,673.24,0.8592,-1,-1,-1
79,3,350.53,284.91,266.96,786.53,0.9003,-1,-1,-1
79,4,-2.62,310.65,143.56,762.72,0.8291,-1,-1,-1
79,6,1108.42,367.77,165.66,445.51,0.8600,-1,-1,-1
79,8,811.27,449.58,47.06,166.10,0.6450,-1,-1,-1
79,9,742.62,470.35,51.12,151.74,0.4962,-1,-1,-1
79,19,1024.54,401.27,80.17,313.80,0.7189,-1,-1,-1
79,21,1540.46,435.54,67.17,61.72,0.3016,-1,-1,-1
80,2,851.63,289.62,192.41,677.15,0.8566,-1,-1,-1
80,3,331.67,275.42,276.23,795.00,0.8965,-1,-1,-1
80,4,-12.83,410.62,138.63,433.91,0.5093,-1,-1,-1
80,6,1105.93,363.97,162.14,448.59,0.8433,-1,-1,-1
80,8,801.25,445.91,57.58,171.85,0.6151,-1,-1,-1
80,9,738.52,470.30,51.30,153.51,0.5411,-1,-1,-1
80,19,1023.11,398.18,74.56,317.60,0.7097,-1,-1,-1
81,2,849.76,293.58,190.12,675.87,0.8514,-1,-1,-1
81,3,314.95,266.23,279.41,803.22,0.9018,-1,-1,-1
81,4,-1.27,437.52,92.37,433.75,0.6418,-1,-1,-1
81,6,1103.88,364.29,156.73,445.85,0.8567,-1,-1,-1
81,8,796.86,444.21,56.42,168.71,0.6196,-1,-1,-1
81,9,732.17,462.81,52.75,154.62,0.5612,-1,-1,-1
81,19,1017.26,405.50,74.10,308.77,0.6937,-1,-1,-1
81,21,1534.77,431.11,69.26,63.29,0.3117,-1,-1,-1
81,22,1872.22,882.26,46.95,197.04,0.3592,-1,-1,-1
82,2,846.50,294.47,186.11,674.73,0.8529,-1,-1,-1
82,3,291.48,252.09,297.54,820.16,0.8974,-1,-1,-1
82,4,-0.89,443.81,71.34,356.79,0.7815,-1,-1,-1
82,6,1098.65,359.56,154.78,448.04,0.8627,-1,-1,-1
82,8,793.50,440.89,56.10,169.04,0.6749,-1,-1,-1
82,9,725.35,455.72,54.05,159.39,0.6341,-1,-1,-1
82,19,1014.91,391.48,74.35,315.67,0.6466,-1,-1,-1
83,2,845.30,292.55,178.84,673.55,0.8514,-1,-1,-1
83,3,268.58,239.50,303.59,830.94,0.8896,-1,-1,-1
83,6,1095.73,358.38,151.95,452.61,0.8518,-1,-1,-1
83,8,791.92,436.25,52.85,165.23,0.5785,-1,-1,-1
83,9,720.66,451.45,60.84,156.83,0.3876,-1,-1,-1
83,19,1002.15,382.28,82.40,323.88,0.5449,-1,-1,-1
84,2,835.77,292.32,178.17,675.23,0.8476,-1,-1,-1
84,3,239.44,228.08,304.64,844.87,0.9033,-1,-1,-1
84,6,1086.47,354.40,155.12,457.52,0.8586,-1,-1,-1
84,8,783.89,434.98,51.75,166.06,0.5587,-1,-1,-1
84,9,712.35,450.01,55.35,154.96,0.5917,-1,-1,-1
84,19,995.13,376.08,80.98,321.33,0.7452,-1,-1,-1
84,22,1875.42,872.17,44.17,179.86,0.3651,-1,-1,-1
85,2,824.44,290.41,178.20,671.29,0.8275,-1,-1,-1
85,3,205.71,215.95,333.17,858.25,0.9170,-1,-1,-1
85,6,1079.48,354.38,149.19,453.01,0.8485,-1,-1,-1
85,8,772.16,426.05,55.09,171.37,0.5998,-1,-1,-1
85,9,706.82,451.60,53.20,151.48,0.4575,-1,-1,-1
85,19,984.31,373.89,82.21,317.43,0.7616,-1,-1,-1
86,2,809.62,283.66,183.73,671.83,0.8417,-1,-1,-1
86,3,185.22,202.51,323.26,872.16,0.9056,-1,-1,-1
86,6,1071.54,348.86,151.37,454.14,0.8318,-1,-1,-1
86,8,770.32,420.07,46.38,176.53,0.5159,-1,-1,-1
86,9,695.52,444.49,58.09,155.12,0.5367,-1,-1,-1
86,19,970.92,369.44,90.52,319.93,0.8069,-1,-1,-1
86,24,480.56,412.20,79.88,286.34,0.7152,-1,-1,-1
87,2,796.23,277.85,190.68,676.80,0.8524,-1,-1,-1
87,3,152.92,187.60,332.36,887.58,0.9104,-1,-1,-1
87,6,1062.39,346.96,153.58,451.95,0.8509,-1,-1,-1
87,8,760.56,413.28,48.07,181.41,0.6884,-1,-1,-1
87,9,688.93,447.78,60.21,151.22,0.4641,-1,-1,-1
87,19,962.66,366.89,91.50,319.97,0.7796,-1,-1,-1
87,21,1529.00,420.81,39.96,55.89,0.3009,-1,-1,-1
87,24,472.93,410.84,76.48,285.63,0.7296,-1,-1,-1
88,2,779.81,274.31,201.43,670.04,0.8571,-1,-1,-1
88,3,129.08,180.04,338.51,896.53,0.9155,-1,-1,-1
88,6,1052.46,339.66,152.32,454.54,0.8485,-1,-1,-1
88,8,747.45,409.41,50.88,177.26,0.4646,-1,-1,-1
88,9,680.55,439.88,56.35,155.11,0.6147,-1,-1,-1
88,19,949.08,358.48,96.36,325.01,0.7449,-1,-1,-1
88,21,1521.97,416.73,37.82,56.71,0.3523,-1,-1,-1
88,24,445.78,408.12,95.04,286.76,0.7607,-1,-1,-1
89,2,765.29,267.85,203.78,668.77,0.8477,-1,-1,-1
89,3,100.50,167.78,353.06,907.00,0.9201,-1,-1,-1
89,6,1042.43,333.64,161.03,454.47,0.8534,-1,-1,-1
89,8,743.81,409.00,41.11,180.66,0.3303,-1,-1,-1
89,9,672.21,436.45,59.14,157.30,0.5573,-1,-1,-1
89,19,941.08,359.44,99.16,316.98,0.8162,-1,-1,-1
89,24,429.06,396.78,105.45,301.07,0.7739,-1,-1,-1
90,2,747.72,260.13,218.59,656.04,0.8689,-1,-1,-1
90,3,70.50,151.83,375.02,922.72,0.9241,-1,-1,-1
90,6,1037.04,328.13,159.38,460.50,0.8482,-1,-1,-1
90,9,666.40,432.98,62.84,156.20,0.4318,-1,-1,-1
90,19,937.82,355.03,95.89,314.91,0.7823,-1,-1,-1
90,24,421.19,388.88,104.81,303.52,0.7799,-1,-1,-1
91,2,734.95,257.02,224.63,647.75,0.8808,-1,-1,-1
91,3,49.22,141.58,384.33,930.52,0.9224,-1,-1,-1
91,6,1030.58,324.49,164.63,455.87,0.8681,-1,-1,-1
91,9,659.00,425.52,53.85,156.78,0.4526,-1,-1,-1
91,19,930.08,350.16,100.54,318.41,0.7997,-1,-1,-1
91,21,1506.82,397.26,39.87,62.04,0.3419,-1,-1,-1
91,24,413.70,386.79,103.56,305.14,0.7615,-1,-1,-1
92,2,723.00,250.67,227.82,651.93,0.8787,-1,-1,-1
92,3,20.28,125.74,405.46,946.48,0.9221,-1,-1,-1
92,6,1024.60,317.47,167.72,453.81,0.8636,-1,-1,-1
92,9,654.06,423.15,59.86,158.28,0.5489,-1,-1,-1
92,19,923.88,349.56,96.58,316.68,0.7895,-1,-1,-1
92,21,1505.70,396.11,37.28,60.40,0.4943,-1,-1,-1
92,24,404.01,385.03,106.84,307.13,0.8223,-1,-1,-1
93,2,714.79,244.62,235.81,656.39,0.8891,-1,-1,-1
93,3,0.33,116.35,413.01,956.27,0.9244,-1,-1,-1
93,6,1017.44,313.75,172.26,454.28,0.8705,-1,-1,-1
93,9,653.24,420.67,55.05,157.60,0.3373,-1,-1,-1
93,19,922.46,347.75,97.79,316.83,0.7763,-1,-1,-1
93,21,1497.07,390.12,43.15,62.22,0.4659,-1,-1,-1
93,24,397.32,379.11,107.67,312.22,0.8071,-1,-1,-1
93,27,1845.28,839.92,74.08,194.38,0.3963,-1,-1,-1
94,2,708.19,241.23,229.60,660.38,0.8729,-1,-1,-1
94,3,-0.78,106.82,403.56,969.19,0.9323,-1,-1,-1
94,6,1012.87,312.85,175.68,453.74,0.8726,-1,-1,-1
94,19,918.76,346.50,99.89,319.22,0.8026,-1,-1,-1
94,21,1495.45,390.30,42.17,59.30,0.4162,-1,-1,-1
94,24,389.44,378.71,110.97,308.38,0.8026,-1,-1,-1
94,28,1725.76,854.16,94.17,220.13,0.3618,-1,-1,-1
95,2,701.83,240.05,230.95,667.13,0.8860,-1,-1,-1
95,3,-0.87,96.69,401.78,978.88,0.9307,-1,-1,-1
95,6,1007.21,311.67,179.44,453.55,0.8644,-1,-1,-1
95,19,917.02,344.09,98.60,320.47,0.7805,-1,-1,-1
95,21,1493.80,391.02,40.96,58.13,0.3194,-1,-1,-1
95,24,384.26,375.04,111.78,314.75,0.8174,-1,-1,-1
95,28,1724.31,855.50,95.19,219.28,0.3667,-1,-1,-1
96,2,693.35,243.15,231.75,665.47,0.9045,-1,-1,-1
96,3,0.37,85.05,379.66,990.28,0.9349,-1,-1,-1
96,6,1003.60,311.22,183.87,456.53,0.8598,-1,-1,-1
96,9,633.61,427.83,67.32,154.90,0.3024,-1,-1,-1
96,19,912.18,345.33,102.47,320.01,0.7540,-1,-1,-1
96,21,1490.59,392.29,41.33,57.33,0.3033,-1,-1,-1
96,24,379.82,374.68,110.68,321.72,0.8098,-1,-1,-1
96,28,1723.65,856.22,97.67,220.57,0.4038,-1,-1,-1
97,2,695.49,241.63,227.48,672.98,0.8996,-1,-1,-1
97,3,0.14,75.28,368.58,999.76,0.9338,-1,-1,-1
97,6,1001.86,311.25,187.34,456.53,0.8618,-1,-1,-1
97,9,632.82,418.68,61.06,161.77,0.5593,-1,-1,-1
97,19,903.72,342.78,108.67,319.23,0.7328,-1,-1,-1
97,24,377.67,370.34,112.36,327.04,0.8189,-1,-1,-1
97,27,1849.35,834.80,70.09,185.40,0.3590,-1,-1,-1
97,28,1727.32,855.67,96.99,221.22,0.4493,-1,-1,-1
98,2,694.17,243.90,226.28,676.59,0.8996,-1,-1,-1
98,3,0.07,56.16,358.47,1015.01,0.9344,-1,-1,-1
98,6,1001.12,310.81,192.20,459.40,0.8591,-1,-1,-1
98,9,632.20,415.75,59.26,166.82,0.6311,-1,-1,-1
98,19,907.45,343.49,104.53,320.92,0.7306,-1,-1,-1
98,24,377.03,368.54,112.56,330.42,0.8255,-1,-1,-1
98,28,1731.82,857.46,97.65,220.54,0.4000,-1,-1,-1
99,2,693.48,248.17,226.57,677.70,0.8985,-1,-1,-1
99,3,0.57,46.57,347.38,1025.58,0.9272,-1,-1,-1
99,6,1002.52,311.50,197.49,461.14,0.8700,-1,-1,-1
99,9,633.25,416.29,54.39,165.38,0.6340,-1,-1,-1
99,19,908.78,343.59,104.28,320.99,0.7370,-1,-1,-1
99,21,1497.74,383.68,39.48,66.16,0.3077,-1,-1,-1
99,24,375.57,366.59,113.60,334.01,0.8214,-1,-1,-1
100,2,695.22,251.03,222.55,675.11,0.8988,-1,-1,-1
100,3,1.00,35.58,333.51,1035.00,0.9225,-1,-1,-1
100,6,1005.49,313.22,199.07,460.57,0.8763,-1,-1,-1
100,9,630.88,415.12,59.41,166.22,0.6493,-1,-1,-1
100,19,911.08,349.55,105.67,316.93,0.7435,-1,-1,-1
100,21,1496.16,380.62,43.60,67.30,0.4183,-1,-1,-1
100,24,373.05,368.97,115.19,332.75,0.8323,-1,-1,-1
101,2,702.04,250.84,215.50,675.58,0.8890,-1,-1,-1
101,3,1.58,16.39,315.81,1059.15,0.9144,-1,-1,-1
101,6,1007.28,312.18,201.22,463.70,0.8568,-1,-1,-1
101,9,633.60,413.93,59.25,164.99,0.7018,-1,-1,-1
101,19,913.82,348.35,104.79,317.24,0.7683,-1,-1,-1
101,24,375.04,365.89,114.70,337.52,0.8239,-1,-1,-1
102,2,703.75,251.47,220.32,668.47,0.8948,-1,-1,-1
102,3,2.06,13.78,295.53,1058.91,0.9190,-1,-1,-1
102,6,1015.47,312.93,197.89,465.27,0.8308,-1,-1,-1
102,9,637.51,414.28,59.75,165.55,0.5224,-1,-1,-1
102,19,920.73,347.10,102.46,319.60,0.7923,-1,-1,-1
102,24,375.50,365.07,116.66,341.41,0.8319,-1,-1,-1
103,2,716.41,251.04,221.62,665.94,0.8881,-1,-1,-1
103,3,3.01,9.87,278.55,1061.71,0.9092,-1,-1,-1
103,6,1023.19,315.99,201.95,465.79,0.8433,-1,-1,-1
103,9,643.37,408.89,61.10,166.37,0.5544,-1,-1,-1
103,19,931.66,340.84,100.40,322.95,0.7443,-1,-1,-1
103,24,386.12,366.86,113.55,336.21,0.8037,-1,-1,-1
104,2,726.07,246.67,222.28,668.70,0.8919,-1,-1,-1
104,3,8.32,13.82,259.86,1046.09,0.8316,-1,-1,-1
104,6,1042.51,308.11,202.56,470.03,0.8582,-1,-1,-1
104,9,658.85,407.30,56.35,169.02,0.6639,-1,-1,-1
104,19,941.67,338.27,107.15,322.62,0.7345,-1,-1,-1
104,21,1534.33,377.25,43.56,66.31,0.5237,-1,-1,-1
104,24,396.22,371.00,112.97,333.48,0.8112,-1,-1,-1
104,28,1787.46,859.61,107.97,220.38,0.3975,-1,-1,-1
105,2,739.56,245.25,220.28,663.52,0.8861,-1,-1,-1
105,3,10.21,230.91,238.38,826.78,0.7801,-1,-1,-1
105,6,1053.01,308.92,200.30,469.35,0.8547,-1,-1,-1
105,9,663.72,408.79,60.47,166.90,0.3739,-1,-1,-1
105,19,953.17,333.51,103.68,328.69,0.7371,-1,-1,-1
105,21,1546.16,374.33,46.86,67.66,0.4179,-1,-1,-1
105,24,404.56,365.86,111.37,337.67,0.8087,-1,-1,-1
105,28,1804.90,861.29,107.79,218.51,0.4947,-1,-1,-1
106,2,748.66,242.33,213.35,649.22,0.8781,-1,-1,-1
106,3,35.23,252.16,137.51,674.48,0.6228,-1,-1,-1
106,6,1066.20,303.38,205.24,477.87,0.8421,-1,-1,-1
106,9,668.32,405.52,62.77,167.66,0.6820,-1,-1,-1
106,19,958.94,332.47,104.09,329.51,0.7895,-1,-1,-1
106,21,1557.32,372.94,44.37,67.61,0.4629,-1,-1,-1
106,24,411.42,365.33,111.56,335.64,0.8015,-1,-1,-1
106,28,1818.03,857.41,100.93,222.40,0.6350,-1,-1,-1
107,2,757.07,236.01,211.74,644.33,0.8783,-1,-1,-1
107,3,15.10,247.22,103.08,787.75,0.7251,-1,-1,-1
107,6,1072.93,303.22,195.51,474.34,0.8424,-1,-1,-1
107,9,669.74,404.31,67.22,169.42,0.6755,-1,-1,-1
107,19,963.64,330.63,107.22,326.80,0.7449,-1,-1,-1
107,21,1568.14,371.85,44.44,66.99,0.3619,-1,-1,-1
107,24,414.65,361.67,112.68,338.74,0.7888,-1,-1,-1
107,28,1831.68,855.34,87.81,222.25,0.4784,-1,-1,-1
108,2,761.95,233.25,209.17,645.19,0.8828,-1,-1,-1
108,6,1081.12,301.61,173.80,471.33,0.8386,-1,-1,-1
108,9,672.73,403.66,67.91,170.17,0.7286,-1,-1,-1
108,19,968.02,328.43,106.39,329.21,0.7282,-1,-1,-1
108,21,1575.09,370.00,43.36,65.60,0.4637,-1,-1,-1
108,24,416.76,360.62,112.91,345.59,0.7966,-1,-1,-1
109,2,771.89,232.26,201.58,645.83,0.8753,-1,-1,-1
109,6,1085.07,297.59,170.67,468.62,0.8704,-1,-1,-1
109,9,678.02,400.84,64.01,170.83,0.6812,-1,-1,-1
109,19,972.02,326.98,96.08,326.20,0.5493,-1,-1,-1
109,21,1583.63,373.52,42.95,62.51,0.6009,-1,-1,-1
109,24,414.32,358.05,116.18,350.38,0.8082,-1,-1,-1
110,2,772.33,230.65,203.12,648.23,0.8753,-1,-1,-1
110,6,1089.28,294.53,171.36,464.86,0.8722,-1,-1,-1
110,9,679.55,397.56,67.17,171.04,0.6261,-1,-1,-1
110,19,976.55,324.05,103.48,327.27,0.6669,-1,-1,-1
110,21,1587.86,367.46,39.79,64.98,0.4036,-1,-1,-1
110,24,411.31,353.47,118.30,357.55,0.7983,-1,-1,-1
111,2,776.70,229.84,198.52,651.34,0.8721,-1,-1,-1
111,6,1093.10,291.44,169.19,461.57,0.8667,-1,-1,-1
111,9,682.82,394.60,65.52,173.79,0.6588,-1,-1,-1
111,19,974.81,324.13,105.81,324.77,0.6149,-1,-1,-1
111,21,1599.94,371.41,38.75,62.84,0.4412,-1,-1,-1
111,24,409.82,352.67,120.52,354.73,0.8059,-1,-1,-1
112,2,777.30,229.47,197.52,650.31,0.8674,-1,-1,-1
112,6,1098.33,288.66,169.46,459.97,0.8549,-1,-1,-1
112,9,685.09,395.29,67.40,174.36,0.6441,-1,-1,-1
112,19,974.20,324.00,110.09,326.27,0.6338,-1,-1,-1
112,24,412.90,349.08,117.07,359.27,0.7482,-1,-1,-1
113,2,779.73,229.04,194.86,651.02,0.8648,-1,-1,-1
113,6,1104.39,286.16,165.89,463.81,0.8511,-1,-1,-1
113,9,686.75,390.72,68.08,180.45,0.7009,-1,-1,-1
113,19,980.04,323.50,108.44,325.54,0.6026,-1,-1,-1
113,24,411.22,347.89,117.97,363.32,0.7392,-1,-1,-1
114,2,786.24,231.35,190.58,652.05,0.8545,-1,-1,-1
114,6,1110.11,285.11,162.86,467.51,0.8578,-1,-1,-1
114,9,690.59,393.66,67.01,175.66,0.6295,-1,-1,-1
114,19,987.32,320.99,102.63,320.45,0.5927,-1,-1,-1
114,21,1612.63,374.81,39.51,52.95,0.3496,-1,-1,-1
114,24,412.56,344.93,116.91,366.03,0.7352,-1,-1,-1
115,2,791.79,232.91,191.58,651.93,0.8444,-1,-1,-1
115,6,1112.19,286.60,163.72,466.22,0.8679,-1,-1,-1
115,9,695.13,391.03,65.57,179.14,0.5955,-1,-1,-1
115,19,997.20,321.03,99.32,322.97,0.7349,-1,-1,-1
115,21,1623.69,365.90,34.64,60.36,0.3317,-1,-1,-1
115,24,410.62,344.14,120.59,368.21,0.7379,-1,-1,-1
116,2,792.49,233.39,192.50,652.54,0.8509,-1,-1,-1
116,6,1113.99,286.30,165.09,464.14,0.8630,-1,-1,-1
116,9,693.37,393.17,69.12,179.33,0.5573,-1,-1,-1
116,19,992.93,322.95,109.17,319.74,0.7067,-1,-1,-1
116,21,1625.47,363.81,38.41,63.11,0.3823,-1,-1,-1
116,24,403.71,342.65,127.36,369.97,0.7733,-1,-1,-1
117,2,791.16,233.82,190.02,652.60,0.8521,-1,-1,-1
117,6,1116.87,284.94,165.09,467.61,0.8591,-1,-1,-1
117,9,689.30,389.26,75.24,179.46,0.6245,-1,-1,-1
117,19,993.43,321.17,107.73,321.34,0.6699,-1,-1,-1
117,24,401.25,343.56,129.53,368.73,0.7213,-1,-1,-1
118,2,783.88,235.70,190.20,648.97,0.8566,-1,-1,-1
118,6,1118.56,285.86,166.26,470.98,0.8564,-1,-1,-1
118,9,688.04,392.26,75.38,179.25,0.6155,-1,-1,-1
118,19,981.83,322.68,119.93,321.92,0.7296,-1,-1,-1
118,24,395.36,338.91,131.97,375.48,0.7031,-1,-1,-1
119,2,781.80,234.86,189.41,649.72,0.8667,-1,-1,-1
119,6,1122.95,287.80,162.20,473.42,0.8511,-1,-1,-1
119,9,690.90,393.17,72.78,179.12,0.5529,-1,-1,-1
119,19,978.09,324.53,124.43,322.35,0.7557,-1,-1,-1
119,24,390.57,338.23,132.75,376.80,0.8252,-1,-1,-1
120,2,775.18,232.25,194.47,649.41,0.8782,-1,-1,-1
120,6,1122.28,288.36,162.16,474.59,0.8532,-1,-1,-1
120,9,686.13,392.24,77.04,178.64,0.5289,-1,-1,-1
120,19,972.92,324.87,126.92,323.57,0.7074,-1,-1,-1
120,24,386.51,333.57,132.61,384.42,0.8358,-1,-1,-1
121,2,768.92,227.79,197.20,644.26,0.8741,-1,-1,-1
121,6,1119.67,290.52,163.58,475.73,0.8470,-1,-1,-1
121,9,683.53,394.57,80.72,182.52,0.4325,-1,-1,-1
121,19,968.82,326.07,130.29,322.36,0.6075,-1,-1,-1
121,24,380.14,333.64,134.30,386.39,0.8384,-1,-1,-1
122,2,760.83,227.59,196.57,634.44,0.8656,-1,-1,-1
122,6,1117.33,291.40,163.29,477.43,0.8405,-1,-1,-1
122,19,968.78,325.39,130.94,322.69,0.6372,-1,-1,-1
122,21,1638.35,372.48,44.85,59.81,0.3643,-1,-1,-1
122,24,369.25,333.37,139.37,395.00,0.8261,-1,-1,-1
123,2,748.64,226.10,203.25,635.69,0.8671,-1,-1,-1
123,6,1115.09,290.70,161.51,478.18,0.8582,-1,-1,-1
123,19,957.14,326.32,138.29,324.15,0.6224,-1,-1,-1
123,21,1634.02,372.13,48.23,60.13,0.4418,-1,-1,-1
123,24,363.69,332.18,137.05,402.84,0.8542,-1,-1,-1
124,2,739.56,227.04,206.76,637.64,0.8720,-1,-1,-1
124,6,1111.20,289.13,159.09,484.67,0.8491,-1,-1,-1
124,19,956.46,327.61,122.22,325.37,0.6116,-1,-1,-1
124,21,1632.48,372.57,48.03,62.23,0.4495,-1,-1,-1
124,24,355.25,332.64,139.93,404.77,0.8591,-1,-1,-1
125,2,731.43,228.13,210.27,641.81,0.8767,-1,-1,-1
125,6,1106.86,289.53,160.77,480.07,0.8453,-1,-1,-1
125,9,676.54,393.29,67.56,192.93,0.4485,-1,-1,-1
125,19,951.97,324.34,125.71,331.12,0.6953,-1,-1,-1
125,21,1628.61,372.40,47.07,63.74,0.3825,-1,-1,-1
125,24,346.37,339.39,141.25,402.28,0.8451,-1,-1,-1
126,2,711.58,228.89,225.42,646.52,0.8684,-1,-1,-1
126,6,1100.61,290.32,161.30,475.98,0.8445,-1,-1,-1
126,9,668.97,393.45,68.82,189.52,0.3808,-1,-1,-1
126,19,952.65,320.78,126.11,333.93,0.5801,-1,-1,-1
126,21,1626.54,370.57,45.82,65.11,0.4171,-1,-1,-1
126,24,333.20,336.94,143.83,407.86,0.8397,-1,-1,-1
127,2,708.88,231.68,224.90,647.19,0.8698,-1,-1,-1
127,6,1093.86,290.92,166.39,481.70,0.8566,-1,-1,-1
127,19,942.42,320.30,138.64,336.81,0.7700,-1,-1,-1
127,21,1622.92,372.05,44.03,64.97,0.4368,-1,-1,-1
127,24,327.13,343.42,142.29,408.01,0.8475,-1,-1,-1
128,2,706.76,231.41,225.40,651.92,0.8799,-1,-1,-1
128,6,1087.75,288.91,170.64,482.46,0.8706,-1,-1,-1
128,9,659.99,389.74,74.67,192.81,0.3734,-1,-1,-1
128,19,932.20,323.31,145.12,334.67,0.6102,-1,-1,-1
128,21,1620.54,371.04,41.55,66.11,0.3540,-1,-1,-1
128,24,318.45,341.33,144.90,411.61,0.8530,-1,-1,-1
129,2,710.50,235.85,219.13,648.11,0.8803,-1,-1,-1
129,6,1082.73,286.37,175.77,483.29,0.8741,-1,-1,-1
129,9,660.44,389.19,65.56,193.04,0.5347,-1,-1,-1
129,19,935.57,321.83,107.20,334.92,0.6498,-1,-1,-1
129,21,1616.72,368.09,44.70,69.08,0.3771,-1,-1,-1
129,24,313.66,337.03,146.90,423.60,0.8338,-1,-1,-1
130,2,708.02,237.02,221.52,649.11,0.8819,-1,-1,-1
130,6,1081.55,286.76,174.86,482.71,0.8673,-1,-1,-1
130,9,659.70,389.10,62.27,193.03,0.5535,-1,-1,-1
130,19,934.52,320.26,105.17,334.79,0.7349,-1,-1,-1
130,21,1618.38,367.41,42.07,69.90,0.4036,-1,-1,-1
130,24,310.80,333.13,148.63,432.29,0.8405,-1,-1,-1
131,2,708.58,238.89,222.71,649.35,0.8799,-1,-1,-1
131,6,1080.21,283.94,176.74,482.45,0.8665,-1,-1,-1
131,9,657.19,389.44,63.84,193.30,0.5875,-1,-1,-1
131,19,927.96,318.79,110.96,332.97,0.7373,-1,-1,-1
131,21,1619.28,365.82,43.03,69.53,0.3856,-1,-1,-1
131,24,309.45,331.23,145.51,435.98,0.8388,-1,-1,-1
131,31,1012.05,370.55,70.02,222.81,0.5431,-1,-1,-1
132,2,710.33,238.65,220.94,649.57,0.8754,-1,-1,-1
132,6,1080.34,282.49,174.85,481.43,0.8634,-1,-1,-1
132,9,657.06,388.92,64.33,194.90,0.5692,-1,-1,-1
132,19,925.15,317.42,111.55,333.62,0.7335,-1,-1,-1
132,21,1619.21,364.90,41.95,69.27,0.4077,-1,-1,-1
132,24,309.79,332.63,141.92,435.88,0.8290,-1,-1,-1
132,31,1013.30,366.61,69.54,227.20,0.5586,-1,-1,-1
133,2,713.89,238.97,220.70,646.88,0.8755,-1,-1,-1
133,6,1076.54,282.34,179.68,481.90,0.8685,-1,-1,-1
133,9,657.42,389.41,62.67,195.16,0.4432,-1,-1,-1
133,19,926.30,316.22,107.52,336.38,0.7468,-1,-1,-1
133,21,1621.25,364.37,41.58,70.61,0.3852,-1,-1,-1
133,24,294.21,329.91,156.27,441.29,0.8195,-1,-1,-1
133,31,1012.57,367.84,72.67,225.43,0.5763,-1,-1,-1
134,2,715.78,238.39,215.81,649.75,0.8765,-1,-1,-1
134,6,1074.67,284.16,183.85,486.06,0.8678,-1,-1,-1
134,9,655.81,392.14,68.65,194.86,0.5317,-1,-1,-1
134,19,928.82,318.50,100.97,337.79,0.7328,-1,-1,-1
134,21,1622.68,364.62,41.79,71.63,0.3579,-1,-1,-1
134,24,288.99,324.57,156.14,455.14,0.8404,-1,-1,-1
134,31,1011.35,367.53,73.83,223.48,0.6110,-1,-1,-1
135,2,717.91,239.91,213.86,648.12,0.8799,-1,-1,-1
135,6,1073.34,285.16,184.40,489.03,0.8648,-1,-1,-1
135,9,651.48,393.74,72.90,195.47,0.5442,-1,-1,-1
135,19,927.29,318.20,98.82,341.57,0.7097,-1,-1,-1
135,24,287.37,330.27,153.66,452.93,0.8316,-1,-1,-1
135,31,1010.41,370.19,76.28,219.22,0.6537,-1,-1,-1
136,2,723.21,240.17,210.55,641.65,0.8737,-1,-1,-1
136,6,1071.82,287.93,188.11,490.14,0.8665,-1,-1,-1
136,9,644.45,395.02,81.33,196.93,0.6849,-1,-1,-1
136,19,926.23,320.48,99.83,339.40,0.7318,-1,-1,-1
136,24,281.89,327.45,158.04,459.50,0.8387,-1,-1,-1
136,31,1011.08,364.40,76.99,230.64,0.7067,-1,-1,-1
137,2,723.92,240.65,211.87,624.49,0.8833,-1,-1,-1
137,6,1070.49,291.04,193.63,492.38,0.8635,-1,-1,-1
137,9,649.06,395.24,77.02,201.39,0.6352,-1,-1,-1
137,19,928.07,319.55,97.17,341.55,0.7313,-1,-1,-1
137,21,1632.01,368.38,44.37,69.00,0.4985,-1,-1,-1
137,24,284.39,323.64,154.12,465.71,0.8409,-1,-1,-1
137,31,1014.02,369.78,76.90,225.39,0.7447,-1,-1,-1
138,2,722.40,242.40,217.93,622.24,0.8864,-1,-1,-1
138,6,1078.02,295.16,192.30,490.73,0.8618,-1,-1,-1
138,9,651.59,397.13,71.42,200.71,0.5942,-1,-1,-1
138,19,928.36,321.42,96.93,342.12,0.7456,-1,-1,-1
138,21,1637.89,371.69,45.70,69.23,0.3217,-1,-1,-1
138,24,279.60,323.00,157.55,469.17,0.8038,-1,-1,-1
138,31,1018.26,368.28,75.53,229.27,0.7447,-1,-1,-1
139,2,729.63,242.38,212.47,622.49,0.8851,-1,-1,-1
139,6,1082.43,295.70,193.25,490.92,0.8479,-1,-1,-1
139,9,651.95,395.64,70.90,204.50,0.5823,-1,-1,-1
139,19,930.39,320.93,97.15,343.73,0.7266,-1,-1,-1
139,24,270.05,320.17,164.31,475.32,0.8146,-1,-1,-1
139,31,1021.26,364.23,75.55,230.58,0.7169,-1,-1,-1
140,2,743.80,241.32,200.16,629.08,0.8780,-1,-1,-1
140,6,1089.68,296.81,188.60,489.15,0.8453,-1,-1,-1
140,9,648.68,396.88,76.17,205.03,0.6319,-1,-1,-1
140,19,938.12,320.05,92.47,345.41,0.7149,-1,-1,-1
140,21,1646.86,367.83,47.42,68.63,0.3396,-1,-1,-1
140,24,268.69,318.58,166.18,486.56,0.8302,-1,-1,-1
140,31,1022.85,368.88,76.61,226.67,0.7775,-1,-1,-1
141,2,749.28,246.00,195.35,631.22,0.8735,-1,-1,-1
141,6,1093.69,295.79,188.67,496.53,0.8582,-1,-1,-1
141,9,647.10,395.15,80.06,206.84,0.7632,-1,-1,-1
141,19,934.71,322.28,97.40,344.14,0.7389,-1,-1,-1
141,21,1650.18,368.08,48.72,70.03,0.3900,-1,-1,-1
141,24,272.17,319.93,164.13,497.72,0.8246,-1,-1,-1
141,31,1024.38,366.90,80.31,228.01,0.6852,-1,-1,-1
142,2,754.70,251.96,192.39,628.86,0.8694,-1,-1,-1
142,6,1101.11,296.61,186.14,499.83,0.8516,-1,-1,-1
142,9,648.21,400.11,86.52,202.40,0.6909,-1,-1,-1
142,19,935.27,325.61,97.54,340.49,0.7639,-1,-1,-1
142,24,271.38,323.20,167.35,500.54,0.8492,-1,-1,-1
142,31,1029.72,372.54,78.97,226.04,0.7247,-1,-1,-1
143,2,768.73,253.88,185.83,634.36,0.8787,-1,-1,-1
143,6,1107.99,296.78,186.68,502.72,0.8675,-1,-1,-1
143,9,654.93,400.45,83.33,204.20,0.6631,-1,-1,-1
143,19,953.16,325.83,86.05,340.68,0.7232,-1,-1,-1
143,21,1670.67,375.48,44.11,62.32,0.3949,-1,-1,-1
143,24,269.28,326.35,171.38,502.57,0.8474,-1,-1,-1
143,31,1038.21,372.39,72.75,225.89,0.7463,-1,-1,-1
144,2,771.81,256.07,186.47,633.72,0.8729,-1,-1,-1
144,6,1112.45,296.76,186.70,501.01,0.8615,-1,-1,-1
144,9,663.00,397.03,75.41,207.86,0.7032,-1,-1,-1
144,19,959.27,331.45,83.11,332.46,0.8004,-1,-1,-1
144,21,1672.18,370.02,51.20,67.76,0.4201,-1,-1,-1
144,24,267.20,325.51,175.23,511.07,0.8580,-1,-1,-1
144,31,1040.29,372.57,78.29,227.41,0.7546,-1,-1,-1
145,2,779.17,258.36,185.04,634.83,0.8604,-1,-1,-1
145,6,1121.79,296.60,186.93,500.47,0.8608,-1,-1,-1
145,9,664.34,396.47,80.27,210.38,0.7018,-1,-1,-1
145,19,961.94,329.19,83.47,337.95,0.7497,-1,-1,-1
145,21,1681.37,370.82,49.90,70.07,0.4226,-1,-1,-1
145,24,264.93,324.70,178.83,513.23,0.8532,-1,-1,-1
145,31,1041.88,375.93,79.39,222.72,0.7400,-1,-1,-1
146,2,780.50,262.66,189.25,636.55,0.8638,-1,-1,-1
146,6,1129.18,301.40,183.35,491.98,0.8740,-1,-1,-1
146,9,669.86,397.67,80.30,210.01,0.6982,-1,-1,-1
146,19,969.13,332.05,86.64,337.46,0.6867,-1,-1,-1
146,21,1694.38,378.88,45.87,63.34,0.3286,-1,-1,-1
146,24,268.32,324.64,177.86,524.50,0.8772,-1,-1,-1
146,31,1048.40,378.35,78.01,219.38,0.6476,-1,-1,-1
147,2,781.64,265.46,190.36,637.59,0.8650,-1,-1,-1
147,6,1134.08,298.31,187.65,490.39,0.8670,-1,-1,-1
147,9,670.13,396.14,80.35,216.07,0.7260,-1,-1,-1
147,19,964.45,330.93,91.98,341.04,0.7115,-1,-1,-1
147,21,1699.95,375.75,46.54,67.65,0.4336,-1,-1,-1
147,24,262.46,326.11,182.54,528.79,0.8601,-1,-1,-1
147,31,1049.97,382.16,80.32,220.48,0.6330,-1,-1,-1
148,2,789.97,265.73,184.97,635.57,0.8554,-1,-1,-1
148,6,1140.63,297.44,181.92,490.99,0.8671,-1,-1,-1
148,9,673.65,395.07,75.46,218.73,0.7258,-1,-1,-1
148,19,968.98,331.16,91.30,341.16,0.7303,-1,-1,-1
148,21,1699.65,375.03,51.84,68.73,0.3775,-1,-1,-1
148,24,257.94,325.77,186.28,541.90,0.8684,-1,-1,-1
148,31,1053.95,376.92,77.29,227.82,0.6768,-1,-1,-1
149,2,793.71,266.17,183.88,638.13,0.8616,-1,-1,-1
149,6,1148.22,298.51,178.49,487.89,0.8619,-1,-1,-1
149,9,675.30,401.26,76.41,217.44,0.6009,-1,-1,-1
149,19,973.26,336.42,86.96,337.98,0.7344,-1,-1,-1
149,21,1706.83,381.33,50.06,65.68,0.3492,-1,-1,-1
149,24,251.79,322.94,182.51,550.08,0.8649,-1,-1,-1
149,31,1055.80,378.45,77.39,229.32,0.6365,-1,-1,-1
150,2,793.04,266.55,185.33,637.33,0.8498,-1,-1,-1
150,6,1151.32,300.05,178.55,490.51,0.8644,-1,-1,-1
150,9,673.48,406.02,79.50,215.77,0.6131,-1,-1,-1
150,19,975.69,340.01,89.29,338.92,0.7367,-1,-1,-1
150,21,1711.47,381.42,51.68,67.00,0.4523,-1,-1,-1
150,24,246.77,318.13,179.36,559.27,0.8501,-1,-1,-1
150,31,1056.72,369.31,76.15,239.02,0.6722,-1,-1,-1
151,2,792.42,266.52,189.00,633.03,0.8409,-1,-1,-1
151,6,1152.36,299.41,180.14,501.73,0.8714,-1,-1,-1
151,9,675.32,409.81,77.63,213.16,0.6688,-1,-1,-1
151,19,981.02,340.82,84.41,342.08,0.7332,-1,-1,-1
151,21,1711.98,379.93,54.07,69.68,0.4878,-1,-1,-1
151,24,233.56,317.50,185.31,568.91,0.8507,-1,-1,-1
151,31,1056.41,369.35,77.11,241.60,0.5983,-1,-1,-1
152,2,789.03,265.10,192.85,624.39,0.8417,-1,-1,-1
152,6,1153.32,300.29,181.59,499.37,0.8801,-1,-1,-1
152,9,675.22,409.77,81.15,215.64,0.7133,-1,-1,-1
152,19,978.00,341.43,86.86,341.35,0.7104,-1,-1,-1
152,21,1716.02,378.63,54.66,70.93,0.5259,-1,-1,-1
152,24,225.55,313.65,188.39,578.06,0.8509,-1,-1,-1
152,31,1054.13,372.68,79.74,237.66,0.6059,-1,-1,-1
153,2,782.88,262.66,202.86,617.47,0.8418,-1,-1,-1
153,6,1158.18,302.69,179.41,498.32,0.8824,-1,-1,-1
153,9,675.40,410.15,83.96,219.40,0.7124,-1,-1,-1
153,19,983.60,341.41,82.43,345.84,0.7248,-1,-1,-1
153,21,1719.36,385.90,50.63,67.12,0.4315,-1,-1,-1
153,24,213.09,311.10,196.13,582.65,0.8585,-1,-1,-1
153,31,1055.55,372.49,79.22,239.05,0.6199,-1,-1,-1
154,2,776.36,261.00,211.01,618.20,0.8594,-1,-1,-1
154,6,1158.89,303.01,178.70,496.15,0.8731,-1,-1,-1
154,9,676.01,411.14,86.95,220.88,0.7176,-1,-1,-1
154,19,980.24,341.15,84.58,344.59,0.7265,-1,-1,-1
154,21,1723.26,385.34,50.46,68.18,0.4097,-1,-1,-1
154,24,201.17,308.95,203.23,588.38,0.8723,-1,-1,-1
154,31,1053.76,374.10,80.80,238.62,0.6567,-1,-1,-1
155,2,769.11,258.52,218.19,619.84,0.8684,-1,-1,-1
155,6,1160.64,302.58,177.35,500.07,0.8790,-1,-1,-1
155,9,671.61,406.62,99.97,224.30,0.7297,-1,-1,-1
155,19,983.95,339.96,80.50,342.45,0.7272,-1,-1,-1
155,21,1721.36,378.20,51.47,72.28,0.3247,-1,-1,-1
155,24,190.73,306.40,208.19,592.01,0.8712,-1,-1,-1
155,31,1053.90,372.56,80.25,238.93,0.7016,-1,-1,-1
156,2,764.67,257.49,225.85,623.59,0.8702,-1,-1,-1
156,6,1158.89,306.59,180.43,507.05,0.8774,-1,-1,-1
156,9,672.22,405.04,99.59,226.56,0.7665,-1,-1,-1
156,19,981.41,339.64,83.55,344.03,0.7022,-1,-1,-1
156,21,1720.28,381.64,53.22,71.84,0.3494,-1,-1,-1
156,24,180.91,301.94,207.19,598.91,0.8714,-1,-1,-1
156,31,1052.37,370.29,80.27,242.94,0.6923,-1,-1,-1
157,2,758.95,260.14,231.21,625.93,0.8774,-1,-1,-1
157,6,1155.27,308.15,178.03,508.25,0.8730,-1,-1,-1
157,9,667.35,407.13,99.92,225.97,0.7038,-1,-1,-1
157,19,971.35,341.23,93.60,346.78,0.6965,-1,-1,-1
157,21,1721.51,380.72,53.22,74.70,0.4142,-1,-1,-1
157,24,170.31,300.74,211.66,604.34,0.8634,-1,-1,-1
157,31,1049.37,370.12,82.63,244.12,0.6787,-1,-1,-1
158,2,760.32,257.13,225.32,630.71,0.8731,-1,-1,-1
158,6,1149.76,304.76,177.22,507.45,0.8647,-1,-1,-1
158,9,661.86,405.71,79.23,228.08,0.6732,-1,-1,-1
158,19,967.02,341.43,90.96,344.47,0.7418,-1,-1,-1
158,21,1715.61,383.45,56.24,70.85,0.4162,-1,-1,-1
158,24,156.03,297.07,214.56,611.31,0.8608,-1,-1,-1
158,31,1044.30,371.02,85.55,243.51,0.7391,-1,-1,-1
159,2,766.10,262.99,216.99,629.02,0.8666,-1,-1,-1
159,6,1146.46,306.89,174.97,503.56,0.8761,-1,-1,-1
159,9,658.73,401.04,85.23,230.74,0.6600,-1,-1,-1
159,19,965.88,341.67,86.49,339.84,0.6546,-1,-1,-1
159,21,1710.28,377.46,58.76,75.05,0.5084,-1,-1,-1
159,24,138.26,294.57,218.12,622.40,0.8558,-1,-1,-1
159,31,1040.21,377.66,85.92,237.11,0.7010,-1,-1,-1
160,2,768.98,265.12,211.18,630.81,0.8642,-1,-1,-1
160,6,1141.60,305.95,173.68,506.87,0.8769,-1,-1,-1
160,9,649.84,401.62,96.16,229.81,0.6724,-1,-1,-1
160,19,961.67,338.92,91.33,340.06,0.7255,-1,-1,-1
160,21,1706.76,374.61,57.48,77.75,0.3370,-1,-1,-1
160,24,126.66,290.85,221.77,642.02,0.8640,-1,-1,-1
160,31,1037.54,378.73,83.14,234.55,0.6979,-1,-1,-1
160,33,748.80,355.32,69.99,277.82,0.5033,-1,-1,-1
161,2,770.94,271.41,209.31,628.21,0.8709,-1,-1,-1
161,6,1138.25,306.22,172.36,506.06,0.8782,-1,-1,-1
161,9,645.88,397.90,91.05,236.58,0.6919,-1,-1,-1
161,19,955.71,338.74,88.55,341.45,0.6698,-1,-1,-1
161,21,1706.47,372.90,55.29,80.65,0.3376,-1,-1,-1
161,24,112.48,290.57,225.45,659.25,0.8549,-1,-1,-1
161,31,1032.80,385.06,85.10,227.18,0.7512,-1,-1,-1
161,33,735.43,362.80,72.46,273.64,0.4955,-1,-1,-1
162,2,774.09,271.50,204.66,626.75,0.8824,-1,-1,-1
162,6,1132.99,299.01,171.49,513.87,0.8733,-1,-1,-1
162,9,637.71,395.21,77.90,239.59,0.7041,-1,-1,-1
162,19,950.48,336.13,81.63,348.30,0.6473,-1,-1,-1
162,21,1699.45,380.95,57.37,75.49,0.4564,-1,-1,-1
162,24,94.81,283.45,230.50,660.40,0.8687,-1,-1,-1
162,31,1025.71,386.57,83.29,224.87,0.7441,-1,-1,-1
162,33,730.64,360.71,78.28,278.93,0.6036,-1,-1,-1
163,2,774.06,270.20,200.43,629.11,0.8929,-1,-1,-1
163,6,1122.38,299.65,176.38,512.31,0.8681,-1,-1,-1
163,9,629.52,394.42,83.29,240.62,0.7249,-1,-1,-1
163,19,946.65,331.56,85.55,352.15,0.6175,-1,-1,-1
163,21,1693.92,382.20,55.31,74.83,0.4453,-1,-1,-1
163,24,82.64,284.55,221.71,678.64,0.8466,-1,-1,-1
163,31,1020.08,387.26,84.46,224.17,0.6823,-1,-1,-1
163,33,725.75,357.64,76.44,280.89,0.6666,-1,-1,-1
164,2,767.26,267.79,203.81,624.35,0.8909,-1,-1,-1
164,6,1112.82,297.40,183.92,510.12,0.8672,-1,-1,-1
164,9,619.03,392.48,87.27,243.92,0.7237,-1,-1,-1
164,19,943.18,333.27,82.68,350.33,0.6623,-1,-1,-1
164,24,55.99,282.59,246.41,697.46,0.8834,-1,-1,-1
164,31,1018.65,390.49,78.61,219.25,0.7023,-1,-1,-1
164,33,713.21,362.51,79.13,278.35,0.6744,-1,-1,-1
165,2,763.79,262.82,198.14,627.99,0.8865,-1,-1,-1
165,6,1106.87,299.20,181.82,505.49,0.8747,-1,-1,-1
165,9,610.05,392.97,85.28,243.98,0.6888,-1,-1,-1
165,19,942.01,332.79,81.92,347.22,0.6922,-1,-1,-1
165,21,1682.59,377.50,56.48,74.99,0.3299,-1,-1,-1
165,24,37.59,280.33,249.87,715.94,0.8713,-1,-1,-1
165,31,1014.53,391.12,78.61,215.19,0.6871,-1,-1,-1
165,33,707.63,364.04,79.03,277.31,0.7069,-1,-1,-1
166,2,766.15,258.69,194.68,631.64,0.8856,-1,-1,-1
166,6,1100.27,297.21,186.36,500.65,0.8768,-1,-1,-1
166,9,605.64,391.10,88.86,246.77,0.7174,-1,-1,-1
166,19,933.09,326.07,85.24,352.67,0.6957,-1,-1,-1
166,21,1677.98,375.45,53.66,75.32,0.3933,-1,-1,-1
166,24,19.09,278.59,262.20,726.54,0.8876,-1,-1,-1
166,31,1008.64,390.05,79.72,214.01,0.6685,-1,-1,-1
166,33,704.26,365.09,80.04,277.89,0.7309,-1,-1,-1
167,2,767.12,256.07,192.65,631.03,0.8746,-1,-1,-1
167,6,1094.00,292.00,192.13,505.75,0.8659,-1,-1,-1
167,9,601.13,389.75,86.51,248.95,0.7259,-1,-1,-1
167,19,934.04,324.95,84.04,349.78,0.6918,-1,-1,-1
167,21,1679.19,374.49,55.36,74.70,0.3863,-1,-1,-1
167,24,6.59,273.74,255.53,737.38,0.8650,-1,-1,-1
167,31,1008.73,397.41,77.43,208.48,0.5622,-1,-1,-1
167,33,697.68,361.87,87.68,282.05,0.7083,-1,-1,-1
168,2,773.93,253.38,184.59,619.61,0.8656,-1,-1,-1
168,6,1090.87,291.58,191.49,504.09,0.8647,-1,-1,-1
168,9,596.58,389.46,88.28,248.93,0.6911,-1,-1,-1
168,19,930.38,329.41,86.53,348.86,0.6991,-1,-1,-1
168,21,1672.91,371.57,59.80,77.77,0.3809,-1,-1,-1
168,24,-0.83,263.98,256.91,752.02,0.8876,-1,-1,-1
168,31,1008.07,376.39,77.15,231.35,0.6034,-1,-1,-1
168,33,682.58,356.89,97.70,287.14,0.7777,-1,-1,-1
169,2,777.57,248.93,184.06,611.55,0.8632,-1,-1,-1
169,6,1086.88,291.45,193.84,502.61,0.8698,-1,-1,-1
169,9,590.78,387.41,91.17,252.16,0.7353,-1,-1,-1
169,19,930.44,329.23,82.87,342.75,0.6958,-1,-1,-1
169,21,1672.80,370.81,58.15,77.87,0.4163,-1,-1,-1
169,24,-0.68,256.82,241.48,763.86,0.9024,-1,-1,-1
169,31,1004.07,374.82,80.70,229.23,0.6366,-1,-1,-1
169,33,680.24,356.01,96.38,281.84,0.7693,-1,-1,-1
170,2,778.66,247.88,181.01,610.44,0.8545,-1,-1,-1
170,6,1081.21,290.88,198.51,506.01,0.8706,-1,-1,-1
170,9,588.91,386.68,81.12,251.58,0.6201,-1,-1,-1
170,19,928.15,329.61,81.56,342.61,0.6886,-1,-1,-1
170,21,1676.56,368.75,52.41,77.50,0.3145,-1,-1,-1
170,24,-0.80,250.36,228.92,776.84,0.9022,-1,-1,-1
170,31,1004.25,371.26,80.74,232.42,0.6332,-1,-1,-1
170,33,672.55,352.33,104.46,288.02,0.7918,-1,-1,-1
171,2,777.58,245.97,180.27,614.28,0.8563,-1,-1,-1
171,6,1078.89,290.61,201.03,509.99,0.8685,-1,-1,-1
171,9,581.10,382.37,90.40,259.58,0.6402,-1,-1,-1
171,19,927.66,328.64,83.47,347.83,0.7115,-1,-1,-1
171,24,-0.77,245.75,217.68,789.80,0.9018,-1,-1,-1
171,31,1005.87,366.55,77.26,230.80,0.6707,-1,-1,-1
171,33,664.08,352.49,112.56,292.59,0.8041,-1,-1,-1
172,2,775.37,247.30,184.19,618.85,0.8505,-1,-1,-1
172,6,1075.54,290.23,204.35,509.32,0.8735,-1,-1,-1
172,9,573.48,384.66,99.40,261.02,0.6855,-1,-1,-1
172,19,928.17,338.18,80.76,333.72,0.6798,-1,-1,-1
172,24,-0.51,241.00,204.61,799.69,0.8958,-1,-1,-1
172,31,1002.23,367.06,78.66,229.92,0.6558,-1,-1,-1
172,33,659.13,350.69,117.58,295.85,0.8317,-1,-1,-1
173,2,777.30,245.38,180.18,621.67,0.8552,-1,-1,-1
173,6,1074.41,288.93,202.84,511.50,0.8676,-1,-1,-1
173,9,565.47,385.87,103.33,261.45,0.7057,-1,-1,-1
173,19,926.74,336.62,78.03,335.21,0.6678,-1,-1,-1
173,21,1674.76,363.83,53.24,76.59,0.4416,-1,-1,-1
173,24,-0.96,235.83,194.35,816.45,0.8878,-1,-1,-1
173,31,1002.25,372.53,78.86,221.47,0.6627,-1,-1,-1
173,33,656.74,347.60,122.87,299.16,0.8321,-1,-1,-1
174,2,775.96,246.22,182.78,623.28,0.8592,-1,-1,-1
174,6,1076.91,288.83,204.49,516.12,0.8719,-1,-1,-1
174,9,562.77,380.45,94.69,269.84,0.6958,-1,-1,-1
174,19,928.20,335.46,77.62,336.77,0.6463,-1,-1,-1
174,21,1675.98,362.62,54.71,75.48,0.4160,-1,-1,-1
174,24,-0.84,231.97,186.84,828.15,0.8844,-1,-1,-1
174,31,1003.01,367.73,76.59,227.85,0.6675,-1,-1,-1
174,33,655.48,345.42,125.58,301.27,0.8182,-1,-1,-1
175,2,780.13,247.53,178.30,628.18,0.8637,-1,-1,-1
175,6,1080.53,289.00,203.76,520.32,0.8729,-1,-1,-1
175,9,559.90,379.21,95.91,272.94,0.6820,-1,-1,-1
175,19,930.30,329.69,77.84,342.54,0.6395,-1,-1,-1
175,21,1680.01,363.21,56.63,75.88,0.4673,-1,-1,-1
175,24,-0.46,226.56,179.02,837.01,0.8854,-1,-1,-1
175,31,1004.09,367.82,76.20,230.79,0.6663,-1,-1,-1
175,33,653.83,345.07,128.70,304.08,0.8186,-1,-1,-1
176,2,785.19,254.23,175.67,628.37,0.8478,-1,-1,-1
176,6,1084.18,289.79,203.03,520.15,0.8721,-1,-1,-1
176,9,555.38,378.62,100.82,276.43,0.7237,-1,-1,-1
176,19,932.93,325.60,74.33,347.29,0.6373,-1,-1,-1
176,21,1686.11,363.93,50.40,72.34,0.3565,-1,-1,-1
176,24,0.03,226.93,172.63,844.13,0.8836,-1,-1,-1
176,31,1008.38,365.80,74.64,231.88,0.6799,-1,-1,-1
176,33,654.42,345.46,126.80,310.57,0.8107,-1,-1,-1
177,2,786.77,258.47,176.62,626.75,0.8483,-1,-1,-1
177,6,1087.05,290.78,202.51,517.36,0.8748,-1,-1,-1
177,9,554.22,379.82,102.10,274.66,0.7126,-1,-1,-1
177,19,935.01,323.89,64.53,349.26,0.5903,-1,-1,-1
177,21,1683.93,359.03,58.21,74.36,0.3952,-1,-1,-1
177,24,0.83,225.14,162.27,850.67,0.8760,-1,-1,-1
177,31,1009.15,368.18,75.12,229.11,0.6887,-1,-1,-1
177,33,654.34,345.97,127.15,311.25,0.8152,-1,-1,-1
178,2,790.30,262.48,177.80,625.39,0.8574,-1,-1,-1
178,6,1090.93,290.19,205.82,524.26,0.8788,-1,-1,-1
178,9,554.70,379.76,100.15,277.32,0.7328,-1,-1,-1
178,19,940.67,328.00,57.87,352.02,0.4079,-1,-1,-1
178,21,1690.94,360.07,56.96,74.90,0.3317,-1,-1,-1
178,24,0.76,222.39,155.24,854.05,0.8740,-1,-1,-1
178,31,1014.35,370.98,74.44,228.48,0.6444,-1,-1,-1
178,33,653.84,348.74,133.02,314.37,0.8253,-1,-1,-1
179,2,792.19,263.54,177.26,624.22,0.8564,-1,-1,-1
179,6,1099.40,287.57,200.89,527.39,0.8803,-1,-1,-1
179,9,553.28,379.60,102.22,279.96,0.7101,-1,-1,-1
179,19,931.66,302.66,71.83,370.72,0.5756,-1,-1,-1
179,21,1686.34,356.93,68.99,79.19,0.4426,-1,-1,-1
179,24,1.71,227.28,143.78,849.37,0.8739,-1,-1,-1
179,31,1015.67,374.99,75.38,222.74,0.6751,-1,-1,-1
179,33,651.02,349.80,140.78,314.64,0.8254,-1,-1,-1
180,2,795.62,267.06,180.74,616.59,0.8630,-1,-1,-1
180,6,1104.45,290.64,201.80,523.14,0.8717,-1,-1,-1
180,9,553.09,378.79,104.49,283.85,0.7641,-1,-1,-1
180,19,943.13,316.72,59.69,358.20,0.3246,-1,-1,-1
180,21,1696.56,357.87,65.72,76.93,0.4638,-1,-1,-1
180,24,2.52,231.32,133.54,846.30,0.8652,-1,-1,-1
180,31,1018.83,384.12,74.39,215.74,0.6105,-1,-1,-1
180,33,653.70,351.36,135.03,315.52,0.7987,-1,-1,-1
181,2,796.40,265.72,183.83,618.28,0.8678,-1,-1,-1
181,6,1114.28,284.68,196.56,527.54,0.8748,-1,-1,-1
181,9,554.30,382.36,103.33,283.44,0.7259,-1,-1,-1
181,19,942.85,311.98,59.92,359.94,0.3641,-1,-1,-1
181,21,1713.13,355.58,51.65,77.20,0.4132,-1,-1,-1
181,24,2.28,260.85,127.34,816.66,0.8625,-1,-1,-1
181,31,1019.26,371.79,77.05,227.44,0.6325,-1,-1,-1
181,33,654.45,351.31,137.43,320.51,0.8163,-1,-1,-1
182,2,796.53,264.97,185.05,617.54,0.8722,-1,-1,-1
182,6,1120.92,286.09,196.59,526.39,0.8726,-1,-1,-1
182,9,555.25,383.36,107.05,286.57,0.7499,-1,-1,-1
182,19,944.73,313.34,63.25,360.73,0.4416,-1,-1,-1
182,21,1713.89,355.28,59.50,77.43,0.5690,-1,-1,-1
182,24,2.47,288.02,118.31,790.22,0.8565,-1,-1,-1
182,31,1022.09,378.13,80.63,220.30,0.7335,-1,-1,-1
182,33,654.60,351.42,137.26,323.61,0.8205,-1,-1,-1
183,2,799.40,263.22,191.92,610.37,0.8732,-1,-1,-1
183,6,1131.90,282.48,191.22,519.12,0.8705,-1,-1,-1
183,9,555.03,386.89,107.42,286.47,0.7397,-1,-1,-1
183,19,947.31,314.17,64.49,356.37,0.3319,-1,-1,-1
183,21,1715.46,353.79,60.63,78.06,0.4129,-1,-1,-1
183,24,3.96,312.99,105.36,764.02,0.8433,-1,-1,-1
183,31,1024.75,384.46,80.57,215.15,0.6706,-1,-1,-1
183,33,654.64,348.82,143.71,324.76,0.8300,-1,-1,-1
184,2,801.96,264.86,193.27,596.93,0.8759,-1,-1,-1
184,6,1133.57,282.56,193.04,515.18,0.8755,-1,-1,-1
184,9,555.56,389.59,110.88,283.64,0.7550,-1,-1,-1
184,19,951.45,306.65,66.89,367.92,0.4225,-1,-1,-1
184,21,1726.79,353.69,61.15,77.71,0.4384,-1,-1,-1
184,24,4.05,382.39,93.24,693.43,0.8429,-1,-1,-1
184,31,1031.48,381.54,80.61,221.78,0.6438,-1,-1,-1
184,33,660.62,347.39,143.98,327.56,0.8309,-1,-1,-1
185,2,802.04,262.05,194.40,598.50,0.8585,-1,-1,-1
185,6,1139.90,283.34,192.56,512.14,0.8707,-1,-1,-1
185,9,557.58,390.73,116.67,285.55,0.7165,-1,-1,-1
185,19,958.06,312.39,70.56,363.30,0.6058,-1,-1,-1
185,21,1727.60,350.72,64.63,79.46,0.4079,-1,-1,-1
185,24,3.11,390.59,85.54,684.95,0.8066,-1,-1,-1
185,31,1037.32,384.59,77.03,217.20,0.6756,-1,-1,-1
185,33,670.17,328.86,136.65,349.95,0.8513,-1,-1,-1
186,2,803.87,257.24,192.83,605.64,0.8641,-1,-1,-1
186,6,1149.92,284.71,185.41,514.56,0.8792,-1,-1,-1
186,9,558.24,390.81,119.13,287.94,0.7527,-1,-1,-1
186,19,962.44,318.21,67.08,359.12,0.5453,-1,-1,-1
186,21,1738.87,352.19,62.03,78.89,0.4772,-1,-1,-1
186,24,0.24,397.17,84.18,678.55,0.7608,-1,-1,-1
186,31,1037.35,383.71,82.62,218.43,0.6856,-1,-1,-1
186,33,669.82,324.45,138.49,357.02,0.8471,-1,-1,-1
187,2,805.96,253.62,195.16,605.00,0.8674,-1,-1,-1
187,6,1153.87,279.44,189.58,521.64,0.8826,-1,-1,-1
187,9,557.81,385.58,124.33,294.57,0.7652,-1,-1,-1
187,19,970.45,343.35,60.62,334.68,0.3711,-1,-1,-1
187,21,1755.56,354.00,55.27,77.00,0.3293,-1,-1,-1
187,24,5.57,415.16,63.48,659.70,0.4279,-1,-1,-1
187,31,1042.75,377.93,79.64,220.93,0.7038,-1,-1,-1
187,33,671.06,328.54,138.25,351.10,0.8511,-1,-1,-1
188,2,800.67,252.41,203.52,607.53,0.8690,-1,-1,-1
188,6,1154.80,279.06,189.69,520.63,0.8860,-1,-1,-1
188,9,556.99,385.12,125.82,294.24,0.7757,-1,-1,-1
188,21,1762.29,353.94,50.76,73.85,0.4171,-1,-1,-1
188,31,1037.20,376.68,85.33,223.66,0.7109,-1,-1,-1
188,33,668.80,325.66,139.07,352.15,0.8549,-1,-1,-1
189,2,798.99,252.81,203.92,611.05,0.8673,-1,-1,-1
189,6,1159.90,275.94,182.22,523.90,0.8822,-1,-1,-1
189,9,554.07,381.60,131.12,298.56,0.7088,-1,-1,-1
189,21,1760.41,351.74,57.00,74.84,0.4733,-1,-1,-1
189,31,1037.45,375.09,85.40,224.29,0.7259,-1,-1,-1
189,33,666.73,325.06,141.79,355.50,0.8495,-1,-1,-1
190,2,803.58,251.50,199.60,613.84,0.8584,-1,-1,-1
190,6,1159.87,275.32,185.66,527.33,0.8806,-1,-1,-1
190,9,547.95,379.80,141.26,301.78,0.7273,-1,-1,-1
190,21,1757.07,353.30,61.67,76.52,0.4658,-1,-1,-1
190,31,1031.60,376.18,91.55,221.54,0.7129,-1,-1,-1
190,33,671.99,323.05,136.26,360.05,0.8446,-1,-1,-1
191,2,805.43,253.16,197.81,618.65,0.8553,-1,-1,-1
191,6,1161.26,278.41,185.68,529.23,0.8796,-1,-1,-1
191,9,546.12,378.19,136.54,305.72,0.6629,-1,-1,-1
191,19,978.15,329.28,56.33,353.89,0.3142,-1,-1,-1
191,21,1758.80,355.38,60.35,78.60,0.4879,-1,-1,-1
191,31,1034.19,374.08,89.61,225.75,0.6989,-1,-1,-1
191,33,671.46,324.74,135.59,361.24,0.8073,-1,-1,-1
192,2,811.54,260.67,191.52,618.20,0.8579,-1,-1,-1
192,6,1160.40,285.71,183.74,527.89,0.8861,-1,-1,-1
192,9,541.46,377.64,101.17,307.32,0.7031,-1,-1,-1
192,21,1756.93,360.41,64.05,77.66,0.4314,-1,-1,-1
192,31,1031.88,378.64,89.79,222.79,0.7029,-1,-1,-1
192,33,666.38,325.68,140.24,361.56,0.8327,-1,-1,-1
193,2,810.06,264.80,194.48,617.38,0.8681,-1,-1,-1
193,6,1160.31,285.23,179.31,531.14,0.8836,-1,-1,-1
193,9,535.35,377.12,130.76,308.73,0.6637,-1,-1,-1
193,21,1754.20,361.04,69.66,77.52,0.4426,-1,-1,-1
193,31,1030.60,376.22,88.86,227.12,0.6982,-1,-1,-1
193,33,657.03,330.74,148.88,359.98,0.7862,-1,-1,-1
194,2,806.41,268.58,198.60,613.74,0.8654,-1,-1,-1
194,6,1158.83,288.13,177.56,534.88,0.8792,-1,-1,-1
194,9,530.63,377.68,132.76,313.24,0.7530,-1,-1,-1
194,21,1756.49,362.93,67.51,79.69,0.4234,-1,-1,-1
194,31,1034.86,378.37,84.78,227.25,0.7260,-1,-1,-1
194,33,656.24,332.33,145.80,365.19,0.8255,-1,-1,-1
195,2,802.13,274.58,205.61,609.63,0.8796,-1,-1,-1
195,6,1155.07,291.43,175.84,534.27,0.8688,-1,-1,-1
195,9,521.64,380.73,112.73,316.48,0.7483,-1,-1,-1
195,21,1757.64,367.62,64.95,79.58,0.5028,-1,-1,-1
195,31,1026.47,381.15,90.63,225.31,0.7374,-1,-1,-1
195,33,645.35,337.63,153.12,367.32,0.8444,-1,-1,-1
196,2,798.32,270.69,206.72,615.59,0.8865,-1,-1,-1
196,6,1148.63,294.61,176.45,536.91,0.8562,-1,-1,-1
196,9,514.72,379.83,115.21,323.41,0.7627,-1,-1,-1
196,21,1761.33,369.29,59.21,79.25,0.3740,-1,-1,-1
196,31,1021.09,384.05,93.33,223.18,0.7186,-1,-1,-1
196,33,643.87,342.82,151.21,365.60,0.8285,-1,-1,-1
197,2,796.19,271.34,208.95,615.26,0.8946,-1,-1,-1
197,6,1144.33,294.98,173.93,536.35,0.8556,-1,-1,-1
197,9,506.58,383.35,114.97,323.86,0.7714,-1,-1,-1
197,21,1757.55,375.88,62.91,74.21,0.3221,-1,-1,-1
197,31,1018.60,388.45,93.28,221.71,0.7606,-1,-1,-1
197,33,634.10,342.39,154.00,369.80,0.8226,-1,-1,-1
198,2,797.83,273.07,207.34,615.83,0.8890,-1,-1,-1
198,6,1137.83,297.26,177.99,526.50,0.8549,-1,-1,-1
198,9,495.22,385.89,118.85,330.83,0.7919,-1,-1,-1
198,31,1015.40,391.15,91.70,220.75,0.7204,-1,-1,-1
198,33,619.19,343.55,159.24,375.64,0.8376,-1,-1,-1
199,2,806.50,276.46,195.61,593.63,0.8820,-1,-1,-1
199,6,1133.21,297.96,180.27,544.18,0.8627,-1,-1,-1
199,9,488.33,388.79,122.34,332.48,0.8202,-1,-1,-1
199,31,1009.97,397.90,91.33,214.75,0.7434,-1,-1,-1
199,33,604.27,348.50,164.77,383.21,0.8336,-1,-1,-1
200,2,801.05,281.31,201.41,584.63,0.8845,-1,-1,-1
200,6,1124.95,299.66,183.83,541.74,0.8619,-1,-1,-1
200,9,478.39,393.69,132.38,335.97,0.7002,-1,-1,-1
200,21,1734.61,381.20,72.01,79.79,0.5505,-1,-1,-1
200,31,1009.55,406.72,87.66,208.99,0.6664,-1,-1,-1
200,33,609.15,349.43,150.91,383.67,0.8438,-1,-1,-1
201,2,801.21,281.17,195.03,588.61,0.8868,-1,-1,-1
201,6,1116.18,304.28,188.35,529.90,0.8699,-1,-1,-1
201,9,467.53,396.14,115.36,333.89,0.7716,-1,-1,-1
201,21,1731.97,384.44,72.87,79.36,0.4134,-1,-1,-1
201,31,1009.41,393.93,80.84,222.94,0.7350,-1,-1,-1
201,33,581.67,347.31,166.33,383.77,0.7975,-1,-1,-1
202,2,796.25,281.25,194.18,593.60,0.8919,-1,-1,-1
202,6,1110.67,304.23,190.46,531.54,0.8721,-1,-1,-1
202,9,457.46,399.96,129.89,334.34,0.8075,-1,-1,-1
202,21,1725.67,383.92,75.08,81.50,0.4240,-1,-1,-1
202,31,1005.73,405.28,79.96,214.65,0.6839,-1,-1,-1
202,33,584.81,346.10,152.92,389.72,0.8090,-1,-1,-1
203,2,800.14,281.96,186.62,595.79,0.8817,-1,-1,-1
203,6,1106.45,304.50,193.26,531.85,0.8731,-1,-1,-1
203,9,444.51,396.90,107.90,344.46,0.6158,-1,-1,-1
203,21,1728.97,384.46,67.61,82.32,0.4239,-1,-1,-1
203,31,1001.12,409.09,82.06,215.03,0.7236,-1,-1,-1
203,33,578.69,344.10,155.86,397.36,0.8280,-1,-1,-1
203,38,761.29,397.76,63.74,241.18,0.4422,-1,-1,-1
204,2,807.65,284.96,175.86,596.74,0.8649,-1,-1,-1
204,6,1104.28,303.47,191.35,530.69,0.8712,-1,-1,-1
204,9,434.04,398.88,142.91,346.62,0.7255,-1,-1,-1
204,21,1730.55,384.88,64.46,82.00,0.3563,-1,-1,-1
204,31,1004.33,413.16,77.11,217.07,0.7367,-1,-1,-1
204,33,572.82,344.45,156.49,397.38,0.8171,-1,-1,-1
204,38,758.42,400.14,68.38,240.80,0.6658,-1,-1,-1
205,2,807.85,286.33,174.49,598.36,0.8644,-1,-1,-1
205,6,1102.99,303.67,192.90,529.47,0.8741,-1,-1,-1
205,9,425.23,399.04,146.07,348.77,0.7800,-1,-1,-1
205,21,1722.58,382.62,70.17,84.33,0.4830,-1,-1,-1
205,31,1002.56,413.90,76.40,214.52,0.7010,-1,-1,-1
205,33,564.62,343.46,152.44,400.00,0.8010,-1,-1,-1
205,38,758.87,397.20,68.36,244.96,0.6578,-1,-1,-1
206,2,808.15,287.91,172.53,599.92,0.8670,-1,-1,-1
206,6,1099.62,307.18,199.66,531.67,0.8667,-1,-1,-1
206,9,418.52,396.72,150.64,352.75,0.7962,-1,-1,-1
206,21,1730.75,381.92,62.30,84.37,0.4236,-1,-1,-1
206,31,999.77,415.52,79.08,211.17,0.6888,-1,-1,-1
206,33,558.91,342.52,155.61,404.97,0.8320,-1,-1,-1
206,38,756.03,396.47,69.38,249.23,0.6906,-1,-1,-1
207,2,808.32,289.32,171.12,598.55,0.8645,-1,-1,-1
207,6,1096.03,307.83,204.57,533.90,0.8681,-1,-1,-1
207,9,412.36,395.00,148.14,356.43,0.8315,-1,-1,-1
207,21,1735.56,382.18,58.04,84.22,0.3862,-1,-1,-1
207,31,1000.08,414.14,78.11,214.38,0.6986,-1,-1,-1
207,33,551.32,344.24,161.99,406.60,0.8532,-1,-1,-1
207,38,753.57,395.90,71.88,248.69,0.6905,-1,-1,-1
208,2,809.07,290.01,169.19,598.06,0.8560,-1,-1,-1
208,6,1094.18,304.08,207.93,540.21,0.8680,-1,-1,-1
208,9,404.44,394.73,143.47,358.17,0.8411,-1,-1,-1
208,21,1741.44,383.39,53.35,82.72,0.3024,-1,-1,-1
208,31,1003.23,409.09,75.13,211.89,0.7247,-1,-1,-1
208,33,546.15,335.41,161.58,414.65,0.8587,-1,-1,-1
208,38,753.75,393.75,71.49,250.57,0.6877,-1,-1,-1
209,2,807.54,291.49,170.02,598.29,0.8554,-1,-1,-1
209,6,1095.17,305.15,209.33,542.06,0.8675,-1,-1,-1
209,9,399.52,391.09,147.49,362.52,0.8272,-1,-1,-1
209,21,1746.22,383.41,51.03,80.72,0.3860,-1,-1,-1
209,31,1002.28,402.99,75.96,217.08,0.7160,-1,-1,-1
209,33,536.76,335.41,174.29,420.61,0.8638,-1,-1,-1
209,38,754.58,394.20,67.42,251.91,0.6307,-1,-1,-1
210,2,804.46,294.87,173.13,597.39,0.8648,-1,-1,-1
210,6,1096.40,308.87,210.81,539.84,0.8719,-1,-1,-1
210,9,392.37,389.24,146.84,365.98,0.8246,-1,-1,-1
210,21,1724.57,383.03,71.30,83.88,0.4027,-1,-1,-1
210,31,1001.76,403.95,78.04,216.67,0.5573,-1,-1,-1
210,33,532.03,339.93,177.64,422.42,0.8501,-1,-1,-1
210,38,748.13,392.95,71.80,254.83,0.6420,-1,-1,-1
211,2,803.29,293.88,175.01,601.22,0.8701,-1,-1,-1
211,6,1096.99,310.20,210.28,545.20,0.8726,-1,-1,-1
211,9,384.60,389.35,147.89,367.12,0.8250,-1,-1,-1
211,21,1747.48,382.27,50.58,83.31,0.4628,-1,-1,-1
211,31,1003.79,418.64,74.39,202.94,0.5491,-1,-1,-1
211,33,519.92,328.63,186.55,442.59,0.8324,-1,-1,-1
211,38,745.44,394.25,72.06,257.92,0.6483,-1,-1,-1
212,2,796.95,291.97,184.17,600.52,0.8608,-1,-1,-1
212,6,1095.59,314.98,213.61,540.64,0.8651,-1,-1,-1
212,9,376.96,389.50,143.30,376.39,0.8260,-1,-1,-1
212,31,999.29,404.82,78.80,218.34,0.6687,-1,-1,-1
212,33,503.36,331.05,200.71,448.80,0.8214,-1,-1,-1
212,38,742.33,395.33,75.04,258.96,0.6523,-1,-1,-1
213,2,793.39,293.43,183.34,600.26,0.8643,-1,-1,-1
213,6,1095.54,310.94,212.53,546.71,0.8610,-1,-1,-1
213,9,368.24,390.89,150.81,387.20,0.8420,-1,-1,-1
213,31,995.64,402.36,82.16,222.45,0.7168,-1,-1,-1
213,33,507.64,340.99,191.97,443.27,0.8368,-1,-1,-1
213,38,740.12,396.87,70.01,263.29,0.6698,-1,-1,-1
214,2,790.88,299.22,184.96,589.44,0.8605,-1,-1,-1
214,6,1096.51,319.31,212.79,545.08,0.8704,-1,-1,-1
214,9,364.53,397.61,150.65,391.25,0.8434,-1,-1,-1
214,31,995.05,411.48,83.74,219.15,0.7440,-1,-1,-1
214,33,505.91,344.40,191.23,448.00,0.8454,-1,-1,-1
214,38,738.96,403.19,69.20,259.99,0.6716,-1,-1,-1
215,2,788.11,293.35,188.78,582.34,0.8647,-1,-1,-1
215,6,1101.62,312.85,208.84,555.72,0.8721,-1,-1,-1
215,9,360.42,396.79,150.10,396.84,0.8482,-1,-1,-1
215,31,994.54,406.48,86.13,222.64,0.7162,-1,-1,-1
215,33,503.52,341.40,193.59,455.91,0.8642,-1,-1,-1
215,38,738.50,401.21,68.16,260.00,0.6939,-1,-1,-1
216,2,786.10,291.41,192.88,588.34,0.8661,-1,-1,-1
216,6,1112.41,310.30,199.84,559.96,0.8832,-1,-1,-1
216,9,358.00,397.07,149.65,402.59,0.8468,-1,-1,-1
216,21,1763.30,397.01,49.60,76.56,0.3596,-1,-1,-1
216,31,1004.12,414.04,79.51,215.78,0.7528,-1,-1,-1
216,33,501.42,336.92,192.00,467.35,0.8712,-1,-1,-1
216,38,741.24,400.40,67.21,259.09,0.6173,-1,-1,-1
217,2,785.95,290.29,194.96,589.52,0.8724,-1,-1,-1
217,6,1116.69,308.72,201.42,559.58,0.8829,-1,-1,-1
217,9,356.36,397.80,149.49,401.95,0.8455,-1,-1,-1
217,21,1769.75,393.91,45.29,78.30,0.3736,-1,-1,-1
217,31,1007.43,417.78,80.92,213.64,0.7733,-1,-1,-1
217,33,501.41,333.22,191.44,474.73,0.8698,-1,-1,-1
217,38,743.29,398.50,67.56,267.15,0.6353,-1,-1,-1
218,2,790.85,289.92,194.03,592.27,0.8777,-1,-1,-1
218,6,1125.27,312.96,196.04,551.28,0.8742,-1,-1,-1
218,9,354.06,397.20,157.94,409.62,0.8515,-1,-1,-1
218,31,1011.17,424.29,79.99,207.12,0.7528,-1,-1,-1
218,33,503.78,325.68,188.01,485.52,0.8720,-1,-1,-1
218,38,748.12,397.28,65.12,270.75,0.6781,-1,-1,-1
218,40,663.49,400.36,54.98,197.91,0.4525,-1,-1,-1
219,2,795.21,290.85,194.93,592.71,0.8762,-1,-1,-1
219,6,1131.53,313.61,196.36,546.21,0.8746,-1,-1,-1
219,9,353.24,396.75,166.08,414.71,0.8510,-1,-1,-1
219,21,1783.81,395.25,51.01,81.39,0.3228,-1,-1,-1
219,31,1016.50,419.78,81.40,216.82,0.7159,-1,-1,-1
219,33,507.54,323.73,188.39,488.39,0.8773,-1,-1,-1
219,38,750.38,398.01,67.00,273.14,0.6841,-1,-1,-1
219,40,666.24,406.77,56.52,185.12,0.3872,-1,-1,-1
220,2,794.16,296.12,198.27,593.22,0.8704,-1,-1,-1
220,6,1136.53,314.38,196.84,545.35,0.8721,-1,-1,-1
220,9,353.46,395.01,168.08,416.92,0.8581,-1,-1,-1
220,21,1793.60,394.08,48.87,81.87,0.4108,-1,-1,-1
220,31,1020.39,419.23,81.23,216.86,0.7220,-1,-1,-1
220,33,510.39,322.77,187.97,491.21,0.8668,-1,-1,-1
220,38,750.29,398.65,72.54,272.83,0.6722,-1,-1,-1
220,40,665.19,404.87,60.61,179.08,0.5582,-1,-1,-1
221,2,802.11,298.33,199.15,595.95,0.8588,-1,-1,-1
221,6,1145.72,314.76,199.42,545.63,0.8733,-1,-1,-1
221,9,352.16,389.55,171.28,423.78,0.8507,-1,-1,-1
221,21,1798.14,394.75,52.93,85.39,0.4935,-1,-1,-1
221,31,1026.01,423.10,80.80,214.51,0.7112,-1,-1,-1
221,33,510.70,318.22,188.23,496.99,0.8653,-1,-1,-1
221,38,753.79,396.55,75.54,276.89,0.7016,-1,-1,-1
221,40,665.20,404.79,64.60,184.28,0.5404,-1,-1,-1
222,2,807.97,300.20,195.67,598.50,0.8566,-1,-1,-1
222,6,1155.70,318.46,192.71,545.72,0.8892,-1,-1,-1
222,9,350.96,386.45,172.69,428.33,0.8545,-1,-1,-1
222,21,1812.15,399.36,49.96,81.39,0.4911,-1,-1,-1
222,31,1023.12,423.65,88.09,216.75,0.7122,-1,-1,-1
222,33,511.29,315.39,189.01,502.95,0.8747,-1,-1,-1
222,38,757.08,397.08,78.14,277.94,0.7172,-1,-1,-1
222,40,667.82,407.02,68.63,187.57,0.5041,-1,-1,-1
223,2,817.60,302.93,191.71,596.17,0.8708,-1,-1,-1
223,6,1163.29,317.44,190.20,548.09,0.8806,-1,-1,-1
223,9,347.90,385.59,175.63,430.23,0.8504,-1,-1,-1
223,21,1816.06,396.12,52.88,85.35,0.4958,-1,-1,-1
223,31,1035.14,420.53,77.81,219.48,0.7051,-1,-1,-1
223,33,511.16,312.66,192.23,501.78,0.8739,-1,-1,-1
223,38,759.69,395.73,79.72,279.42,0.7202,-1,-1,-1
223,40,668.95,407.13,70.07,190.29,0.5440,-1,-1,-1
223,42,1431.82,528.12,156.40,330.45,0.3556,-1,-1,-1
224,2,823.12,305.28,193.77,593.35,0.8797,-1,-1,-1
224,6,1169.10,311.35,189.15,556.21,0.8861,-1,-1,-1
224,9,347.49,384.96,173.38,431.02,0.8485,-1,-1,-1
224,21,1822.13,394.63,56.94,88.11,0.4425,-1,-1,-1
224,31,1038.44,418.51,80.81,219.22,0.7568,-1,-1,-1
224,33,508.92,304.85,196.52,513.71,0.8765,-1,-1,-1
224,38,760.61,392.75,83.17,285.91,0.8185,-1,-1,-1
224,40,671.63,406.80,69.16,195.00,0.4122,-1,-1,-1
224,42,1444.64,532.65,144.78,324.86,0.4133,-1,-1,-1
225,2,826.64,303.90,200.38,593.62,0.8805,-1,-1,-1
225,6,1175.96,313.82,188.98,555.12,0.8826,-1,-1,-1
225,9,347.84,384.36,167.64,434.76,0.8530,-1,-1,-1
225,21,1834.62,397.89,54.03,84.20,0.4401,-1,-1,-1
225,31,1038.79,421.02,82.02,215.67,0.7665,-1,-1,-1
225,33,506.72,300.19,201.44,525.93,0.8707,-1,-1,-1
225,38,760.32,393.29,89.06,286.56,0.8125,-1,-1,-1
225,40,672.81,404.60,68.57,201.35,0.5329,-1,-1,-1
226,2,837.28,301.76,195.34,586.96,0.8722,-1,-1,-1
226,6,1179.28,313.53,187.30,558.08,0.8712,-1,-1,-1
226,9,340.54,381.83,170.45,438.15,0.8617,-1,-1,-1
226,21,1835.23,395.01,59.73,87.29,0.6333,-1,-1,-1
226,31,1038.29,422.83,82.95,212.95,0.7551,-1,-1,-1
226,33,498.69,300.64,208.56,533.31,0.8716,-1,-1,-1
226,38,759.77,393.86,95.05,287.68,0.7940,-1,-1,-1
226,40,672.30,405.82,71.69,214.02,0.6472,-1,-1,-1
227,2,837.80,301.31,197.46,578.77,0.8734,-1,-1,-1
227,6,1182.45,314.74,188.58,558.33,0.8638,-1,-1,-1
227,9,334.04,378.70,171.03,449.21,0.8501,-1,-1,-1
227,21,1837.56,397.99,65.11,85.78,0.4282,-1,-1,-1
227,31,1041.06,426.90,86.04,207.91,0.7622,-1,-1,-1
227,33,492.23,296.29,212.79,546.87,0.8763,-1,-1,-1
227,38,754.73,393.59,101.90,290.27,0.7859,-1,-1,-1
227,40,671.77,403.22,73.24,218.02,0.6699,-1,-1,-1
228,2,841.20,298.51,195.13,597.56,0.8665,-1,-1,-1
228,6,1184.37,315.46,187.25,564.02,0.8641,-1,-1,-1
228,9,330.52,371.48,162.20,463.91,0.8496,-1,-1,-1
228,21,1840.80,397.76,66.57,85.38,0.3610,-1,-1,-1
228,31,1043.31,419.98,85.41,214.00,0.7658,-1,-1,-1
228,33,472.16,291.71,231.97,554.13,0.8746,-1,-1,-1
228,38,754.53,393.24,104.96,293.19,0.7976,-1,-1,-1
228,40,667.09,400.91,78.77,226.24,0.6484,-1,-1,-1
229,2,848.63,296.41,188.96,592.93,0.8580,-1,-1,-1
229,6,1184.06,316.69,187.18,565.46,0.8665,-1,-1,-1
229,9,321.12,368.76,162.23,474.42,0.8458,-1,-1,-1
229,21,1847.62,396.85,61.13,88.45,0.4352,-1,-1,-1
229,31,1046.71,420.56,82.79,213.17,0.7604,-1,-1,-1
229,33,471.50,291.00,227.11,554.96,0.8691,-1,-1,-1
229,38,754.66,393.79,103.08,296.19,0.8026,-1,-1,-1
229,40,662.97,400.97,81.16,226.87,0.6377,-1,-1,-1
230,2,855.19,297.35,186.54,582.24,0.8512,-1,-1,-1
230,6,1185.27,316.80,186.71,564.91,0.8679,-1,-1,-1
230,9,307.92,371.64,175.31,482.55,0.8696,-1,-1,-1
230,21,1849.06,398.91,65.52,89.15,0.4773,-1,-1,-1
230,31,1048.52,419.12,80.24,216.17,0.7609,-1,-1,-1
230,33,451.36,291.06,243.77,567.41,0.8506,-1,-1,-1
230,38,755.23,396.14,101.95,297.32,0.8083,-1,-1,-1
230,40,658.32,398.01,86.06,231.82,0.6842,-1,-1,-1
231,2,862.25,298.67,180.81,574.66,0.8567,-1,-1,-1
231,6,1184.57,315.84,187.07,567.47,0.8617,-1,-1,-1
231,9,293.65,376.76,177.81,480.75,0.8452,-1,-1,-1
231,21,1850.00,401.60,66.62,89.26,0.5354,-1,-1,-1
231,31,1047.71,416.75,80.63,219.10,0.7491,-1,-1,-1
231,33,444.17,288.79,248.50,581.85,0.8316,-1,-1,-1
231,38,755.17,395.76,102.06,300.32,0.8188,-1,-1,-1
231,40,653.14,398.11,91.31,245.00,0.6946,-1,-1,-1
232,2,863.02,298.66,179.62,574.17,0.8496,-1,-1,-1
232,6,1182.76,316.41,186.80,570.82,0.8625,-1,-1,-1
232,9,275.55,373.00,178.09,494.46,0.8270,-1,-1,-1
232,21,1851.47,402.87,65.18,90.99,0.5292,-1,-1,-1
232,31,1045.04,422.10,79.56,214.85,0.7542,-1,-1,-1
232,33,438.12,287.61,243.51,589.50,0.8571,-1,-1,-1
232,38,749.80,400.60,102.64,300.08,0.8368,-1,-1,-1
232,40,646.48,399.00,93.00,266.97,0.7757,-1,-1,-1
232,42,1470.08,477.92,148.03,410.94,0.3151,-1,-1,-1
233,2,855.93,301.79,183.90,583.61,0.8623,-1,-1,-1
233,6,1178.75,318.34,190.33,577.34,0.8611,-1,-1,-1
233,9,252.74,370.42,194.10,510.96,0.8721,-1,-1,-1
233,21,1848.97,408.14,67.31,88.71,0.5331,-1,-1,-1
233,31,1042.25,422.19,79.91,219.88,0.7542,-1,-1,-1
233,33,425.99,284.68,245.86,606.33,0.8819,-1,-1,-1
233,38,734.48,394.94,112.37,307.21,0.8272,-1,-1,-1
233,40,636.68,406.25,95.41,279.33,0.7755,-1,-1,-1
234,2,856.44,303.17,184.37,585.32,0.8706,-1,-1,-1
234,6,1173.09,322.00,194.19,574.85,0.8715,-1,-1,-1
234,9,247.53,367.81,189.57,522.63,0.8781,-1,-1,-1
234,21,1847.86,412.33,67.27,85.54,0.4891,-1,-1,-1
234,31,1036.35,426.64,81.30,218.12,0.7213,-1,-1,-1
234,33,410.79,280.44,242.87,616.83,0.8917,-1,-1,-1
234,38,735.11,391.09,107.56,312.73,0.8215,-1,-1,-1
234,40,630.71,403.76,96.96,287.37,0.7805,-1,-1,-1
235,2,855.45,304.29,185.16,588.84,0.8744,-1,-1,-1
235,6,1162.87,320.97,199.44,577.31,0.8778,-1,-1,-1
235,9,231.98,363.72,190.32,534.20,0.8850,-1,-1,-1
235,21,1850.34,413.75,64.37,86.16,0.4453,-1,-1,-1
235,31,1037.25,426.65,78.85,217.24,0.7092,-1,-1,-1
235,33,394.84,272.58,248.29,626.59,0.8765,-1,-1,-1
235,38,722.11,391.40,111.49,314.41,0.8083,-1,-1,-1
235,40,624.44,404.72,94.71,290.13,0.7867,-1,-1,-1
236,2,856.96,307.39,181.22,589.94,0.8761,-1,-1,-1
236,6,1156.67,323.41,204.51,576.47,0.8717,-1,-1,-1
236,9,218.20,362.83,194.46,536.32,0.8437,-1,-1,-1
236,21,1850.12,415.83,65.67,85.69,0.5014,-1,-1,-1
236,31,1032.18,428.80,82.29,213.87,0.6683,-1,-1,-1
236,33,386.22,269.36,241.82,635.66,0.8691,-1,-1,-1
236,38,721.77,392.32,108.80,319.14,0.7960,-1,-1,-1
236,40,612.74,405.94,100.82,302.68,0.8305,-1,-1,-1
237,2,858.57,312.06,177.24,588.95,0.8785,-1,-1,-1
237,6,1153.29,325.08,208.44,570.10,0.8788,-1,-1,-1
237,9,203.62,360.86,198.61,542.85,0.8654,-1,-1,-1
237,21,1849.32,416.44,66.62,87.89,0.5012,-1,-1,-1
237,31,1035.39,427.89,76.58,219.41,0.6896,-1,-1,-1
237,33,375.59,265.79,242.22,642.50,0.8657,-1,-1,-1
237,38,708.85,393.46,118.73,322.22,0.7992,-1,-1,-1
237,40,607.09,406.40,98.69,304.96,0.7909,-1,-1,-1
238,2,857.90,312.92,174.12,592.81,0.8762,-1,-1,-1
238,6,1148.11,329.36,213.46,563.01,0.8780,-1,-1,-1
238,9,190.23,351.26,197.84,557.51,0.8589,-1,-1,-1
238,21,1846.61,416.37,68.73,91.39,0.5427,-1,-1,-1
238,31,1036.82,427.24,74.24,221.98,0.5363,-1,-1,-1
238,33,360.24,260.14,239.83,658.02,0.8688,-1,-1,-1
238,38,713.79,388.26,112.41,327.11,0.8140,-1,-1,-1
238,40,598.84,406.27,102.95,306.32,0.7959,-1,-1,-1
239,2,856.23,318.59,173.44,590.71,0.8674,-1,-1,-1
239,6,1145.95,327.79,212.43,564.00,0.8812,-1,-1,-1
239,9,176.20,349.81,192.68,565.50,0.8871,-1,-1,-1
239,21,1847.19,418.53,66.06,91.36,0.5648,-1,-1,-1
239,31,1031.92,427.08,71.35,225.36,0.5558,-1,-1,-1
239,33,337.16,257.71,256.22,661.79,0.8638,-1,-1,-1
239,38,702.01,387.65,118.85,331.14,0.8319,-1,-1,-1
239,40,593.04,404.99,101.04,312.44,0.7616,-1,-1,-1
240,2,850.47,322.87,169.84,589.46,0.8587,-1,-1,-1
240,6,1135.84,327.32,218.70,568.20,0.8883,-1,-1,-1
240,9,152.15,345.68,205.17,575.20,0.8435,-1,-1,-1
240,21,1841.25,420.96,68.53,92.44,0.5892,-1,-1,-1
240,31,1030.49,433.77,73.87,228.08,0.5879,-1,-1,-1
240,33,307.56,252.68,282.93,670.55,0.8766,-1,-1,-1
240,38,697.49,388.09,119.14,334.59,0.8188,-1,-1,-1
240,40,588.48,407.13,101.00,313.67,0.7664,-1,-1,-1
241,2,844.02,323.36,168.30,589.36,0.8660,-1,-1,-1
241,6,1132.37,326.38,216.95,571.42,0.8764,-1,-1,-1
241,9,136.16,347.62,207.29,572.66,0.8463,-1,-1,-1
241,21,1840.39,423.77,68.73,89.26,0.4500,-1,-1,-1
241,31,1018.90,426.93,80.85,226.56,0.4998,-1,-1,-1
241,33,305.46,250.47,264.13,677.01,0.8830,-1,-1,-1
241,38,691.98,389.88,120.98,334.64,0.8160,-1,-1,-1
241,40,578.41,407.12,102.29,323.00,0.8254,-1,-1,-1
242,2,833.76,324.11,169.75,588.46,0.8503,-1,-1,-1
242,6,1130.04,328.44,215.51,570.30,0.8684,-1,-1,-1
242,9,99.45,340.10,232.12,590.61,0.8461,-1,-1,-1
242,21,1829.23,421.87,76.25,93.38,0.4364,-1,-1,-1
242,31,1012.57,424.40,78.22,232.64,0.5242,-1,-1,-1
242,33,282.30,245.61,280.12,695.95,0.8867,-1,-1,-1
242,38,682.75,389.82,121.94,338.08,0.8128,-1,-1,-1
242,40,569.33,403.87,103.17,328.19,0.8342,-1,-1,-1
243,2,824.80,318.76,174.55,592.01,0.8415,-1,-1,-1
243,6,1124.60,329.48,213.75,571.79,0.8706,-1,-1,-1
243,9,81.78,338.48,231.93,597.56,0.8168,-1,-1,-1
243,21,1825.84,420.70,71.20,94.26,0.5534,-1,-1,-1
243,31,1007.88,426.69,77.98,241.58,0.5489,-1,-1,-1
243,33,247.45,241.23,305.90,720.20,0.8871,-1,-1,-1
243,38,681.31,389.64,115.33,343.20,0.8159,-1,-1,-1
243,40,553.67,402.70,113.24,330.58,0.8132,-1,-1,-1
243,42,1441.82,473.07,160.39,426.36,0.4276,-1,-1,-1
244,2,815.21,317.20,178.87,591.94,0.8400,-1,-1,-1
244,6,1117.78,332.53,215.62,571.11,0.8609,-1,-1,-1
244,9,64.30,336.16,231.70,628.82,0.8239,-1,-1,-1
244,21,1823.51,421.35,70.94,92.45,0.5685,-1,-1,-1
244,31,1005.21,425.81,78.85,234.99,0.6817,-1,-1,-1
244,33,214.92,236.68,327.58,760.86,0.8653,-1,-1,-1
244,38,675.65,392.80,113.42,342.10,0.8387,-1,-1,-1
244,40,543.52,400.27,114.08,338.33,0.7690,-1,-1,-1
245,2,802.11,316.76,185.20,586.01,0.8471,-1,-1,-1
245,6,1114.55,333.04,214.97,571.31,0.8653,-1,-1,-1
245,9,23.57,336.04,256.38,635.62,0.8574,-1,-1,-1
245,21,1821.59,422.00,68.14,92.52,0.5657,-1,-1,-1
245,31,1003.74,412.63,75.75,241.67,0.5797,-1,-1,-1
245,33,202.33,236.79,328.44,747.46,0.8578,-1,-1,-1
245,38,666.02,393.57,118.20,345.57,0.8310,-1,-1,-1
245,40,531.80,398.80,114.78,345.47,0.7877,-1,-1,-1
246,2,792.92,316.57,193.07,577.22,0.8483,-1,-1,-1
246,6,1109.78,333.35,217.73,573.53,0.8730,-1,-1,-1
246,9,13.33,334.34,243.74,643.28,0.8508,-1,-1,-1
246,21,1817.98,422.01,67.82,92.02,0.5318,-1,-1,-1
246,31,998.60,418.15,75.22,232.42,0.6104,-1,-1,-1
246,33,183.18,232.99,339.77,801.83,0.8850,-1,-1,-1
246,38,653.05,392.20,123.19,353.47,0.8207,-1,-1,-1
246,40,520.51,397.39,121.73,350.38,0.8030,-1,-1,-1
247,2,788.97,316.76,195.46,576.22,0.8436,-1,-1,-1
247,6,1105.24,335.59,220.55,573.54,0.8730,-1,-1,-1
247,9,-1.26,336.32,245.41,657.23,0.8650,-1,-1,-1
247,21,1810.38,420.42,70.23,92.62,0.5252,-1,-1,-1
247,31,994.82,430.80,74.98,222.20,0.5127,-1,-1,-1
247,33,146.95,230.37,363.37,814.50,0.8750,-1,-1,-1
247,38,646.51,393.38,126.96,355.64,0.8231,-1,-1,-1
247,40,514.09,398.63,117.27,359.23,0.7666,-1,-1,-1
247,45,952.09,393.40,58.98,337.89,0.3252,-1,-1,-1
248,2,783.47,320.20,203.44,577.18,0.8275,-1,-1,-1
248,6,1100.36,335.80,221.49,583.85,0.8771,-1,-1,-1
248,9,-3.46,335.88,233.04,679.25,0.8501,-1,-1,-1
248,21,1817.82,425.59,57.89,91.98,0.3505,-1,-1,-1
248,31,992.78,426.66,71.57,236.42,0.4317,-1,-1,-1
248,33,110.62,230.20,386.78,810.52,0.8776,-1,-1,-1
248,38,640.38,397.53,125.10,358.23,0.7830,-1,-1,-1
248,40,505.77,400.13,115.37,366.80,0.8087,-1,-1,-1
248,45,946.29,386.40,61.04,357.60,0.4082,-1,-1,-1
249,2,779.50,323.01,194.20,578.87,0.8299,-1,-1,-1
249,6,1101.89,338.68,218.32,586.92,0.8771,-1,-1,-1
249,9,-0.88,354.55,202.68,686.08,0.8293,-1,-1,-1
249,21,1804.38,425.25,71.11,91.27,0.4912,-1,-1,-1
249,31,988.64,439.82,71.74,242.72,0.3219,-1,-1,-1
249,33,95.37,225.68,382.61,837.44,0.8827,-1,-1,-1
249,38,631.76,395.63,131.46,367.86,0.7800,-1,-1,-1
249,40,497.27,403.58,122.62,377.15,0.7966,-1,-1,-1
249,42,1409.46,480.17,170.37,438.03,0.3770,-1,-1,-1
249,45,940.68,367.23,67.04,381.28,0.5871,-1,-1,-1
250,2,775.47,321.67,196.21,584.00,0.8366,-1,-1,-1
250,6,1102.05,339.47,217.76,589.12,0.8789,-1,-1,-1
250,9,-0.90,343.14,184.79,723.52,0.8306,-1,-1,-1
250,21,1811.22,426.72,66.00,90.55,0.3874,-1,-1,-1
250,33,81.26,220.97,382.23,848.90,0.8587,-1,-1,-1
250,38,628.85,396.14,131.54,373.08,0.8157,-1,-1,-1
250,40,493.58,406.88,120.33,380.03,0.7876,-1,-1,-1
250,45,937.74,371.99,71.90,379.91,0.5598,-1,-1,-1
251,2,774.82,326.93,195.05,586.45,0.8484,-1,-1,-1
251,6,1103.49,338.53,216.61,592.40,0.8796,-1,-1,-1
251,9,-2.46,338.88,174.08,731.07,0.8394,-1,-1,-1
251,21,1809.02,428.89,70.94,88.01,0.3562,-1,-1,-1
251,33,73.51,216.80,372.91,856.96,0.8853,-1,-1,-1
251,38,625.66,398.52,133.75,376.05,0.8166,-1,-1,-1
251,40,486.63,412.78,127.10,380.88,0.8384,-1,-1,-1
251,45,939.42,371.15,67.58,383.91,0.4813,-1,-1,-1
252,2,774.47,329.31,190.23,591.82,0.8512,-1,-1,-1
252,6,1104.27,341.50,216.42,591.67,0.8808,-1,-1,-1
252,9,-1.58,338.36,156.75,732.89,0.8276,-1,-1,-1
252,21,1806.74,430.39,78.23,88.06,0.3158,-1,-1,-1
252,33,68.39,210.95,364.24,863.21,0.8886,-1,-1,-1
252,38,610.66,399.87,146.26,379.97,0.8205,-1,-1,-1
252,40,478.26,414.50,132.47,382.58,0.8333,-1,-1,-1
252,45,937.13,361.57,75.96,395.88,0.4311,-1,-1,-1
253,2,773.98,330.18,190.94,597.55,0.8523,-1,-1,-1
253,6,1109.80,340.72,214.11,595.53,0.8716,-1,-1,-1
253,9,-0.26,335.56,138.42,738.94,0.8348,-1,-1,-1
253,21,1813.66,427.26,71.71,88.82,0.3173,-1,-1,-1
253,33,69.86,201.95,349.54,865.51,0.9057,-1,-1,-1
253,38,602.16,397.22,153.23,378.51,0.8347,-1,-1,-1
253,40,473.14,412.79,136.10,389.91,0.8361,-1,-1,-1
253,45,933.05,369.90,79.68,387.08,0.4849,-1,-1,-1
254,2,775.03,334.42,194.31,595.71,0.8485,-1,-1,-1
254,6,1112.64,339.60,211.18,591.92,0.8703,-1,-1,-1
254,9,0.88,336.80,123.68,735.88,0.8302,-1,-1,-1
254,21,1817.73,424.36,71.43,83.02,0.3260,-1,-1,-1
254,33,51.11,197.08,352.64,871.92,0.9119,-1,-1,-1
254,38,603.33,399.02,152.99,380.33,0.8475,-1,-1,-1
254,40,470.71,416.64,134.04,395.73,0.8382,-1,-1,-1
254,45,943.43,389.55,111.42,375.17,0.6339,-1,-1,-1
255,2,777.52,339.38,200.09,593.03,0.8591,-1,-1,-1
255,6,1116.11,338.00,213.84,589.87,0.8780,-1,-1,-1
255,9,3.00,333.41,105.78,740.83,0.7595,-1,-1,-1
255,21,1822.13,423.90,74.43,89.99,0.4643,-1,-1,-1
255,33,32.06,188.08,364.46,884.13,0.9113,-1,-1,-1
255,38,601.16,399.54,156.25,384.13,0.8397,-1,-1,-1
255,40,469.48,416.35,133.87,400.32,0.8348,-1,-1,-1
255,45,945.67,396.56,120.14,370.20,0.6908,-1,-1,-1
256,2,786.30,346.95,192.20,588.21,0.8654,-1,-1,-1
256,6,1121.25,341.56,215.85,583.22,0.8771,-1,-1,-1
256,9,3.32,334.20,93.15,737.78,0.7023,-1,-1,-1
256,21,1822.67,424.73,84.35,92.56,0.5408,-1,-1,-1
256,33,14.54,178.22,375.28,896.72,0.9073,-1,-1,-1
256,38,596.86,402.09,163.13,388.37,0.8377,-1,-1,-1
256,40,466.60,415.63,139.78,407.32,0.8295,-1,-1,-1
256,45,949.11,396.56,127.27,372.47,0.6646,-1,-1,-1
257,2,791.20,352.26,193.97,581.97,0.8738,-1,-1,-1
257,6,1128.38,341.86,213.32,578.76,0.8827,-1,-1,-1
257,9,3.01,415.11,83.03,651.29,0.5348,-1,-1,-1
257,21,1832.28,425.89,76.81,92.87,0.3610,-1,-1,-1
257,33,7.18,180.22,372.73,887.67,0.9080,-1,-1,-1
257,38,595.87,400.86,162.20,397.42,0.8299,-1,-1,-1
257,40,464.85,415.67,140.41,411.85,0.8237,-1,-1,-1
257,45,954.20,420.36,128.90,352.02,0.5346,-1,-1,-1
258,2,797.62,349.95,190.25,584.64,0.8659,-1,-1,-1
258,6,1134.62,340.48,211.10,580.93,0.8779,-1,-1,-1
258,21,1826.67,421.20,87.24,95.90,0.4481,-1,-1,-1
258,33,1.15,174.08,373.41,893.59,0.9188,-1,-1,-1
258,38,593.48,400.79,164.17,405.81,0.8384,-1,-1,-1
258,40,464.13,412.74,137.17,414.37,0.8268,-1,-1,-1
258,45,960.64,439.53,126.88,331.71,0.5035,-1,-1,-1
259,2,800.38,350.39,191.07,587.30,0.8702,-1,-1,-1
259,6,1139.11,340.51,208.81,581.30,0.8936,-1,-1,-1
259,21,1849.22,421.42,69.42,94.20,0.4239,-1,-1,-1
259,33,-0.69,168.53,371.61,899.48,0.9223,-1,-1,-1
259,38,586.66,405.01,170.73,401.62,0.8511,-1,-1,-1
259,40,458.60,409.60,137.13,413.95,0.8326,-1,-1,-1
259,45,963.44,427.38,125.20,343.78,0.5845,-1,-1,-1
260,2,804.81,347.44,192.14,588.71,0.8502,-1,-1,-1
260,6,1145.65,339.91,205.34,588.36,0.8958,-1,-1,-1
260,21,1852.39,423.42,67.08,93.60,0.3695,-1,-1,-1
260,33,-0.58,159.14,366.40,910.66,0.9303,-1,-1,-1
260,38,583.49,409.77,174.37,401.13,0.8414,-1,-1,-1
260,40,452.21,407.29,142.70,421.36,0.8239,-1,-1,-1
260,45,979.71,431.48,114.01,337.40,0.5952,-1,-1,-1
261,2,817.54,343.28,183.13,574.27,0.8507,-1,-1,-1
261,6,1148.27,340.27,204.23,589.56,0.9040,-1,-1,-1
261,21,1853.43,424.22,65.91,94.44,0.3948,-1,-1,-1
261,33,-0.41,150.32,359.03,921.78,0.9334,-1,-1,-1
261,38,585.98,411.03,169.14,405.64,0.8246,-1,-1,-1
261,40,449.44,403.81,143.95,424.89,0.8192,-1,-1,-1
261,45,976.47,430.94,119.64,341.33,0.6731,-1,-1,-1
261,48,784.40,454.52,56.57,205.35,0.5749,-1,-1,-1
262,2,822.37,341.32,181.00,567.93,0.8614,-1,-1,-1
262,6,1151.59,339.47,203.69,591.31,0.9056,-1,-1,-1
262,21,1860.88,423.11,58.46,95.13,0.4682,-1,-1,-1
262,33,-0.22,142.52,348.72,930.43,0.9328,-1,-1,-1
262,38,592.71,411.05,157.06,409.11,0.7842,-1,-1,-1
262,40,445.28,403.62,143.63,433.17,0.8476,-1,-1,-1
262,45,977.14,428.76,123.22,343.97,0.6616,-1,-1,-1
262,48,783.93,455.25,58.48,207.90,0.5735,-1,-1,-1
263,2,826.85,340.97,175.43,564.94,0.8498,-1,-1,-1
263,6,1156.18,336.90,202.53,594.58,0.9056,-1,-1,-1
263,21,1864.09,423.31,55.40,94.07,0.3664,-1,-1,-1
263,33,-0.02,129.04,336.37,943.02,0.9311,-1,-1,-1
263,38,589.49,407.64,153.38,419.55,0.7176,-1,-1,-1
263,40,439.50,400.40,144.01,440.71,0.8473,-1,-1,-1
263,45,984.54,426.29,121.42,346.25,0.6632,-1,-1,-1
263,48,784.33,451.29,60.84,212.22,0.5929,-1,-1,-1
264,2,825.76,339.77,176.63,564.21,0.8389,-1,-1,-1
264,6,1158.28,335.68,203.05,595.98,0.8981,-1,-1,-1
264,21,1865.06,419.94,46.07,93.72,0.3383,-1,-1,-1
264,33,0.28,122.67,322.43,947.03,0.9193,-1,-1,-1
264,38,585.58,403.26,152.40,425.86,0.7754,-1,-1,-1
264,40,425.10,394.53,158.49,456.45,0.8482,-1,-1,-1
264,45,983.84,420.70,131.60,352.85,0.6286,-1,-1,-1
264,48,787.16,448.53,58.77,216.69,0.6359,-1,-1,-1
265,2,829.90,329.09,169.54,569.59,0.8412,-1,-1,-1
265,6,1159.27,333.81,203.62,598.42,0.8976,-1,-1,-1
265,21,1868.87,420.13,50.41,94.89,0.3794,-1,-1,-1
265,33,0.85,114.06,303.70,953.44,0.8963,-1,-1,-1
265,38,583.41,395.91,146.45,423.55,0.7812,-1,-1,-1
265,40,413.37,394.86,164.76,455.48,0.8464,-1,-1,-1
265,45,997.29,413.24,125.29,357.22,0.7844,-1,-1,-1
265,48,786.65,445.00,62.00,228.87,0.6921,-1,-1,-1
266,2,832.44,323.73,168.78,578.12,0.8497,-1,-1,-1
266,6,1160.51,331.41,203.23,601.73,0.8978,-1,-1,-1
266,21,1877.45,419.49,41.98,95.34,0.4603,-1,-1,-1
266,33,2.42,119.49,280.06,940.86,0.8295,-1,-1,-1
266,38,574.26,389.18,151.92,427.89,0.7627,-1,-1,-1
266,40,405.57,397.48,159.49,454.87,0.8254,-1,-1,-1
266,45,997.25,408.20,139.65,359.69,0.7645,-1,-1,-1
266,48,785.78,443.64,65.58,229.75,0.7491,-1,-1,-1
267,2,837.02,323.38,164.95,579.21,0.8438,-1,-1,-1
267,6,1162.65,330.34,203.21,603.45,0.8954,-1,-1,-1
267,21,1882.29,418.55,37.18,94.91,0.4990,-1,-1,-1
267,33,3.24,235.08,251.80,817.64,0.8200,-1,-1,-1
267,38,544.99,379.01,179.05,445.96,0.8280,-1,-1,-1
267,40,404.23,389.80,152.74,465.63,0.8342,-1,-1,-1
267,45,1008.01,405.49,131.52,359.48,0.7736,-1,-1,-1
267,48,786.30,442.65,67.96,234.87,0.7602,-1,-1,-1
267,49,722.04,467.33,41.21,141.53,0.3074,-1,-1,-1
268,2,843.58,324.25,155.98,580.33,0.8447,-1,-1,-1
268,6,1163.01,327.67,203.43,604.71,0.8972,-1,-1,-1
268,21,1883.75,416.19,35.62,95.71,0.4883,-1,-1,-1
268,33,4.61,239.67,209.24,751.60,0.8357,-1,-1,-1
268,38,552.22,373.82,168.23,452.99,0.8387,-1,-1,-1
268,40,401.93,389.76,153.22,469.33,0.8424,-1,-1,-1
268,45,1011.23,403.65,130.09,362.83,0.8020,-1,-1,-1
268,48,785.25,441.24,71.72,236.22,0.7922,-1,-1,-1
268,49,721.26,466.95,40.85,140.54,0.3101,-1,-1,-1
269,2,847.33,325.07,151.05,579.61,0.8459,-1,-1,-1
269,6,1162.43,324.39,204.46,612.51,0.8879,-1,-1,-1
269,21,1885.16,412.71,34.13,98.90,0.4548,-1,-1,-1
269,33,2.38,223.03,182.13,819.66,0.8226,-1,-1,-1
269,38,548.27,362.27,167.06,464.23,0.8324,-1,-1,-1
269,40,393.88,379.31,156.24,482.88,0.8692,-1,-1,-1
269,45,1002.72,400.79,142.67,371.46,0.7270,-1,-1,-1
269,48,784.56,438.35,70.94,235.07,0.7774,-1,-1,-1
270,2,831.07,319.67,168.25,582.90,0.8153,-1,-1,-1
270,6,1161.17,317.45,203.60,615.57,0.8820,-1,-1,-1
270,21,1888.04,410.09,31.29,100.65,0.3745,-1,-1,-1
270,33,-1.91,231.24,162.22,549.02,0.5937,-1,-1,-1
270,38,543.11,350.49,171.79,473.94,0.8409,-1,-1,-1
270,40,384.40,369.57,164.31,489.86,0.8760,-1,-1,-1
270,45,1002.61,396.51,147.18,373.41,0.6428,-1,-1,-1
270,48,782.73,434.13,71.23,232.22,0.7537,-1,-1,-1
271,2,832.28,320.65,164.65,578.88,0.7983,-1,-1,-1
271,6,1160.82,316.03,202.61,610.89,0.8906,-1,-1,-1
271,21,1891.24,404.79,28.08,103.94,0.3268,-1,-1,-1
271,33,2.04,221.02,125.79,575.44,0.3991,-1,-1,-1
271,38,536.16,347.81,175.59,474.54,0.8422,-1,-1,-1
271,40,374.33,364.18,170.92,495.04,0.8749,-1,-1,-1
271,45,1010.43,396.29,137.99,374.04,0.7599,-1,-1,-1
271,48,780.66,430.12,71.61,231.74,0.7619,-1,-1,-1
272,2,839.62,318.26,148.18,576.25,0.8418,-1,-1,-1
272,6,1159.11,309.22,200.38,610.08,0.8949,-1,-1,-1
272,21,1887.20,403.36,32.14,102.05,0.3497,-1,-1,-1
272,33,-0.39,239.15,98.90,567.87,0.3162,-1,-1,-1
272,38,530.20,344.64,174.75,477.23,0.8574,-1,-1,-1
272,40,356.05,351.01,171.27,508.03,0.8721,-1,-1,-1
272,45,1009.77,393.74,137.96,372.42,0.7888,-1,-1,-1
272,48,776.07,425.28,71.86,227.80,0.7917,-1,-1,-1
272,49,710.54,458.64,40.93,134.31,0.3521,-1,-1,-1
273,2,830.38,317.33,154.49,570.94,0.8372,-1,-1,-1
273,6,1154.69,304.80,201.08,609.04,0.8988,-1,-1,-1
273,21,1881.88,396.98,37.36,103.90,0.4526,-1,-1,-1
273,38,524.34,339.97,171.74,478.38,0.8676,-1,-1,-1
273,40,341.32,343.12,169.77,512.75,0.8806,-1,-1,-1
273,45,1007.48,391.60,138.22,374.74,0.7886,-1,-1,-1
273,48,768.08,418.86,74.42,227.83,0.7439,-1,-1,-1
273,49,703.20,449.28,44.45,138.76,0.3989,-1,-1,-1
273,51,961.44,359.76,66.63,397.60,0.3727,-1,-1,-1
274,2,825.59,306.48,155.22,577.69,0.8516,-1,-1,-1
274,6,1149.84,301.44,204.15,604.13,0.8962,-1,-1,-1
274,21,1879.95,390.12,39.29,108.04,0.4729,-1,-1,-1
274,38,518.42,334.77,181.67,489.74,0.8622,-1,-1,-1
274,40,330.98,333.42,166.26,517.73,0.8700,-1,-1,-1
274,45,998.07,387.27,146.44,378.27,0.7956,-1,-1,-1
274,48,765.76,413.19,71.14,241.48,0.7058,-1,-1,-1
274,49,699.87,444.08,42.02,139.19,0.4363,-1,-1,-1
275,2,812.01,300.99,169.06,575.42,0.8568,-1,-1,-1
275,6,1138.78,293.95,212.66,599.35,0.8891,-1,-1,-1
275,21,1872.26,393.50,47.33,102.98,0.4513,-1,-1,-1
275,38,506.82,325.90,187.36,496.91,0.8633,-1,-1,-1
275,40,316.13,321.51,177.45,524.80,0.8608,-1,-1,-1
275,45,987.42,380.40,154.48,382.23,0.8150,-1,-1,-1
275,48,758.43,403.45,71.23,250.69,0.6670,-1,-1,-1
275,52,2.93,660.46,193.20,419.08,0.5319,-1,-1,-1
276,2,804.44,288.21,165.23,582.65,0.8376,-1,-1,-1
276,6,1135.51,288.65,213.88,594.49,0.8892,-1,-1,-1
276,21,1871.13,391.14,48.24,101.14,0.3667,-1,-1,-1
276,38,498.35,317.99,187.78,507.36,0.8690,-1,-1,-1
276,40,299.31,316.72,183.08,531.56,0.8738,-1,-1,-1
276,45,981.96,372.84,154.78,387.82,0.8268,-1,-1,-1
276,48,752.36,398.45,69.09,252.86,0.6718,-1,-1,-1
276,51,941.42,325.29,61.47,414.71,0.4663,-1,-1,-1
277,2,796.96,282.27,165.07,567.16,0.8437,-1,-1,-1
277,6,1130.21,280.52,216.14,595.29,0.8845,-1,-1,-1
277,21,1869.22,385.18,50.33,98.54,0.3428,-1,-1,-1
277,38,488.77,304.63,188.14,508.62,0.8566,-1,-1,-1
277,40,288.68,302.67,176.40,548.70,0.8822,-1,-1,-1
277,45,993.59,366.34,139.42,394.69,0.7620,-1,-1,-1
277,48,743.76,391.86,68.36,248.40,0.6602,-1,-1,-1
277,51,939.85,326.10,66.80,412.74,0.4947,-1,-1,-1
278,2,785.87,277.93,168.80,561.19,0.8565,-1,-1,-1
278,6,1124.81,274.83,215.04,596.59,0.8731,-1,-1,-1
278,21,1864.57,379.79,54.84,97.95,0.3423,-1,-1,-1
278,38,481.09,298.20,182.89,527.07,0.8625,-1,-1,-1
278,40,273.77,301.24,176.44,554.45,0.8597,-1,-1,-1
278,45,977.56,354.43,153.63,399.96,0.7672,-1,-1,-1
278,48,740.61,387.44,63.74,239.13,0.6231,-1,-1,-1
278,49,672.93,420.60,44.11,134.64,0.3245,-1,-1,-1
278,51,936.84,343.01,90.58,385.27,0.4707,-1,-1,-1
279,2,775.53,268.76,176.74,563.61,0.8402,-1,-1,-1
279,6,1121.76,266.30,217.53,597.49,0.8720,-1,-1,-1
279,21,1862.56,374.87,56.77,98.27,0.4471,-1,-1,-1
279,38,473.18,294.57,183.70,531.18,0.8795,-1,-1,-1
279,40,257.53,293.77,188.13,569.28,0.8748,-1,-1,-1
279,45,976.45,345.23,153.62,402.81,0.7963,-1,-1,-1
279,48,733.05,376.48,66.37,242.12,0.6374,-1,-1,-1
279,51,926.32,306.78,72.56,406.08,0.6059,-1,-1,-1
280,2,773.68,259.90,172.94,562.30,0.8442,-1,-1,-1
280,6,1117.74,256.64,220.14,602.16,0.8696,-1,-1,-1
280,21,1862.68,370.37,56.81,96.40,0.4226,-1,-1,-1
280,38,469.59,281.36,183.30,545.36,0.8746,-1,-1,-1
280,40,246.18,278.08,188.20,581.91,0.8669,-1,-1,-1
280,45,981.43,334.35,148.27,407.62,0.7760,-1,-1,-1
280,48,730.17,370.69,65.84,246.73,0.6923,-1,-1,-1
280,51,925.85,299.10,75.52,409.11,0.4325,-1,-1,-1
281,2,776.50,250.64,173.14,555.76,0.8473,-1,-1,-1
281,6,1120.48,250.40,217.93,600.82,0.8828,-1,-1,-1
281,21,1866.27,363.18,53.14,96.02,0.4036,-1,-1,-1
281,38,463.98,271.34,187.90,554.39,0.8881,-1,-1,-1
281,40,234.07,270.74,200.03,590.49,0.8721,-1,-1,-1
281,45,983.10,319.57,148.00,419.85,0.7970,-1,-1,-1
281,48,729.02,366.01,61.55,235.99,0.6351,-1,-1,-1
281,51,922.96,279.22,82.66,420.23,0.6057,-1,-1,-1
282,2,762.36,236.86,187.34,570.84,0.8555,-1,-1,-1
282,6,1117.05,239.74,219.88,606.42,0.8779,-1,-1,-1
282,21,1870.39,353.88,48.82,99.26,0.3748,-1,-1,-1
282,38,458.97,245.17,193.23,572.99,0.8818,-1,-1,-1
282,40,225.48,250.53,205.82,600.28,0.8828,-1,-1,-1
282,45,986.15,306.72,144.40,422.60,0.7747,-1,-1,-1
282,48,727.68,355.16,62.44,246.44,0.6158,-1,-1,-1
282,49,661.94,385.18,40.89,149.95,0.3102,-1,-1,-1
282,51,919.62,270.06,78.01,413.94,0.4657,-1,-1,-1
283,2,762.15,230.54,188.31,569.36,0.8245,-1,-1,-1
283,6,1118.95,228.42,221.78,608.42,0.8831,-1,-1,-1
283,21,1870.53,344.53,48.74,101.94,0.4122,-1,-1,-1
283,38,452.54,228.70,199.15,576.66,0.8750,-1,-1,-1
283,40,211.92,237.93,214.69,610.74,0.8723,-1,-1,-1
283,45,984.49,298.28,147.99,429.51,0.7853,-1,-1,-1
283,48,726.12,345.73,62.43,252.12,0.6340,-1,-1,-1
283,49,662.99,377.29,38.12,142.88,0.3452,-1,-1,-1
283,51,919.92,261.93,73.93,414.66,0.5167,-1,-1,-1
284,2,764.31,222.96,188.71,569.13,0.8240,-1,-1,-1
284,6,1120.95,220.45,222.91,616.07,0.8842,-1,-1,-1
284,38,442.36,220.65,210.52,573.34,0.8763,-1,-1,-1
284,40,204.43,225.72,216.86,630.06,0.8726,-1,-1,-1
284,45,976.74,288.65,161.97,435.80,0.7919,-1,-1,-1
284,48,724.65,341.48,64.57,245.19,0.6227,-1,-1,-1
284,51,918.96,254.32,73.53,418.64,0.5821,-1,-1,-1
285,2,767.98,215.28,184.70,573.85,0.8502,-1,-1,-1
285,6,1122.33,212.78,225.33,619.92,0.8894,-1,-1,-1
285,21,1878.27,318.25,40.91,111.75,0.3140,-1,-1,-1
285,38,435.52,207.39,218.65,590.90,0.8819,-1,-1,-1
285,40,194.13,212.86,222.98,635.63,0.8813,-1,-1,-1
285,45,980.73,282.39,162.06,439.61,0.7200,-1,-1,-1
285,48,725.76,332.99,65.47,251.09,0.6385,-1,-1,-1
285,49,664.73,364.27,37.97,139.64,0.4339,-1,-1,-1
285,51,922.15,247.32,71.63,420.73,0.3604,-1,-1,-1
286,2,772.64,210.49,182.04,573.75,0.8569,-1,-1,-1
286,6,1124.96,206.36,225.24,623.84,0.8912,-1,-1,-1
286,38,434.87,191.21,219.43,596.80,0.8973,-1,-1,-1
286,40,180.92,200.21,226.20,645.64,0.8713,-1,-1,-1
286,45,972.71,273.18,179.07,456.58,0.7824,-1,-1,-1
286,48,724.59,323.49,69.39,254.02,0.6690,-1,-1,-1
286,49,666.44,361.03,37.51,144.23,0.4432,-1,-1,-1
286,51,920.95,236.79,74.91,425.29,0.4858,-1,-1,-1
287,2,779.54,203.62,175.36,574.01,0.8645,-1,-1,-1
287,6,1125.12,201.85,233.41,619.31,0.8860,-1,-1,-1
287,38,432.62,178.16,221.80,607.24,0.9020,-1,-1,-1
287,40,172.96,186.59,227.91,653.89,0.8782,-1,-1,-1
287,45,973.77,261.49,185.66,458.85,0.7522,-1,-1,-1
287,48,726.13,313.00,72.90,260.60,0.7310,-1,-1,-1
287,49,671.18,349.40,34.48,148.55,0.3275,-1,-1,-1
287,51,922.33,231.84,80.09,422.22,0.5895,-1,-1,-1
288,2,778.62,200.36,180.78,569.56,0.8553,-1,-1,-1
288,6,1140.99,191.99,226.42,624.58,0.8755,-1,-1,-1
288,38,430.92,166.47,222.97,619.66,0.8978,-1,-1,-1
288,40,168.11,177.62,226.56,660.30,0.8819,-1,-1,-1
288,45,986.93,258.03,181.02,462.56,0.6565,-1,-1,-1
288,48,730.99,304.37,70.24,260.93,0.7738,-1,-1,-1
288,49,672.62,340.27,40.35,151.80,0.4636,-1,-1,-1
288,51,919.80,226.71,83.71,414.30,0.4549,-1,-1,-1
289,2,782.26,189.92,187.01,568.93,0.8407,-1,-1,-1
289,6,1147.70,184.62,229.76,627.47,0.8709,-1,-1,-1
289,38,419.60,161.71,236.91,635.73,0.9002,-1,-1,-1
289,40,153.71,161.71,233.82,674.83,0.8979,-1,-1,-1
289,45,1006.76,255.10,165.09,467.10,0.6330,-1,-1,-1
289,48,731.90,298.23,73.89,268.76,0.7492,-1,-1,-1
289,49,678.76,333.87,39.57,152.62,0.3445,-1,-1,-1
289,51,928.45,224.23,74.54,402.74,0.5344,-1,-1,-1
290,2,789.33,189.14,191.13,570.20,0.8398,-1,-1,-1
290,6,1160.57,183.23,222.31,623.32,0.8728,-1,-1,-1
290,38,414.87,154.45,243.02,654.47,0.9080,-1,-1,-1
290,40,148.78,148.81,231.56,687.27,0.9037,-1,-1,-1
290,45,1025.49,246.21,155.04,480.91,0.7886,-1,-1,-1
290,48,734.86,295.78,74.16,266.28,0.7407,-1,-1,-1
290,49,685.00,332.70,40.89,153.47,0.4234,-1,-1,-1
290,51,939.65,225.78,98.01,407.59,0.4262,-1,-1,-1
291,2,798.47,184.88,182.58,565.41,0.8223,-1,-1,-1
291,6,1175.00,179.50,214.39,621.24,0.8647,-1,-1,-1
291,38,408.64,151.77,251.44,659.33,0.9072,-1,-1,-1
291,40,136.52,140.75,239.45,696.22,0.9061,-1,-1,-1
291,45,1029.60,239.02,160.65,490.75,0.7919,-1,-1,-1
291,48,738.60,288.42,76.77,268.43,0.7280,-1,-1,-1
291,51,944.33,216.14,90.46,411.34,0.3618,-1,-1,-1
292,2,797.86,181.17,188.91,559.38,0.8275,-1,-1,-1
292,6,1183.12,172.50,216.34,616.36,0.8790,-1,-1,-1
292,38,404.67,150.89,257.39,671.99,0.9081,-1,-1,-1
292,40,129.76,135.36,234.09,711.41,0.9045,-1,-1,-1
292,45,1032.95,232.84,167.18,490.75,0.8051,-1,-1,-1
292,48,740.12,282.84,81.25,272.41,0.7387,-1,-1,-1
292,51,948.40,207.79,83.94,415.17,0.3778,-1,-1,-1
293,2,810.27,175.42,182.22,552.73,0.8413,-1,-1,-1
293,6,1192.10,170.62,213.46,608.43,0.8885,-1,-1,-1
293,38,399.57,146.65,259.25,689.76,0.9056,-1,-1,-1
293,40,109.76,134.60,247.81,735.95,0.8796,-1,-1,-1
293,45,1036.80,230.27,179.61,495.78,0.8317,-1,-1,-1
293,48,744.79,278.47,84.01,274.03,0.7462,-1,-1,-1
293,51,961.44,201.19,92.34,415.13,0.6720,-1,-1,-1
294,2,820.15,172.77,177.29,553.04,0.8254,-1,-1,-1
294,6,1209.39,170.48,207.20,610.90,0.8750,-1,-1,-1
294,38,397.60,145.32,259.87,702.00,0.9051,-1,-1,-1
294,40,77.73,134.35,275.05,757.19,0.8919,-1,-1,-1
294,45,1045.70,226.58,180.23,499.47,0.8480,-1,-1,-1
294,48,750.66,279.15,88.02,273.55,0.7554,-1,-1,-1
294,51,965.01,200.47,97.92,430.65,0.7163,-1,-1,-1
295,2,828.38,182.50,179.16,549.99,0.8325,-1,-1,-1
295,6,1225.02,171.63,199.15,614.56,0.8756,-1,-1,-1
295,38,393.51,142.11,264.71,732.66,0.9053,-1,-1,-1
295,40,53.83,131.28,292.44,770.05,0.8917,-1,-1,-1
295,45,1052.90,220.51,184.16,512.77,0.8542,-1,-1,-1
295,48,757.34,279.01,89.26,276.98,0.7888,-1,-1,-1
295,51,971.79,201.71,87.35,431.74,0.6422,-1,-1,-1
296,2,838.81,176.24,172.10,555.84,0.8425,-1,-1,-1
296,6,1236.27,173.12,195.71,617.68,0.8677,-1,-1,-1
296,38,387.87,136.48,273.22,748.82,0.9053,-1,-1,-1
296,40,33.06,131.89,304.31,780.71,0.8953,-1,-1,-1
296,45,1061.57,209.68,183.45,536.21,0.8659,-1,-1,-1
296,48,759.99,277.21,92.86,279.13,0.7958,-1,-1,-1
296,51,973.41,200.46,96.97,429.32,0.6068,-1,-1,-1
297,2,851.63,177.96,160.86,556.71,0.8252,-1,-1,-1
297,6,1250.73,172.24,192.06,627.09,0.8732,-1,-1,-1
297,38,379.64,129.88,278.01,760.03,0.9120,-1,-1,-1
297,40,28.07,127.50,302.78,802.23,0.8992,-1,-1,-1
297,45,1070.65,207.26,194.08,539.99,0.8557,-1,-1,-1
297,48,768.58,276.46,88.81,278.28,0.7940,-1,-1,-1
297,51,979.03,207.68,115.11,412.39,0.6991,-1,-1,-1
298,2,856.98,180.11,163.85,556.56,0.8207,-1,-1,-1
298,6,1261.65,171.81,188.36,631.54,0.8681,-1,-1,-1
298,38,374.18,117.75,281.27,778.10,0.9057,-1,-1,-1
298,40,27.21,124.34,297.28,817.72,0.9006,-1,-1,-1
298,45,1077.37,204.36,196.08,547.02,0.8600,-1,-1,-1
298,48,773.33,278.75,89.13,273.48,0.8058,-1,-1,-1
298,51,986.07,215.04,102.75,417.92,0.6981,-1,-1,-1
299,2,866.52,181.41,155.97,555.71,0.8375,-1,-1,-1
299,6,1263.24,168.77,191.08,636.89,0.8652,-1,-1,-1
299,38,366.10,105.14,284.63,796.39,0.9076,-1,-1,-1
299,40,19.95,112.35,301.22,848.08,0.8969,-1,-1,-1
299,45,1077.26,204.44,208.32,552.57,0.8726,-1,-1,-1
299,48,778.40,277.75,91.17,279.29,0.7901,-1,-1,-1
299,51,991.83,203.00,97.94,428.61,0.6974,-1,-1,-1
300,2,867.55,184.52,156.47,559.29,0.8303,-1,-1,-1
300,6,1256.40,168.65,205.03,640.90,0.8556,-1,-1,-1
300,38,351.50,95.02,298.68,811.92,0.9086,-1,-1,-1
300,40,8.67,105.55,309.28,876.64,0.8934,-1,-1,-1
300,45,1084.86,201.74,214.41,570.74,0.8651,-1,-1,-1
300,48,781.48,277.04,94.66,279.44,0.7573,-1,-1,-1
300,51,998.43,201.63,96.12,426.40,0.7376,-1,-1,-1
301,2,871.80,182.29,154.56,559.24,0.8478,-1,-1,-1
301,6,1251.81,166.27,216.63,649.35,0.8449,-1,-1,-1
301,38,339.35,80.47,307.09,832.44,0.9150,-1,-1,-1
301,40,0.13,95.84,307.97,893.11,0.9062,-1,-1,-1
301,45,1089.38,200.95,217.08,585.56,0.8557,-1,-1,-1
301,48,783.29,277.19,95.56,278.65,0.7729,-1,-1,-1
301,51,1004.76,201.86,104.91,424.60,0.7580,-1,-1,-1
302,2,875.42,184.26,152.77,558.90,0.8387,-1,-1,-1
302,6,1261.34,170.00,209.52,649.22,0.8352,-1,-1,-1
302,38,323.21,73.18,319.16,842.35,0.8990,-1,-1,-1
302,40,-0.51,81.02,291.32,917.66,0.8999,-1,-1,-1
302,45,1096.65,199.06,213.78,581.90,0.8601,-1,-1,-1
302,48,781.72,277.17,98.84,280.75,0.7839,-1,-1,-1
302,51,1008.11,201.23,99.88,426.27,0.7562,-1,-1,-1
303,2,879.19,184.23,148.28,557.95,0.8491,-1,-1,-1
303,6,1265.40,171.76,205.04,649.83,0.8203,-1,-1,-1
303,38,310.86,56.70,327.33,863.02,0.9052,-1,-1,-1
303,40,-0.65,60.44,275.33,945.10,0.9199,-1,-1,-1
303,45,1105.13,199.82,204.82,582.39,0.8450,-1,-1,-1
303,48,781.65,277.36,100.12,280.87,0.7874,-1,-1,-1
303,51,1010.09,202.59,94.38,426.24,0.7691,-1,-1,-1
304,2,873.97,183.38,150.78,561.75,0.8530,-1,-1,-1
304,6,1273.46,170.87,197.10,652.89,0.8169,-1,-1,-1
304,38,298.01,55.51,336.34,872.77,0.9151,-1,-1,-1
304,40,0.74,45.61,243.12,963.15,0.9053,-1,-1,-1
304,45,1105.31,197.03,204.41,613.62,0.8094,-1,-1,-1
304,48,784.78,278.28,95.57,280.33,0.7857,-1,-1,-1
304,51,1010.49,207.42,96.35,421.96,0.7774,-1,-1,-1
305,2,866.19,186.85,156.40,565.18,0.8584,-1,-1,-1
305,6,1280.89,170.06,188.94,655.46,0.8156,-1,-1,-1
305,38,291.07,46.48,338.96,920.45,0.9232,-1,-1,-1
305,40,0.89,32.74,213.37,982.45,0.8994,-1,-1,-1
305,45,1104.87,197.88,207.39,620.98,0.8279,-1,-1,-1
305,48,783.91,279.24,95.24,281.12,0.7691,-1,-1,-1
305,51,1010.06,211.24,96.05,419.14,0.7821,-1,-1,-1
306,2,859.09,185.19,161.47,563.43,0.8555,-1,-1,-1
306,6,1282.86,169.75,186.04,651.44,0.8278,-1,-1,-1
306,38,271.98,44.84,351.74,953.20,0.9223,-1,-1,-1
306,40,-1.34,32.16,195.76,1000.40,0.9007,-1,-1,-1
306,45,1103.92,196.64,209.61,645.79,0.8549,-1,-1,-1
306,48,783.68,278.73,95.79,286.57,0.7620,-1,-1,-1
306,51,1008.70,209.18,97.01,423.25,0.7791,-1,-1,-1
307,2,857.73,184.15,159.29,551.48,0.8396,-1,-1,-1
307,6,1295.03,168.85,174.29,656.84,0.8342,-1,-1,-1
307,38,250.23,39.49,368.81,980.45,0.9121,-1,-1,-1
307,40,-2.06,33.41,174.22,1031.17,0.8718,-1,-1,-1
307,45,1103.70,195.12,215.47,654.67,0.8695,-1,-1,-1
307,48,782.07,275.86,93.20,291.83,0.7257,-1,-1,-1
307,51,1003.65,213.20,101.88,419.62,0.7993,-1,-1,-1
308,2,855.29,180.84,160.56,551.01,0.8265,-1,-1,-1
308,6,1292.91,165.85,172.94,657.81,0.8201,-1,-1,-1
308,38,238.90,34.11,366.82,1007.72,0.9127,-1,-1,-1
308,40,-1.77,129.84,147.63,925.11,0.7838,-1,-1,-1
308,45,1102.25,189.69,222.53,670.65,0.8624,-1,-1,-1
308,48,779.63,275.57,92.20,288.97,0.7534,-1,-1,-1
308,51,1000.97,212.03,102.35,424.75,0.7789,-1,-1,-1
309,2,849.24,182.63,165.48,551.85,0.8232,-1,-1,-1
309,6,1292.96,169.01,166.91,652.34,0.8161,-1,-1,-1
309,38,217.99,36.57,375.77,1022.00,0.9073,-1,-1,-1
309,40,-2.60,176.49,126.69,869.87,0.8346,-1,-1,-1
309,45,1096.23,188.75,227.98,678.85,0.8720,-1,-1,-1
309,48,776.71,279.94,86.40,279.40,0.7653,-1,-1,-1
309,51,999.08,212.17,103.68,426.37,0.7737,-1,-1,-1
310,2,846.18,182.46,169.75,546.12,0.8141,-1,-1,-1
310,6,1295.88,166.89,164.13,661.65,0.8175,-1,-1,-1
310,38,197.55,29.35,386.96,1026.71,0.9192,-1,-1,-1
310,40,-6.06,194.93,111.94,525.60,0.7405,-1,-1,-1
310,45,1095.69,177.66,233.56,698.16,0.8821,-1,-1,-1
310,48,776.97,277.65,83.76,287.30,0.7566,-1,-1,-1
310,51,998.41,212.09,106.05,425.85,0.7730,-1,-1,-1
311,2,829.61,184.75,186.85,548.33,0.8268,-1,-1,-1
311,6,1300.55,166.18,160.94,654.59,0.8227,-1,-1,-1
311,38,182.12,15.61,391.12,1060.62,0.9179,-1,-1,-1
311,40,-2.46,201.00,92.37,499.34,0.7663,-1,-1,-1
311,45,1095.17,174.28,240.35,704.19,0.8850,-1,-1,-1
311,48,776.90,273.15,81.88,291.31,0.7436,-1,-1,-1
311,51,999.13,209.08,101.00,428.89,0.7597,-1,-1,-1
312,2,825.15,184.02,191.30,552.88,0.8292,-1,-1,-1
312,6,1308.99,165.02,156.06,647.28,0.8074,-1,-1,-1
312,38,163.97,6.70,400.08,1069.46,0.9187,-1,-1,-1
312,45,1103.13,160.62,240.19,721.60,0.8852,-1,-1,-1
312,48,774.58,271.97,81.27,293.65,0.7624,-1,-1,-1
312,51,999.78,205.79,101.83,434.06,0.7451,-1,-1,-1
313,2,818.56,183.92,197.20,555.62,0.8410,-1,-1,-1
313,6,1306.80,163.66,156.57,649.02,0.8349,-1,-1,-1
313,38,139.81,4.98,416.87,1064.97,0.9193,-1,-1,-1
313,45,1104.84,145.17,245.25,744.44,0.9039,-1,-1,-1
313,48,770.76,270.46,82.27,297.20,0.7449,-1,-1,-1
313,51,1000.73,207.81,101.96,436.52,0.7381,-1,-1,-1
314,2,816.18,184.53,195.86,553.92,0.8282,-1,-1,-1
314,6,1305.82,160.08,159.23,654.85,0.8444,-1,-1,-1
314,38,118.59,3.61,431.94,1068.52,0.9262,-1,-1,-1
314,45,1102.51,139.42,251.35,758.68,0.9016,-1,-1,-1
314,48,766.44,271.52,85.63,293.41,0.7468,-1,-1,-1
314,51,997.52,211.28,98.27,433.86,0.7384,-1,-1,-1
315,2,821.07,182.64,187.98,551.68,0.8238,-1,-1,-1
315,6,1313.20,156.93,152.68,643.64,0.8539,-1,-1,-1
315,38,85.81,2.05,455.53,1070.04,0.9281,-1,-1,-1
315,45,1106.90,132.14,249.79,787.54,0.8933,-1,-1,-1
315,48,765.06,269.57,84.69,296.60,0.7852,-1,-1,-1
315,51,994.81,217.63,105.24,421.23,0.7509,-1,-1,-1
316,2,818.76,183.38,189.97,553.00,0.8327,-1,-1,-1
316,6,1311.53,153.92,155.16,649.09,0.8472,-1,-1,-1
316,38,50.96,0.87,477.63,1070.73,0.9244,-1,-1,-1
316,45,1111.56,126.24,252.50,813.37,0.8758,-1,-1,-1
316,48,761.52,265.62,85.57,298.54,0.8011,-1,-1,-1
316,51,996.87,214.80,97.26,430.86,0.7438,-1,-1,-1
317,2,817.06,181.11,191.12,554.31,0.8487,-1,-1,-1
317,6,1319.00,149.22,145.86,659.05,0.8296,-1,-1,-1
317,38,20.49,2.88,497.18,1073.30,0.9127,-1,-1,-1
317,45,1112.30,115.27,261.38,837.59,0.8756,-1,-1,-1
317,48,761.58,263.51,84.97,299.52,0.8027,-1,-1,-1
317,51,993.21,215.99,98.98,428.40,0.7490,-1,-1,-1
318,2,818.82,181.46,187.80,549.43,0.8554,-1,-1,-1
318,6,1321.26,147.95,141.90,661.89,0.8408,-1,-1,-1
318,38,2.17,2.78,497.18,1069.05,0.9352,-1,-1,-1
318,45,1115.35,110.36,269.05,849.39,0.8675,-1,-1,-1
318,48,756.52,261.68,88.49,297.87,0.8060,-1,-1,-1
318,51,989.62,212.78,103.74,426.49,0.7453,-1,-1,-1
319,2,815.39,175.66,190.13,554.83,0.8724,-1,-1,-1
319,6,1325.21,144.09,137.68,661.59,0.7974,-1,-1,-1
319,38,-0.51,5.03,485.03,1065.56,0.9363,-1,-1,-1
319,45,1118.60,97.72,276.59,882.00,0.8563,-1,-1,-1
319,48,743.00,260.47,100.55,301.36,0.7687,-1,-1,-1
319,51,986.50,209.46,105.47,428.43,0.7701,-1,-1,-1
320,2,811.49,170.47,193.17,552.08,0.8588,-1,-1,-1
320,6,1335.99,138.58,128.42,665.94,0.7603,-1,-1,-1
320,38,-0.27,4.88,464.44,1064.98,0.9442,-1,-1,-1
320,45,1121.40,95.67,281.66,900.86,0.8739,-1,-1,-1
320,48,742.21,257.64,99.42,305.66,0.7760,-1,-1,-1
320,51,983.58,204.72,107.93,428.68,0.7800,-1,-1,-1
321,2,806.91,165.28,195.81,558.31,0.8603,-1,-1,-1
321,6,1341.08,133.77,126.78,665.01,0.6844,-1,-1,-1
321,38,-0.19,2.79,439.94,1067.58,0.9350,-1,-1,-1
321,45,1131.74,88.75,284.68,936.54,0.8599,-1,-1,-1
321,48,739.35,255.33,99.48,307.15,0.7511,-1,-1,-1
321,51,980.60,202.05,110.66,427.78,0.7954,-1,-1,-1
322,2,821.60,165.31,181.69,554.07,0.8672,-1,-1,-1
322,38,0.48,6.00,415.80,1063.89,0.9326,-1,-1,-1
322,45,1139.47,80.39,322.19,964.41,0.8698,-1,-1,-1
322,48,735.88,252.05,100.32,309.71,0.7627,-1,-1,-1
322,51,978.21,197.66,111.01,427.11,0.8071,-1,-1,-1
323,2,821.45,162.50,179.62,547.48,0.8679,-1,-1,-1
323,38,0.89,5.66,387.74,1059.37,0.9174,-1,-1,-1
323,45,1141.56,69.96,334.08,983.12,0.8946,-1,-1,-1
323,48,730.64,250.11,104.04,313.87,0.7614,-1,-1,-1
323,51,975.00,196.23,113.55,422.19,0.7988,-1,-1,-1
324,2,820.70,168.03,176.42,534.72,0.8714,-1,-1,-1
324,38,0.98,5.68,354.13,1062.37,0.9323,-1,-1,-1
324,45,1153.96,60.41,325.05,1007.40,0.9057,-1,-1,-1
324,48,727.60,251.21,102.38,317.00,0.7620,-1,-1,-1
324,51,973.98,195.39,113.63,421.91,0.7912,-1,-1,-1
325,2,828.86,165.79,168.17,539.30,0.8731,-1,-1,-1
325,38,1.43,7.08,318.38,1059.89,0.9180,-1,-1,-1
325,45,1161.23,49.29,322.12,1024.34,0.9014,-1,-1,-1
325,48,720.24,252.49,106.58,317.88,0.7679,-1,-1,-1
325,51,973.94,194.89,113.49,425.00,0.7898,-1,-1,-1
326,2,829.56,164.69,167.73,541.88,0.8596,-1,-1,-1
326,38,-4.35,7.63,318.36,1061.21,0.8383,-1,-1,-1
326,45,1166.11,30.67,329.06,1040.26,0.9037,-1,-1,-1
326,48,711.72,250.47,114.04,321.10,0.8044,-1,-1,-1
326,51,974.08,193.56,113.43,429.06,0.7917,-1,-1,-1
327,2,830.46,167.24,166.72,543.55,0.8588,-1,-1,-1
327,38,13.04,8.43,236.61,1061.54,0.7914,-1,-1,-1
327,45,1175.77,21.94,338.52,1050.29,0.8797,-1,-1,-1
327,48,710.86,252.48,112.94,321.10,0.8103,-1,-1,-1
327,51,974.62,195.44,111.91,429.71,0.8010,-1,-1,-1
328,2,831.41,167.76,165.62,544.31,0.8505,-1,-1,-1
328,38,22.27,9.13,180.61,1057.55,0.5432,-1,-1,-1
328,45,1180.42,10.23,360.60,1063.73,0.8862,-1,-1,-1
328,48,713.37,251.39,108.25,318.90,0.8148,-1,-1,-1
328,51,975.37,195.66,110.96,430.14,0.7968,-1,-1,-1
329,2,840.15,164.74,161.39,553.64,0.8470,-1,-1,-1
329,38,20.11,84.09,139.67,625.07,0.6082,-1,-1,-1
329,45,1193.04,4.00,367.90,1066.03,0.8879,-1,-1,-1
329,48,708.98,249.61,113.63,323.96,0.8112,-1,-1,-1
329,51,976.08,197.32,111.32,431.22,0.7773,-1,-1,-1
329,56,558.25,299.72,47.24,160.10,0.4015,-1,-1,-1
330,2,843.69,162.93,159.13,562.19,0.8480,-1,-1,-1
330,45,1212.08,2.43,367.35,1071.38,0.9027,-1,-1,-1
330,48,709.28,250.39,113.59,328.51,0.8103,-1,-1,-1
330,51,981.39,200.20,113.80,429.26,0.7864,-1,-1,-1
330,56,557.55,300.31,50.25,161.40,0.3655,-1,-1,-1
331,2,846.35,172.97,158.32,558.51,0.8283,-1,-1,-1
331,45,1227.93,1.00,387.09,1065.31,0.9053,-1,-1,-1
331,48,710.96,251.52,111.61,331.50,0.7927,-1,-1,-1
331,51,985.53,202.88,113.47,431.23,0.7895,-1,-1,-1
332,2,852.32,180.23,155.33,559.65,0.8326,-1,-1,-1
332,45,1241.78,1.27,396.36,1065.30,0.9074,-1,-1,-1
332,48,709.64,253.97,113.98,329.64,0.8177,-1,-1,-1
332,51,987.35,205.14,113.50,434.20,0.7767,-1,-1,-1
333,2,851.16,184.20,155.77,560.82,0.8342,-1,-1,-1
333,45,1263.19,1.40,404.54,1072.56,0.8986,-1,-1,-1
333,48,706.95,255.99,116.53,330.64,0.8162,-1,-1,-1
333,51,987.82,209.75,113.40,431.40,0.7654,-1,-1,-1
333,58,825.78,236.18,65.11,293.86,0.4481,-1,-1,-1
334,2,848.71,190.35,158.75,561.03,0.8281,-1,-1,-1
334,45,1268.35,4.61,431.61,1063.20,0.8802,-1,-1,-1
334,48,703.88,256.20,119.29,336.75,0.8239,-1,-1,-1
334,51,988.54,216.66,116.54,430.58,0.7868,-1,-1,-1
334,56,554.49,315.61,54.63,160.74,0.3376,-1,-1,-1
334,58,823.36,236.09,68.02,265.92,0.4497,-1,-1,-1
335,2,848.98,194.76,155.74,556.41,0.8273,-1,-1,-1
335,45,1269.97,2.68,468.87,1064.27,0.8816,-1,-1,-1
335,48,702.17,257.56,119.82,339.24,0.8354,-1,-1,-1
335,51,991.56,220.89,115.32,430.94,0.7874,-1,-1,-1
335,58,823.42,239.89,67.32,328.08,0.4020,-1,-1,-1
336,2,845.27,195.48,156.67,560.42,0.8166,-1,-1,-1
336,45,1314.49,3.19,471.80,1067.51,0.8630,-1,-1,-1
336,48,699.70,260.49,119.78,338.71,0.8277,-1,-1,-1
336,51,988.03,222.38,119.83,434.41,0.7733,-1,-1,-1
336,58,818.85,238.44,69.84,326.91,0.4089,-1,-1,-1
337,2,842.07,197.50,159.20,557.82,0.8060,-1,-1,-1
337,45,1329.18,3.05,518.58,1072.88,0.8613,-1,-1,-1
337,48,693.16,259.42,121.32,347.98,0.8258,-1,-1,-1
337,51,983.15,224.33,118.28,434.23,0.7440,-1,-1,-1
337,58,815.32,236.37,71.13,341.82,0.3180,-1,-1,-1
337,59,1243.58,166.64,191.79,639.57,0.8166,-1,-1,-1
338,2,832.19,198.39,166.88,557.68,0.8051,-1,-1,-1
338,45,1294.64,3.42,605.24,1070.01,0.8667,-1,-1,-1
338,48,688.50,265.78,122.58,345.11,0.8236,-1,-1,-1
338,51,979.97,227.81,125.18,438.26,0.7653,-1,-1,-1
338,58,811.31,241.03,70.68,368.17,0.4704,-1,-1,-1
338,59,1234.25,165.88,203.50,665.15,0.7975,-1,-1,-1
339,2,826.50,190.39,171.31,553.96,0.8117,-1,-1,-1
339,45,1300.15,4.38,606.08,1063.93,0.8687,-1,-1,-1
339,48,685.06,267.78,122.96,351.63,0.8342,-1,-1,-1
339,51,978.48,230.33,123.84,437.72,0.7799,-1,-1,-1
339,58,810.08,247.14,68.24,371.30,0.5074,-1,-1,-1
339,59,1234.42,163.52,200.88,694.33,0.7663,-1,-1,-1
340,2,822.21,189.00,175.39,548.96,0.8297,-1,-1,-1
340,45,1306.06,4.27,613.57,1064.34,0.9069,-1,-1,-1
340,48,682.94,268.35,121.10,352.40,0.8165,-1,-1,-1
340,51,978.57,229.21,124.13,438.12,0.7768,-1,-1,-1
340,58,806.39,247.61,70.96,369.65,0.5405,-1,-1,-1
340,59,1237.32,168.81,180.91,685.62,0.7245,-1,-1,-1
341,2,823.02,189.43,175.25,546.64,0.8322,-1,-1,-1
341,45,1314.73,0.95,605.05,1067.00,0.7943,-1,-1,-1
341,48,679.75,267.12,121.74,357.18,0.8112,-1,-1,-1
341,51,982.59,226.16,124.06,440.10,0.7800,-1,-1,-1
341,58,802.58,245.49,73.58,373.59,0.5487,-1,-1,-1
341,59,1234.92,159.66,214.56,703.27,0.8385,-1,-1,-1
342,2,815.70,188.14,183.64,548.71,0.8410,-1,-1,-1
342,45,1326.58,-0.86,591.47,1070.03,0.7249,-1,-1,-1
342,48,673.28,261.31,126.93,364.81,0.8047,-1,-1,-1
342,51,984.04,225.07,121.50,439.42,0.7763,-1,-1,-1
342,58,801.51,241.73,72.44,374.36,0.4378,-1,-1,-1
342,59,1234.31,161.66,211.98,693.76,0.8682,-1,-1,-1
343,2,811.27,190.48,186.83,547.60,0.8416,-1,-1,-1
343,6,1231.35,160.42,213.87,692.58,0.8766,-1,-1,-1
343,45,1338.28,-0.01,580.49,1063.69,0.8409,-1,-1,-1
343,48,668.84,256.85,126.26,367.73,0.8083,-1,-1,-1
343,51,979.14,224.64,127.66,438.61,0.7748,-1,-1,-1
343,56,524.96,323.12,62.07,171.98,0.3128,-1,-1,-1
343,58,784.69,238.17,83.70,377.87,0.4868,-1,-1,-1
344,2,810.91,186.75,186.47,554.27,0.8395,-1,-1,-1
344,6,1227.15,158.76,213.17,699.50,0.8709,-1,-1,-1
344,45,1371.16,-1.19,545.80,1065.97,0.6158,-1,-1,-1
344,48,663.99,257.43,125.47,365.46,0.8233,-1,-1,-1
344,51,979.68,223.29,125.16,438.65,0.7764,-1,-1,-1
344,58,784.98,237.19,79.56,393.28,0.5832,-1,-1,-1
345,2,804.41,186.25,191.42,557.27,0.8207,-1,-1,-1
345,6,1222.00,145.31,224.14,711.46,0.8771,-1,-1,-1
345,48,660.55,254.34,123.98,372.40,0.8165,-1,-1,-1
345,51,981.96,222.05,123.47,432.53,0.7704,-1,-1,-1
345,58,782.52,234.57,78.75,396.91,0.5976,-1,-1,-1
346,2,796.49,187.36,193.37,556.93,0.8373,-1,-1,-1
346,6,1211.20,145.10,243.25,713.79,0.8884,-1,-1,-1
346,48,655.38,249.85,124.20,372.41,0.8278,-1,-1,-1
346,51,970.03,215.73,133.93,432.46,0.7825,-1,-1,-1
346,58,775.18,232.29,80.93,393.09,0.5097,-1,-1,-1
347,2,798.23,188.84,185.53,555.51,0.8246,-1,-1,-1
347,6,1198.14,146.71,251.99,707.97,0.8844,-1,-1,-1
347,48,645.78,248.22,125.88,373.54,0.8122,-1,-1,-1
347,51,967.64,216.00,130.01,430.40,0.7904,-1,-1,-1
347,58,767.30,232.04,87.02,389.36,0.5971,-1,-1,-1
347,60,1506.33,8.43,412.69,929.71,0.7919,-1,-1,-1
348,2,800.48,190.22,183.17,553.95,0.8372,-1,-1,-1
348,6,1193.90,142.77,255.13,706.91,0.8905,-1,-1,-1
348,48,637.66,244.59,128.16,378.40,0.8083,-1,-1,-1
348,51,965.26,215.28,129.77,428.76,0.7690,-1,-1,-1
348,58,760.03,229.85,90.50,398.77,0.6798,-1,-1,-1
348,60,1574.17,21.31,345.14,928.66,0.8337,-1,-1,-1
349,2,800.07,190.22,183.45,554.89,0.8326,-1,-1,-1
349,6,1185.60,142.01,258.24,695.07,0.8941,-1,-1,-1
349,48,629.20,236.18,132.23,390.81,0.8216,-1,-1,-1
349,51,960.96,214.47,132.93,430.00,0.7864,-1,-1,-1
349,56,487.91,302.53,55.58,176.49,0.3406,-1,-1,-1
349,58,760.01,225.53,88.38,404.15,0.6880,-1,-1,-1
349,60,1644.35,58.21,276.58,822.27,0.6176,-1,-1,-1
350,2,798.24,191.95,183.78,549.66,0.8526,-1,-1,-1
350,6,1178.78,142.55,260.91,691.50,0.9023,-1,-1,-1
350,48,622.82,235.38,133.06,390.43,0.8169,-1,-1,-1
350,51,962.71,216.49,126.78,430.15,0.7827,-1,-1,-1
350,56,482.77,307.95,59.19,174.55,0.3172,-1,-1,-1
350,58,755.15,224.05,92.64,409.19,0.7421,-1,-1,-1
350,60,1730.05,241.67,202.24,485.92,0.3236,-1,-1,-1
351,2,795.75,191.53,186.64,546.31,0.8546,-1,-1,-1
351,6,1170.17,143.61,265.86,693.01,0.9032,-1,-1,-1
351,48,618.68,237.79,133.17,394.20,0.8098,-1,-1,-1
351,51,967.02,216.72,118.39,431.44,0.7628,-1,-1,-1
351,56,477.81,302.32,56.48,181.19,0.3557,-1,-1,-1
351,58,750.98,220.94,92.79,414.54,0.7205,-1,-1,-1
351,64,1087.71,328.65,68.21,182.09,0.4743,-1,-1,-1
352,2,801.00,190.26,180.66,548.46,0.8531,-1,-1,-1
352,6,1163.41,143.35,271.58,698.58,0.9019,-1,-1,-1
352,48,612.15,235.84,134.08,398.00,0.8205,-1,-1,-1
352,51,961.25,216.88,121.41,434.96,0.7865,-1,-1,-1
352,58,742.86,218.40,98.19,420.71,0.7637,-1,-1,-1
352,64,1080.79,328.44,68.63,182.98,0.4206,-1,-1,-1
353,2,802.32,188.66,181.36,550.03,0.8543,-1,-1,-1
353,6,1158.65,142.75,269.15,702.83,0.9062,-1,-1,-1
353,48,607.93,229.34,129.95,403.14,0.8318,-1,-1,-1
353,51,959.44,216.25,119.19,432.73,0.7815,-1,-1,-1
353,58,735.87,212.24,101.49,428.08,0.7589,-1,-1,-1
354,2,797.95,191.31,180.11,538.95,0.8786,-1,-1,-1
354,6,1151.53,143.54,269.47,708.39,0.9091,-1,-1,-1
354,48,595.13,228.62,136.40,402.76,0.8403,-1,-1,-1
354,51,959.60,217.97,113.59,430.86,0.8014,-1,-1,-1
354,58,727.31,211.98,108.65,430.89,0.7819,-1,-1,-1
354,64,1053.89,321.42,75.92,185.37,0.4925,-1,-1,-1
355,2,797.51,189.65,175.90,533.59,0.8716,-1,-1,-1
355,6,1146.72,143.77,272.34,711.06,0.9114,-1,-1,-1
355,48,588.55,229.52,132.11,405.57,0.8504,-1,-1,-1
355,51,952.03,219.52,112.52,429.24,0.8027,-1,-1,-1
355,58,717.35,207.77,115.95,439.13,0.7994,-1,-1,-1
355,64,1046.01,318.28,79.36,187.99,0.6032,-1,-1,-1
356,2,795.87,186.80,174.52,530.33,0.8466,-1,-1,-1
356,6,1138.67,142.23,277.80,713.40,0.9122,-1,-1,-1
356,48,572.20,224.86,142.19,412.68,0.7325,-1,-1,-1
356,51,945.13,220.18,112.90,429.64,0.7970,-1,-1,-1
356,58,713.40,207.00,110.81,441.63,0.7955,-1,-1,-1
356,64,1039.92,315.83,74.98,189.17,0.4214,-1,-1,-1
357,2,794.60,188.59,171.57,525.91,0.8535,-1,-1,-1
357,6,1137.71,140.75,271.68,716.99,0.9101,-1,-1,-1
357,48,568.67,224.01,135.59,417.46,0.8210,-1,-1,-1
357,51,940.06,215.48,110.73,432.11,0.7734,-1,-1,-1
357,56,432.91,293.93,61.32,187.03,0.3282,-1,-1,-1
357,58,698.18,203.84,119.80,447.80,0.8155,-1,-1,-1
357,64,1037.03,323.33,64.28,182.77,0.5086,-1,-1,-1
358,2,786.20,183.82,171.05,538.50,0.8456,-1,-1,-1
358,6,1129.54,141.64,275.16,719.18,0.9096,-1,-1,-1
358,48,554.88,220.67,137.97,415.24,0.8382,-1,-1,-1
358,51,937.62,215.54,107.42,435.99,0.7533,-1,-1,-1
358,56,420.75,294.12,59.72,188.15,0.4934,-1,-1,-1
358,58,684.40,198.68,126.55,453.83,0.8257,-1,-1,-1
358,64,1025.42,319.09,67.31,182.91,0.6303,-1,-1,-1
359,2,788.35,181.03,162.02,540.72,0.8553,-1,-1,-1
359,6,1122.70,140.81,277.85,720.31,0.9081,-1,-1,-1
359,48,538.78,222.34,141.94,420.53,0.8263,-1,-1,-1
359,51,924.21,216.72,111.09,439.19,0.7785,-1,-1,-1
359,58,671.85,194.87,137.47,451.80,0.7879,-1,-1,-1
359,64,1016.15,314.42,69.58,189.59,0.4342,-1,-1,-1
360,2,780.76,178.76,163.58,546.40,0.8693,-1,-1,-1
360,6,1117.19,140.43,276.40,724.33,0.9103,-1,-1,-1
360,48,525.41,220.47,146.03,428.58,0.8213,-1,-1,-1
360,51,917.67,214.04,108.39,443.60,0.8035,-1,-1,-1
360,56,401.93,297.52,55.14,182.11,0.3142,-1,-1,-1
360,58,657.70,193.53,141.43,458.71,0.8506,-1,-1,-1
360,64,1005.78,316.04,69.87,187.84,0.5750,-1,-1,-1
361,2,773.49,179.24,163.69,546.22,0.8703,-1,-1,-1
361,6,1112.77,140.97,274.32,726.54,0.9074,-1,-1,-1
361,48,510.84,218.84,147.46,431.30,0.8109,-1,-1,-1
361,51,913.51,214.66,104.20,444.72,0.8197,-1,-1,-1
361,56,391.86,294.37,55.79,187.30,0.4509,-1,-1,-1
361,58,651.90,190.65,140.17,468.06,0.8320,-1,-1,-1
361,64,994.82,313.75,73.81,191.04,0.6070,-1,-1,-1
362,2,768.90,180.80,161.20,552.31,0.8696,-1,-1,-1
362,6,1108.64,141.12,271.88,724.82,0.9081,-1,-1,-1
362,48,492.05,223.51,152.45,430.62,0.8175,-1,-1,-1
362,51,905.80,216.43,103.56,439.46,0.7835,-1,-1,-1
362,56,383.22,298.97,54.91,188.75,0.3397,-1,-1,-1
362,58,632.69,192.17,153.27,465.13,0.8563,-1,-1,-1
362,64,989.78,319.08,74.22,186.50,0.6265,-1,-1,-1
363,2,764.28,185.31,158.46,548.58,0.8489,-1,-1,-1
363,6,1103.54,139.93,272.92,734.96,0.9080,-1,-1,-1
363,48,481.32,222.50,152.63,444.98,0.7931,-1,-1,-1
363,51,900.30,212.24,99.26,441.63,0.7349,-1,-1,-1
363,58,617.32,192.46,160.28,469.50,0.8522,-1,-1,-1
363,64,983.24,320.44,74.10,190.41,0.5420,-1,-1,-1
364,2,763.61,190.97,153.28,549.78,0.8128,-1,-1,-1
364,6,1103.32,136.73,270.53,736.89,0.9066,-1,-1,-1
364,48,463.59,218.72,161.04,458.14,0.7916,-1,-1,-1
364,51,897.27,210.26,97.70,440.98,0.7013,-1,-1,-1
364,58,605.28,189.58,169.06,480.90,0.8518,-1,-1,-1
364,64,972.48,312.27,79.91,197.40,0.5648,-1,-1,-1
365,2,762.64,193.93,157.31,548.01,0.8135,-1,-1,-1
365,6,1103.01,136.41,268.95,737.43,0.8993,-1,-1,-1
365,48,434.06,221.68,186.88,458.71,0.8290,-1,-1,-1
365,51,895.96,209.29,92.49,446.66,0.6420,-1,-1,-1
365,58,589.17,192.12,183.32,483.80,0.8248,-1,-1,-1
365,64,967.94,316.52,81.88,195.78,0.5230,-1,-1,-1
366,2,760.22,200.56,153.85,542.82,0.8147,-1,-1,-1
366,6,1100.69,138.38,267.23,729.12,0.9022,-1,-1,-1
366,48,442.14,222.39,169.87,461.46,0.8047,-1,-1,-1
366,51,894.22,212.55,88.99,440.02,0.6736,-1,-1,-1
366,56,357.69,304.30,61.85,188.61,0.3820,-1,-1,-1
366,58,587.49,197.74,180.73,481.57,0.8613,-1,-1,-1
366,64,963.91,322.57,83.84,193.31,0.4406,-1,-1,-1
367,2,759.71,198.46,152.80,543.63,0.8245,-1,-1,-1
367,6,1100.52,135.42,268.06,723.93,0.9027,-1,-1,-1
367,48,437.23,222.31,165.72,466.27,0.7961,-1,-1,-1
367,51,893.92,207.76,87.17,440.56,0.6700,-1,-1,-1
367,56,355.13,308.71,68.28,185.75,0.3069,-1,-1,-1
367,58,591.86,193.09,175.36,490.40,0.8712,-1,-1,-1
367,64,964.57,312.22,81.21,199.06,0.4089,-1,-1,-1
368,2,759.13,197.71,154.87,546.12,0.8273,-1,-1,-1
368,6,1100.10,133.34,267.71,720.06,0.9023,-1,-1,-1
368,48,433.59,220.66,173.62,472.05,0.8180,-1,-1,-1
368,51,894.01,206.31,84.90,436.42,0.6240,-1,-1,-1
368,58,594.50,192.72,169.22,500.38,0.8601,-1,-1,-1
368,64,958.98,309.08,83.10,199.46,0.4082,-1,-1,-1
369,2,758.34,194.45,161.74,547.50,0.8538,-1,-1,-1
369,6,1103.28,133.59,264.88,714.31,0.9053,-1,-1,-1
369,48,427.34,220.59,172.44,473.26,0.8271,-1,-1,-1
369,51,894.97,203.82,83.80,437.62,0.5820,-1,-1,-1
369,58,591.93,190.63,166.59,506.29,0.8629,-1,-1,-1
369,64,959.48,315.41,85.68,196.85,0.4774,-1,-1,-1
370,2,758.11,193.32,165.64,539.89,0.8226,-1,-1,-1
370,6,1104.18,132.91,263.92,716.49,0.9057,-1,-1,-1
370,48,423.10,221.72,173.41,475.11,0.8256,-1,-1,-1
370,51,895.31,205.75,84.75,437.93,0.6350,-1,-1,-1
370,58,587.10,193.43,166.00,509.26,0.8553,-1,-1,-1
371,2,757.13,195.55,166.59,537.56,0.8487,-1,-1,-1
371,6,1106.39,133.36,259.95,722.23,0.9058,-1,-1,-1
371,48,419.23,223.89,177.42,478.51,0.8530,-1,-1,-1
371,51,897.48,207.89,84.54,440.78,0.6904,-1,-1,-1
371,58,584.18,195.31,166.55,517.46,0.8636,-1,-1,-1
372,2,761.31,194.94,163.76,539.60,0.8480,-1,-1,-1
372,6,1111.47,132.80,255.12,729.02,0.9057,-1,-1,-1
372,48,416.85,223.88,177.69,480.49,0.8712,-1,-1,-1
372,51,901.39,209.02,81.53,442.91,0.6808,-1,-1,-1
372,58,579.62,193.25,169.83,525.10,0.8649,-1,-1,-1
372,64,964.15,317.73,78.32,196.10,0.4479,-1,-1,-1
373,2,760.83,198.50,167.49,539.19,0.8569,-1,-1,-1
373,6,1113.00,137.60,253.90,731.04,0.8972,-1,-1,-1
373,48,413.84,225.67,176.51,482.35,0.8658,-1,-1,-1
373,51,901.41,210.04,81.51,438.87,0.6623,-1,-1,-1
373,58,573.00,192.85,175.74,528.67,0.8677,-1,-1,-1
373,64,965.72,323.50,82.66,194.95,0.4451,-1,-1,-1
374,2,762.42,197.33,168.51,541.15,0.8473,-1,-1,-1
374,6,1115.15,139.64,250.55,737.31,0.8924,-1,-1,-1
374,48,409.09,225.45,175.39,487.47,0.8637,-1,-1,-1
374,51,902.77,210.28,85.77,444.50,0.6742,-1,-1,-1
374,58,567.13,190.78,179.93,532.30,0.8709,-1,-1,-1
374,64,967.22,328.48,84.02,191.93,0.4818,-1,-1,-1
375,2,765.50,200.91,166.52,544.59,0.8542,-1,-1,-1
375,6,1118.46,140.88,245.83,742.97,0.8947,-1,-1,-1
375,48,402.98,229.99,174.11,487.72,0.8468,-1,-1,-1
375,51,906.71,210.72,81.93,447.26,0.6609,-1,-1,-1
375,58,559.20,190.98,189.14,542.61,0.8769,-1,-1,-1
375,64,967.26,330.38,81.16,195.60,0.5216,-1,-1,-1
376,2,769.40,203.64,164.14,548.05,0.8528,-1,-1,-1
376,6,1121.53,143.09,239.07,748.79,0.8952,-1,-1,-1
376,48,395.25,229.02,172.02,502.52,0.8513,-1,-1,-1
376,51,908.65,219.42,81.89,447.34,0.6486,-1,-1,-1
376,58,557.57,190.97,189.45,550.01,0.8625,-1,-1,-1
376,64,968.11,318.91,82.95,208.99,0.3927,-1,-1,-1
377,2,773.65,206.60,161.79,550.20,0.8859,-1,-1,-1
377,6,1121.13,152.90,239.53,747.07,0.8950,-1,-1,-1
377,48,393.98,224.39,171.37,517.28,0.8409,-1,-1,-1
377,51,913.83,223.82,76.51,446.81,0.7020,-1,-1,-1
377,58,548.99,187.38,196.31,553.17,0.8650,-1,-1,-1
377,64,971.76,336.97,82.47,197.89,0.4275,-1,-1,-1
378,2,781.72,212.11,156.79,547.27,0.8389,-1,-1,-1
378,6,1122.74,157.40,238.86,748.15,0.8988,-1,-1,-1
378,48,388.04,219.82,172.43,527.96,0.8226,-1,-1,-1
378,51,915.64,232.04,77.78,438.73,0.7253,-1,-1,-1
378,58,543.03,187.18,202.23,554.06,0.8593,-1,-1,-1
378,64,974.32,339.05,81.49,197.76,0.3580,-1,-1,-1
379,2,779.35,214.73,161.25,552.98,0.8407,-1,-1,-1
379,6,1123.80,156.74,236.96,755.65,0.8962,-1,-1,-1
379,48,386.44,220.66,166.49,535.34,0.8023,-1,-1,-1
379,51,917.76,236.16,76.35,435.30,0.6468,-1,-1,-1
379,58,536.24,190.15,207.16,560.14,0.8640,-1,-1,-1
379,64,972.25,338.24,83.35,201.54,0.4153,-1,-1,-1
379,68,737.32,318.72,51.58,197.35,0.4666,-1,-1,-1
380,2,783.80,217.46,159.19,548.72,0.8447,-1,-1,-1
380,6,1123.62,159.15,235.97,757.01,0.8913,-1,-1,-1
380,48,375.99,215.04,175.50,549.16,0.8125,-1,-1,-1
380,51,915.30,239.43,82.33,433.73,0.7157,-1,-1,-1
380,58,533.18,187.88,208.43,569.06,0.8709,-1,-1,-1
380,64,978.60,346.26,79.52,196.15,0.3368,-1,-1,-1
380,68,736.89,316.80,57.52,203.45,0.5992,-1,-1,-1
381,2,784.12,220.80,160.75,547.69,0.8392,-1,-1,-1
381,6,1120.48,157.68,235.86,754.95,0.8836,-1,-1,-1
381,48,375.00,212.02,174.67,558.76,0.8109,-1,-1,-1
381,51,916.27,243.06,81.50,432.73,0.7359,-1,-1,-1
381,58,522.48,183.98,214.12,579.48,0.8745,-1,-1,-1
381,64,981.13,342.97,77.81,198.94,0.3933,-1,-1,-1
381,68,735.09,316.14,59.55,210.80,0.6479,-1,-1,-1
382,2,784.50,219.59,159.69,544.81,0.8466,-1,-1,-1
382,6,1118.16,155.79,233.58,760.80,0.8809,-1,-1,-1
382,48,371.54,210.24,178.93,568.08,0.8097,-1,-1,-1
382,51,919.02,243.73,83.53,435.34,0.7014,-1,-1,-1
382,58,522.31,182.43,213.68,591.05,0.8719,-1,-1,-1
382,64,982.96,353.00,76.74,190.66,0.4968,-1,-1,-1
382,68,732.86,316.63,61.38,212.86,0.6499,-1,-1,-1
383,2,785.40,217.81,160.02,541.55,0.8410,-1,-1,-1
383,6,1112.31,154.05,234.72,761.90,0.8807,-1,-1,-1
383,48,364.88,207.96,177.32,569.63,0.8214,-1,-1,-1
383,51,920.65,241.03,84.30,438.53,0.6831,-1,-1,-1
383,58,513.04,179.98,221.44,601.84,0.8766,-1,-1,-1
383,64,984.20,353.94,73.86,189.63,0.4693,-1,-1,-1
383,68,731.80,318.00,60.45,208.59,0.6420,-1,-1,-1
384,2,786.04,217.34,162.17,540.48,0.8468,-1,-1,-1
384,6,1109.15,151.96,236.34,767.08,0.8834,-1,-1,-1
384,48,356.03,207.27,182.18,571.57,0.8233,-1,-1,-1
384,51,920.52,244.51,99.10,435.84,0.5743,-1,-1,-1
384,58,506.62,177.98,223.23,607.95,0.8648,-1,-1,-1
384,68,727.88,320.38,62.26,210.29,0.6527,-1,-1,-1
385,2,784.98,217.00,164.81,544.37,0.8421,-1,-1,-1
385,6,1105.78,156.24,242.08,760.52,0.8836,-1,-1,-1
385,48,347.22,210.64,190.72,571.99,0.8393,-1,-1,-1
385,51,918.81,245.67,102.57,435.53,0.6018,-1,-1,-1
385,58,506.99,176.17,221.34,617.19,0.8602,-1,-1,-1
385,68,726.52,321.86,64.73,212.33,0.6964,-1,-1,-1
386,2,780.00,214.77,170.35,533.07,0.8175,-1,-1,-1
386,6,1094.73,156.48,255.85,755.80,0.8874,-1,-1,-1
386,48,340.65,209.04,185.28,569.99,0.8332,-1,-1,-1
386,51,920.95,243.83,87.97,428.12,0.5449,-1,-1,-1
386,58,493.06,174.23,233.72,621.38,0.8638,-1,-1,-1
386,64,977.88,350.55,76.09,196.47,0.3380,-1,-1,-1
386,68,727.74,320.02,60.94,209.93,0.6590,-1,-1,-1
387,2,776.99,213.64,170.71,531.07,0.8362,-1,-1,-1
387,6,1084.49,156.83,266.44,749.12,0.8935,-1,-1,-1
387,48,331.40,201.41,188.09,585.91,0.8386,-1,-1,-1
387,51,918.80,244.85,80.63,430.59,0.6180,-1,-1,-1
387,58,484.75,169.30,237.29,632.18,0.8618,-1,-1,-1
387,64,978.10,349.83,76.33,197.79,0.3534,-1,-1,-1
387,68,721.56,317.78,65.65,212.11,0.6777,-1,-1,-1
388,2,777.70,211.61,171.27,532.21,0.8344,-1,-1,-1
388,6,1083.23,158.96,268.65,743.88,0.8875,-1,-1,-1
388,48,320.86,192.51,191.44,597.97,0.8473,-1,-1,-1
388,51,917.81,240.27,85.20,434.15,0.5092,-1,-1,-1
388,58,479.25,167.00,236.87,649.95,0.8643,-1,-1,-1
388,64,976.28,348.27,76.24,199.45,0.3804,-1,-1,-1
388,68,718.48,317.31,68.46,210.51,0.7096,-1,-1,-1
389,2,779.03,209.01,164.57,539.20,0.8425,-1,-1,-1
389,6,1082.86,157.32,268.82,748.43,0.8912,-1,-1,-1
389,48,315.35,184.95,190.27,606.12,0.8410,-1,-1,-1
389,51,916.17,242.41,83.39,434.26,0.5924,-1,-1,-1
389,58,479.06,161.56,233.97,659.24,0.8636,-1,-1,-1
389,64,975.12,330.16,79.83,218.90,0.3132,-1,-1,-1
389,68,717.69,316.79,68.47,212.45,0.6895,-1,-1,-1
390,2,777.50,210.33,163.09,541.29,0.8473,-1,-1,-1
390,6,1078.17,156.74,275.58,751.56,0.8852,-1,-1,-1
390,48,305.68,183.77,197.92,608.64,0.8351,-1,-1,-1
390,51,914.83,241.94,80.95,433.40,0.6596,-1,-1,-1
390,58,478.90,155.43,233.59,670.23,0.8716,-1,-1,-1
390,64,976.62,338.08,79.28,214.69,0.3829,-1,-1,-1
390,68,715.57,316.86,71.64,213.03,0.7297,-1,-1,-1
391,2,772.13,209.96,164.71,544.07,0.8497,-1,-1,-1
391,6,1066.96,157.59,286.75,756.89,0.8882,-1,-1,-1
391,48,293.94,181.23,202.52,613.57,0.8369,-1,-1,-1
391,51,910.49,236.82,84.58,437.52,0.6521,-1,-1,-1
391,58,476.95,148.53,236.23,679.16,0.8719,-1,-1,-1
391,64,977.23,343.22,73.79,209.26,0.6001,-1,-1,-1
391,68,711.15,316.42,74.87,213.40,0.7366,-1,-1,-1
392,2,770.64,211.87,163.31,547.33,0.8335,-1,-1,-1
392,6,1061.20,156.79,291.23,767.45,0.8942,-1,-1,-1
392,48,286.64,175.00,202.49,626.66,0.8498,-1,-1,-1
392,51,908.25,235.03,82.32,440.41,0.6606,-1,-1,-1
392,58,476.94,142.99,233.46,689.96,0.8750,-1,-1,-1
392,64,977.38,334.32,72.74,216.48,0.4818,-1,-1,-1
392,68,707.59,314.41,77.89,215.18,0.7612,-1,-1,-1
393,2,768.91,219.81,166.57,537.35,0.8213,-1,-1,-1
393,6,1058.52,157.11,293.76,770.83,0.8968,-1,-1,-1
393,48,271.33,171.59,211.03,634.34,0.8570,-1,-1,-1
393,51,905.65,238.87,84.82,436.44,0.6173,-1,-1,-1
393,58,473.68,139.26,231.88,695.72,0.8784,-1,-1,-1
393,64,974.18,329.76,75.22,220.31,0.5626,-1,-1,-1
393,68,706.70,313.92,77.62,217.17,0.7595,-1,-1,-1
394,2,767.09,219.84,161.07,538.23,0.8076,-1,-1,-1
394,6,1057.12,156.64,293.89,772.82,0.9046,-1,-1,-1
394,48,258.77,163.85,219.21,643.97,0.8638,-1,-1,-1
394,51,904.98,234.37,81.14,435.54,0.6198,-1,-1,-1
394,58,465.40,132.82,235.29,704.46,0.8821,-1,-1,-1
394,64,972.09,330.48,77.50,219.57,0.6046,-1,-1,-1
394,68,702.99,313.63,78.38,215.58,0.7511,-1,-1,-1
395,2,760.14,220.51,164.54,539.16,0.8036,-1,-1,-1
395,6,1053.45,156.15,296.63,777.86,0.9004,-1,-1,-1
395,48,221.01,159.68,248.76,648.20,0.8654,-1,-1,-1
395,51,901.02,232.06,81.35,437.21,0.6269,-1,-1,-1
395,58,461.79,126.23,232.93,715.02,0.8771,-1,-1,-1
395,64,970.26,342.52,73.34,206.41,0.6174,-1,-1,-1
395,68,701.10,311.28,77.64,217.59,0.7430,-1,-1,-1
396,2,758.83,222.91,161.58,534.02,0.8090,-1,-1,-1
396,6,1052.26,156.22,299.36,777.90,0.8991,-1,-1,-1
396,48,225.10,157.25,229.23,662.15,0.8677,-1,-1,-1
396,51,899.59,237.17,81.48,432.81,0.6875,-1,-1,-1
396,58,454.30,116.07,236.89,727.49,0.8803,-1,-1,-1
396,64,968.95,338.74,73.31,209.35,0.6421,-1,-1,-1
396,68,697.50,309.02,77.38,218.57,0.7346,-1,-1,-1
396,70,1027.87,378.41,44.47,170.21,0.3488,-1,-1,-1
397,2,756.44,221.74,159.21,530.73,0.8138,-1,-1,-1
397,6,1052.17,156.07,297.98,779.71,0.8980,-1,-1,-1
397,48,191.95,156.69,257.32,667.09,0.8703,-1,-1,-1
397,51,896.49,238.79,81.86,428.58,0.6887,-1,-1,-1
397,58,443.52,109.07,243.37,737.27,0.8861,-1,-1,-1
397,64,967.64,337.08,75.94,209.86,0.6278,-1,-1,-1
397,68,696.11,309.29,73.11,220.08,0.7447,-1,-1,-1
398,2,751.16,217.49,159.26,538.17,0.8314,-1,-1,-1
398,6,1051.73,156.23,295.16,781.02,0.8983,-1,-1,-1
398,48,168.38,147.34,275.07,689.41,0.8857,-1,-1,-1
398,51,893.68,238.96,83.13,430.15,0.6814,-1,-1,-1
398,58,433.35,101.01,251.17,747.91,0.8952,-1,-1,-1
398,64,967.99,339.11,75.87,207.68,0.6037,-1,-1,-1
398,68,693.32,306.92,70.72,221.71,0.7578,-1,-1,-1
399,2,746.10,215.06,158.53,538.35,0.8551,-1,-1,-1
399,6,1052.60,155.35,292.07,785.11,0.8964,-1,-1,-1
399,48,133.13,143.74,295.05,700.26,0.8967,-1,-1,-1
399,51,886.72,238.25,89.28,430.91,0.7181,-1,-1,-1
399,58,425.92,93.29,255.05,756.82,0.8931,-1,-1,-1
399,64,967.27,335.78,75.78,211.22,0.6219,-1,-1,-1
399,68,691.53,303.97,67.72,224.88,0.7866,-1,-1,-1
400,2,738.92,216.05,159.61,529.07,0.8431,-1,-1,-1
400,6,1052.00,154.76,291.73,788.49,0.8989,-1,-1,-1
400,48,125.46,141.57,293.00,705.30,0.8944,-1,-1,-1
400,51,880.17,238.79,92.95,431.88,0.7512,-1,-1,-1
400,58,418.10,90.35,265.44,763.43,0.8946,-1,-1,-1
400,64,964.87,329.06,83.06,218.86,0.5422,-1,-1,-1
400,68,690.97,305.32,65.68,222.80,0.7739,-1,-1,-1
401,2,728.82,216.09,165.61,517.26,0.8636,-1,-1,-1
401,6,1053.15,154.51,287.86,782.11,0.8997,-1,-1,-1
401,48,116.91,140.35,290.21,719.22,0.8956,-1,-1,-1
401,51,876.97,234.35,93.90,440.15,0.7815,-1,-1,-1
401,58,412.46,84.96,272.00,775.39,0.8992,-1,-1,-1
401,64,964.79,329.84,84.37,217.82,0.6045,-1,-1,-1
401,68,687.16,303.96,65.53,223.29,0.7248,-1,-1,-1
402,2,727.13,212.44,165.80,520.48,0.8794,-1,-1,-1
402,6,1056.31,148.06,282.30,792.56,0.8973,-1,-1,-1
402,48,114.78,136.49,283.05,728.10,0.8979,-1,-1,-1
402,51,873.87,235.20,97.81,439.10,0.8049,-1,-1,-1
402,58,405.60,80.53,278.86,794.09,0.8986,-1,-1,-1
402,64,966.01,330.49,79.48,216.10,0.6070,-1,-1,-1
402,68,687.16,302.52,62.75,225.50,0.5678,-1,-1,-1
403,2,725.19,211.98,165.65,522.61,0.8769,-1,-1,-1
403,6,1059.83,149.55,278.72,797.46,0.8966,-1,-1,-1
403,48,106.29,135.43,277.96,750.89,0.8964,-1,-1,-1
403,51,872.99,236.65,97.69,438.47,0.8047,-1,-1,-1
403,58,397.49,75.61,287.14,818.97,0.9080,-1,-1,-1
403,64,969.40,342.57,75.99,204.64,0.5807,-1,-1,-1
403,68,686.95,303.32,62.35,228.23,0.5820,-1,-1,-1
404,2,722.95,212.19,166.55,525.42,0.8641,-1,-1,-1
404,6,1065.03,148.97,281.66,794.86,0.8900,-1,-1,-1
404,48,94.05,131.48,279.40,773.05,0.9013,-1,-1,-1
404,51,873.09,237.13,98.82,444.76,0.8012,-1,-1,-1
404,58,387.91,74.49,293.59,840.89,0.9093,-1,-1,-1
404,64,970.22,338.75,78.17,210.68,0.6391,-1,-1,-1
404,68,686.11,304.30,62.79,228.54,0.5454,-1,-1,-1
405,2,726.33,214.70,162.66,525.63,0.8625,-1,-1,-1
405,6,1063.49,151.16,286.68,790.20,0.8890,-1,-1,-1
405,48,77.42,129.82,288.43,783.64,0.8915,-1,-1,-1
405,51,873.39,238.73,98.59,441.14,0.8015,-1,-1,-1
405,58,375.25,75.58,304.68,838.89,0.9082,-1,-1,-1
405,64,972.00,338.44,80.13,211.61,0.6548,-1,-1,-1
405,68,687.76,303.92,60.88,229.64,0.5205,-1,-1,-1
406,2,723.40,216.46,166.99,526.83,0.8496,-1,-1,-1
406,6,1065.30,150.51,287.56,781.03,0.8773,-1,-1,-1
406,48,55.66,129.78,304.44,789.44,0.8919,-1,-1,-1
406,51,873.41,239.56,101.54,438.06,0.7962,-1,-1,-1
406,58,364.56,73.45,316.02,851.47,0.9054,-1,-1,-1
406,64,975.70,343.74,84.56,211.47,0.6669,-1,-1,-1
406,68,689.15,305.19,62.33,231.44,0.4906,-1,-1,-1
407,2,727.55,217.75,164.26,528.39,0.8585,-1,-1,-1
407,6,1072.20,149.44,282.74,777.59,0.8776,-1,-1,-1
407,48,59.22,120.95,298.71,805.29,0.8889,-1,-1,-1
407,51,873.70,238.73,102.15,441.84,0.7979,-1,-1,-1
407,58,355.09,74.97,329.00,859.00,0.9049,-1,-1,-1
407,64,978.25,346.89,84.45,208.19,0.6534,-1,-1,-1
407,68,689.88,305.65,64.33,235.61,0.5944,-1,-1,-1
408,2,725.68,220.23,167.52,528.77,0.8642,-1,-1,-1
408,6,1077.32,149.03,278.75,777.90,0.8891,-1,-1,-1
408,48,40.78,117.19,313.87,812.67,0.9036,-1,-1,-1
408,51,872.20,239.72,105.14,440.89,0.7924,-1,-1,-1
408,58,350.69,70.77,331.50,876.06,0.9037,-1,-1,-1
408,64,980.96,334.46,84.46,221.04,0.6136,-1,-1,-1
408,68,694.27,305.05,59.83,237.76,0.4709,-1,-1,-1
409,2,729.44,220.79,166.16,534.36,0.8603,-1,-1,-1
409,6,1084.69,150.10,273.58,783.85,0.8948,-1,-1,-1
409,48,48.09,113.98,306.42,825.25,0.9047,-1,-1,-1
409,51,873.02,241.96,107.22,436.24,0.8036,-1,-1,-1
409,58,354.08,68.12,325.26,897.25,0.9088,-1,-1,-1
409,64,986.89,343.77,76.71,210.52,0.6596,-1,-1,-1
409,68,700.66,307.08,53.04,240.66,0.4864,-1,-1,-1
410,2,732.31,224.17,165.09,534.22,0.8374,-1,-1,-1
410,6,1091.63,151.64,270.44,786.86,0.8921,-1,-1,-1
410,48,41.42,111.03,313.06,835.83,0.9032,-1,-1,-1
410,51,874.86,239.48,116.05,437.94,0.7898,-1,-1,-1
410,58,359.54,65.51,313.94,914.21,0.9161,-1,-1,-1
410,64,994.60,346.78,74.58,208.69,0.6307,-1,-1,-1
410,68,704.74,309.43,57.70,242.05,0.6059,-1,-1,-1
411,2,733.45,225.00,170.30,535.35,0.8013,-1,-1,-1
411,6,1100.01,149.47,265.63,796.37,0.8893,-1,-1,-1
411,48,31.43,105.15,310.80,845.89,0.9078,-1,-1,-1
411,51,881.83,239.55,112.48,437.94,0.7869,-1,-1,-1
411,58,358.60,61.80,313.69,924.10,0.9157,-1,-1,-1
411,64,999.56,351.47,81.99,206.79,0.6637,-1,-1,-1
411,68,710.53,309.04,54.58,241.37,0.5888,-1,-1,-1
412,2,736.14,226.56,172.48,530.97,0.8134,-1,-1,-1
412,6,1101.89,154.19,271.41,798.79,0.8925,-1,-1,-1
412,48,19.94,95.61,312.63,858.48,0.9169,-1,-1,-1
412,51,889.86,235.41,108.31,443.73,0.7514,-1,-1,-1
412,58,352.08,56.09,317.98,960.72,0.9129,-1,-1,-1
412,64,1003.16,345.87,83.48,212.63,0.7007,-1,-1,-1
412,68,716.29,308.42,55.82,239.48,0.5468,-1,-1,-1
412,70,1068.92,376.22,50.62,166.34,0.3596,-1,-1,-1
412,71,653.08,343.74,55.13,190.45,0.6281,-1,-1,-1
413,2,741.55,226.13,172.63,527.68,0.8178,-1,-1,-1
413,6,1103.34,153.99,276.89,803.68,0.8973,-1,-1,-1
413,48,2.42,89.46,322.40,867.84,0.9265,-1,-1,-1
413,51,891.01,229.71,114.48,445.84,0.7521,-1,-1,-1
413,58,343.96,48.09,325.53,979.90,0.9110,-1,-1,-1
413,64,1010.47,343.26,78.93,214.16,0.5990,-1,-1,-1
413,68,724.20,306.22,53.87,240.42,0.4619,-1,-1,-1
413,71,652.33,346.54,59.11,186.79,0.6632,-1,-1,-1
414,2,752.04,227.08,166.81,524.87,0.8209,-1,-1,-1
414,6,1109.19,154.10,274.76,807.10,0.8896,-1,-1,-1
414,48,-0.34,82.54,319.74,878.84,0.9297,-1,-1,-1
414,51,893.75,234.11,121.94,444.92,0.7817,-1,-1,-1
414,58,336.01,37.39,326.51,997.27,0.9023,-1,-1,-1
414,64,1017.12,340.45,77.94,217.37,0.6409,-1,-1,-1
414,68,727.64,302.96,57.25,241.46,0.4851,-1,-1,-1
414,71,654.31,341.95,64.45,197.24,0.6429,-1,-1,-1
415,2,753.54,223.32,168.76,528.50,0.8248,-1,-1,-1
415,6,1115.58,153.45,272.65,809.98,0.8864,-1,-1,-1
415,48,-0.70,77.82,316.85,883.69,0.9252,-1,-1,-1
415,51,900.97,239.64,117.45,439.58,0.8091,-1,-1,-1
415,58,326.07,24.85,338.62,1018.25,0.9130,-1,-1,-1
415,64,1019.89,349.74,83.95,211.07,0.6746,-1,-1,-1
415,68,731.03,302.03,57.61,236.80,0.4361,-1,-1,-1
415,71,654.84,341.68,67.58,188.15,0.6434,-1,-1,-1
416,2,748.79,219.97,176.95,523.02,0.8437,-1,-1,-1
416,6,1119.83,151.60,272.00,814.61,0.8904,-1,-1,-1
416,48,-0.62,65.39,311.42,910.36,0.9217,-1,-1,-1
416,51,905.40,237.24,119.73,445.87,0.7921,-1,-1,-1
416,58,316.26,11.84,346.24,1037.66,0.9137,-1,-1,-1
416,64,1022.30,349.47,85.66,210.63,0.5940,-1,-1,-1
416,71,656.28,340.93,67.41,186.92,0.6558,-1,-1,-1
417,2,746.73,221.35,181.25,520.99,0.8357,-1,-1,-1
417,6,1124.09,151.07,268.28,824.32,0.8916,-1,-1,-1
417,48,-0.87,55.84,308.12,951.95,0.9180,-1,-1,-1
417,51,906.61,237.47,120.14,444.47,0.7984,-1,-1,-1
417,58,293.12,4.18,365.92,1052.01,0.9090,-1,-1,-1
417,64,1028.97,344.15,81.97,213.70,0.6626,-1,-1,-1
417,71,656.83,341.35,68.31,189.02,0.6611,-1,-1,-1
418,2,746.87,219.21,182.62,521.05,0.8436,-1,-1,-1
418,6,1127.30,147.91,267.35,826.76,0.8920,-1,-1,-1
418,48,1.07,48.65,277.05,985.33,0.9162,-1,-1,-1
418,51,910.74,233.78,122.31,444.62,0.7835,-1,-1,-1
418,58,276.00,1.94,378.85,1057.50,0.9150,-1,-1,-1
418,64,1031.47,334.99,82.92,220.27,0.6659,-1,-1,-1
418,71,656.25,339.75,68.39,191.71,0.6717,-1,-1,-1
419,2,745.60,209.53,182.21,532.29,0.8542,-1,-1,-1
419,6,1126.48,146.69,268.97,823.78,0.8904,-1,-1,-1
419,48,-0.17,41.27,260.56,991.11,0.9105,-1,-1,-1
419,51,911.32,233.96,119.57,443.07,0.7779,-1,-1,-1
419,58,255.48,2.26,394.14,1062.85,0.9215,-1,-1,-1
419,64,1032.54,336.79,84.67,219.41,0.6328,-1,-1,-1
419,71,653.26,337.30,68.01,201.39,0.6737,-1,-1,-1
420,2,742.60,207.73,183.76,534.27,0.8564,-1,-1,-1
420,6,1126.15,142.95,269.69,826.50,0.8896,-1,-1,-1
420,48,-0.25,38.62,245.15,1003.33,0.9036,-1,-1,-1
420,51,909.84,235.31,123.37,446.18,0.7857,-1,-1,-1
420,58,240.47,2.59,402.80,1069.86,0.9256,-1,-1,-1
420,64,1031.31,332.56,91.06,226.53,0.6361,-1,-1,-1
420,71,650.55,336.98,67.13,206.47,0.6764,-1,-1,-1
421,2,742.67,211.20,185.35,530.06,0.8576,-1,-1,-1
421,6,1122.23,138.42,276.55,830.38,0.8914,-1,-1,-1
421,48,-0.35,26.41,229.97,978.66,0.9001,-1,-1,-1
421,51,909.04,235.11,121.52,443.67,0.7927,-1,-1,-1
421,58,220.78,3.59,417.24,1069.20,0.9258,-1,-1,-1
421,64,1031.39,335.04,91.20,223.72,0.6428,-1,-1,-1
421,71,649.50,336.61,69.02,205.32,0.6758,-1,-1,-1
422,2,741.09,211.84,182.79,540.97,0.8470,-1,-1,-1
422,6,1118.35,129.99,280.99,836.27,0.8867,-1,-1,-1
422,48,-0.11,16.25,211.96,984.15,0.8890,-1,-1,-1
422,51,907.77,236.13,121.54,445.17,0.7922,-1,-1,-1
422,58,201.32,2.07,425.16,1073.96,0.9196,-1,-1,-1
422,64,1031.25,339.77,89.28,218.82,0.5482,-1,-1,-1
422,71,644.53,333.84,69.16,209.99,0.6860,-1,-1,-1
423,2,738.88,211.67,176.76,537.27,0.8480,-1,-1,-1
423,6,1109.28,126.47,290.62,839.11,0.8932,-1,-1,-1
423,48,0.27,14.04,191.76,992.00,0.8901,-1,-1,-1
423,51,907.53,238.42,120.85,444.49,0.7742,-1,-1,-1
423,58,186.43,1.14,428.16,1076.16,0.9225,-1,-1,-1
423,64,1030.74,341.47,89.99,217.96,0.5632,-1,-1,-1
423,71,640.41,332.10,73.73,213.65,0.7178,-1,-1,-1
424,2,738.00,214.56,172.57,530.93,0.8379,-1,-1,-1
424,6,1105.57,126.85,297.20,836.86,0.9005,-1,-1,-1
424,48,0.02,10.78,171.92,1003.37,0.8764,-1,-1,-1
424,51,902.65,241.14,128.01,441.24,0.7510,-1,-1,-1
424,58,162.98,2.34,439.04,1075.93,0.9273,-1,-1,-1
424,64,1028.41,340.85,86.74,218.42,0.6042,-1,-1,-1
424,71,637.15,331.80,76.90,212.96,0.7002,-1,-1,-1
425,2,732.19,214.09,176.76,536.27,0.8378,-1,-1,-1
425,6,1100.12,126.50,302.59,827.53,0.9028,-1,-1,-1
425,48,0.96,9.04,146.12,1008.72,0.8435,-1,-1,-1
425,51,899.20,239.43,127.84,439.86,0.7743,-1,-1,-1
425,58,134.69,1.78,459.38,1072.95,0.9243,-1,-1,-1
425,64,1029.14,338.60,84.92,219.41,0.6202,-1,-1,-1
425,68,718.46,295.59,53.57,247.57,0.3049,-1,-1,-1
425,71,632.93,326.91,75.60,220.00,0.7005,-1,-1,-1
426,2,733.91,213.59,171.68,535.26,0.8401,-1,-1,-1
426,6,1091.56,127.23,312.88,814.11,0.9032,-1,-1,-1
426,48,-3.78,146.39,133.34,617.28,0.5750,-1,-1,-1
426,51,894.47,236.43,134.66,442.91,0.7950,-1,-1,-1
426,58,107.57,1.41,471.45,1071.88,0.9262,-1,-1,-1
426,64,1026.75,333.83,84.72,220.18,0.6319,-1,-1,-1
426,71,631.11,326.45,73.30,216.58,0.6846,-1,-1,-1
426,72,559.10,320.78,44.16,193.75,0.4467,-1,-1,-1
427,2,728.35,214.77,178.34,537.47,0.8310,-1,-1,-1
427,6,1085.89,129.18,317.79,809.48,0.9002,-1,-1,-1
427,48,2.57,152.57,94.65,527.93,0.7120,-1,-1,-1
427,51,897.54,235.71,131.65,442.84,0.7799,-1,-1,-1
427,58,69.69,1.98,494.67,1067.91,0.9224,-1,-1,-1
427,64,1025.17,331.99,84.42,223.38,0.5847,-1,-1,-1
427,71,626.28,326.84,72.90,221.22,0.7198,-1,-1,-1
427,72,549.03,332.58,53.17,180.11,0.5200,-1,-1,-1
428,2,718.10,219.80,183.74,529.63,0.8337,-1,-1,-1
428,6,1081.34,129.79,322.16,814.84,0.9039,-1,-1,-1
428,48,1.34,157.37,72.86,524.61,0.4361,-1,-1,-1
428,51,892.08,235.35,136.84,442.76,0.7978,-1,-1,-1
428,58,41.12,3.19,516.59,1067.08,0.9213,-1,-1,-1
428,64,1025.46,332.43,80.05,223.70,0.4998,-1,-1,-1
428,71,620.16,326.94,74.01,220.64,0.7151,-1,-1,-1
428,72,542.03,312.55,55.55,196.18,0.5870,-1,-1,-1
429,2,709.31,215.03,187.81,542.64,0.8318,-1,-1,-1
429,6,1076.62,131.70,321.40,817.87,0.9048,-1,-1,-1
429,51,895.24,234.05,130.38,441.53,0.7767,-1,-1,-1
429,58,3.47,2.58,540.05,1068.82,0.9302,-1,-1,-1
429,64,1029.22,330.45,75.94,227.82,0.4855,-1,-1,-1
429,71,615.72,328.74,69.63,221.87,0.7547,-1,-1,-1
429,72,538.52,321.30,56.17,194.07,0.5872,-1,-1,-1
430,2,703.29,214.20,175.37,547.14,0.8380,-1,-1,-1
430,6,1070.35,134.50,329.04,822.37,0.9091,-1,-1,-1
430,51,896.14,234.11,126.88,436.04,0.7791,-1,-1,-1
430,58,-0.86,3.27,536.22,1069.50,0.9266,-1,-1,-1
430,64,1033.33,329.58,73.89,223.97,0.4598,-1,-1,-1
430,71,612.83,324.77,70.80,224.85,0.7132,-1,-1,-1
430,72,533.23,334.34,53.81,175.40,0.4666,-1,-1,-1
431,2,694.18,211.34,172.32,555.49,0.8260,-1,-1,-1
431,6,1069.36,134.05,327.90,826.46,0.9050,-1,-1,-1
431,51,894.25,232.90,126.99,434.22,0.7825,-1,-1,-1
431,58,-0.69,2.93,523.87,1069.74,0.9298,-1,-1,-1
431,64,1036.14,329.15,71.60,225.23,0.3722,-1,-1,-1
431,71,606.32,326.42,76.38,228.67,0.6759,-1,-1,-1
431,72,528.34,334.94,53.31,183.25,0.4579,-1,-1,-1
431,74,993.71,314.25,79.32,237.25,0.3986,-1,-1,-1
432,2,683.94,208.05,175.59,572.98,0.8332,-1,-1,-1
432,6,1067.40,134.05,329.84,830.81,0.9038,-1,-1,-1
432,51,894.53,230.88,126.24,433.02,0.7886,-1,-1,-1
432,58,-0.59,4.85,516.80,1069.44,0.9352,-1,-1,-1
432,64,1036.50,328.02,71.63,224.93,0.3758,-1,-1,-1
432,71,603.79,326.85,72.80,228.66,0.6594,-1,-1,-1
432,72,523.17,347.53,53.47,215.21,0.4126,-1,-1,-1
432,74,996.09,315.15,77.11,236.63,0.4667,-1,-1,-1
433,2,678.95,205.33,179.32,559.94,0.8283,-1,-1,-1
433,6,1069.27,132.96,328.50,834.37,0.9033,-1,-1,-1
433,51,893.84,231.40,125.36,431.44,0.7958,-1,-1,-1
433,58,-0.11,6.09,503.68,1062.96,0.9355,-1,-1,-1
433,71,600.51,324.87,74.31,228.10,0.6440,-1,-1,-1
433,72,518.76,340.48,56.08,187.00,0.4223,-1,-1,-1
433,74,998.57,309.88,75.65,241.61,0.5634,-1,-1,-1
434,2,676.43,201.65,175.51,576.86,0.8403,-1,-1,-1
434,6,1072.49,130.88,325.95,834.59,0.9013,-1,-1,-1
434,51,892.59,227.89,126.28,432.74,0.7960,-1,-1,-1
434,58,0.18,3.93,493.77,1064.47,0.9387,-1,-1,-1
434,64,1043.45,323.59,65.69,231.39,0.3383,-1,-1,-1
434,71,597.31,320.94,71.52,232.16,0.6849,-1,-1,-1
434,72,518.62,328.05,55.01,185.53,0.4290,-1,-1,-1
434,74,1002.73,309.60,72.32,239.84,0.5197,-1,-1,-1
435,2,675.14,198.61,172.93,560.67,0.8254,-1,-1,-1
435,6,1072.80,127.95,326.54,837.67,0.9037,-1,-1,-1
435,51,890.60,225.44,128.67,432.03,0.7788,-1,-1,-1
435,58,0.60,2.75,483.93,1064.77,0.9396,-1,-1,-1
435,64,1046.83,321.93,61.43,238.29,0.3123,-1,-1,-1
435,71,595.33,319.31,73.73,233.03,0.6859,-1,-1,-1
435,72,516.79,310.47,53.14,196.18,0.6668,-1,-1,-1
435,74,1000.23,304.80,72.48,240.65,0.5408,-1,-1,-1
436,2,672.70,196.04,174.89,553.41,0.7974,-1,-1,-1
436,6,1075.38,125.03,325.41,843.34,0.9070,-1,-1,-1
436,51,898.89,224.38,120.74,432.45,0.7698,-1,-1,-1
436,58,0.98,2.59,474.50,1066.63,0.9397,-1,-1,-1
436,71,595.59,317.87,72.86,232.11,0.7085,-1,-1,-1
436,72,515.12,307.37,52.65,200.47,0.6141,-1,-1,-1
436,74,997.72,303.26,74.61,241.91,0.5420,-1,-1,-1
437,2,669.18,193.86,173.75,530.16,0.8136,-1,-1,-1
437,6,1079.87,119.98,323.09,846.15,0.9055,-1,-1,-1
437,51,901.08,223.61,118.97,432.55,0.7558,-1,-1,-1
437,58,1.47,2.25,458.74,1073.08,0.9357,-1,-1,-1
437,64,1047.34,312.99,64.58,234.15,0.4977,-1,-1,-1
437,71,590.98,312.81,75.74,231.71,0.7235,-1,-1,-1
437,72,514.34,345.04,52.19,161.38,0.5871,-1,-1,-1
437,74,995.38,301.64,71.77,240.79,0.5714,-1,-1,-1
437,76,819.34,300.27,81.50,230.67,0.6743,-1,-1,-1
438,2,662.76,194.73,176.85,527.46,0.8385,-1,-1,-1
438,6,1080.39,117.40,323.24,836.11,0.9003,-1,-1,-1
438,51,904.50,223.43,115.42,434.70,0.7556,-1,-1,-1
438,58,2.12,3.74,433.94,1068.57,0.9349,-1,-1,-1
438,64,1049.78,313.70,61.89,231.79,0.3874,-1,-1,-1
438,71,588.84,312.52,75.09,233.59,0.7308,-1,-1,-1
438,72,512.99,336.59,50.28,169.42,0.4228,-1,-1,-1
438,74,994.56,301.14,72.94,239.38,0.5696,-1,-1,-1
438,76,816.18,300.87,84.03,231.55,0.6723,-1,-1,-1
439,2,662.05,195.32,174.38,527.41,0.8540,-1,-1,-1
439,6,1086.03,114.25,318.81,840.68,0.9012,-1,-1,-1
439,51,905.71,223.56,113.39,436.62,0.7576,-1,-1,-1
439,58,1.69,3.68,410.08,1069.98,0.9277,-1,-1,-1
439,64,1050.46,312.47,67.27,232.58,0.4694,-1,-1,-1
439,71,584.87,312.57,76.11,234.09,0.7219,-1,-1,-1
439,72,510.64,328.73,51.35,174.96,0.4342,-1,-1,-1
439,74,994.98,301.08,72.95,236.85,0.6397,-1,-1,-1
439,76,812.15,299.35,85.55,237.70,0.7252,-1,-1,-1
440,2,657.02,194.29,176.17,527.95,0.8672,-1,-1,-1
440,6,1089.11,110.82,320.27,839.96,0.8844,-1,-1,-1
440,51,904.22,221.52,112.72,438.33,0.7694,-1,-1,-1
440,58,1.54,3.55,384.86,1064.15,0.9269,-1,-1,-1
440,64,1051.30,308.67,68.62,236.98,0.5686,-1,-1,-1
440,71,582.65,307.98,77.71,243.80,0.7687,-1,-1,-1
440,72,506.88,324.17,52.88,179.36,0.4088,-1,-1,-1
440,74,994.17,300.97,74.66,235.97,0.7044,-1,-1,-1
440,76,808.70,297.08,84.17,239.68,0.7015,-1,-1,-1
441,2,656.73,196.50,177.33,530.16,0.8638,-1,-1,-1
441,6,1093.46,106.01,321.05,841.93,0.8998,-1,-1,-1
441,51,906.06,222.80,111.91,437.96,0.7791,-1,-1,-1
441,58,1.50,3.14,356.10,1064.71,0.9199,-1,-1,-1
441,64,1050.92,308.41,70.99,241.52,0.6098,-1,-1,-1
441,71,583.23,305.34,76.24,247.46,0.7663,-1,-1,-1
441,72,506.82,312.15,53.45,191.79,0.4088,-1,-1,-1
441,74,994.65,297.77,75.86,239.27,0.7103,-1,-1,-1
441,76,809.04,296.36,83.18,241.43,0.6950,-1,-1,-1
442,2,658.52,199.20,176.18,530.59,0.8552,-1,-1,-1
442,6,1098.67,107.26,322.24,827.47,0.8975,-1,-1,-1
442,51,910.76,225.06,109.19,434.00,0.7336,-1,-1,-1
442,58,2.03,3.49,323.79,1064.33,0.9136,-1,-1,-1
442,64,1056.10,315.99,71.76,236.47,0.6572,-1,-1,-1
442,71,583.99,306.11,75.78,249.42,0.7717,-1,-1,-1
442,72,510.67,330.00,52.01,175.58,0.4275,-1,-1,-1
442,74,995.77,297.99,75.71,243.45,0.6780,-1,-1,-1
442,76,812.73,297.66,87.85,236.28,0.7282,-1,-1,-1
443,2,664.16,199.43,171.68,527.38,0.8509,-1,-1,-1
443,6,1104.35,112.39,323.77,815.85,0.8967,-1,-1,-1
443,51,909.64,225.17,110.24,435.28,0.7464,-1,-1,-1
443,58,2.65,4.23,292.98,1062.56,0.8933,-1,-1,-1
443,64,1060.92,314.40,69.91,238.70,0.5983,-1,-1,-1
443,71,583.92,310.01,79.18,248.17,0.7729,-1,-1,-1
443,72,514.12,337.23,50.44,170.78,0.4495,-1,-1,-1
443,74,998.39,295.48,80.96,243.75,0.6434,-1,-1,-1
443,76,815.00,300.48,87.11,229.96,0.7587,-1,-1,-1
444,2,669.81,202.03,167.47,519.27,0.8448,-1,-1,-1
444,6,1113.83,115.16,317.06,811.32,0.9003,-1,-1,-1
444,51,914.71,226.92,106.95,431.65,0.7102,-1,-1,-1
444,58,4.17,4.68,263.22,1060.94,0.8392,-1,-1,-1
444,64,1062.20,300.99,72.01,247.74,0.5810,-1,-1,-1
444,71,586.12,307.99,80.28,250.67,0.7617,-1,-1,-1
444,72,516.95,344.14,50.66,162.55,0.4906,-1,-1,-1
444,74,999.25,299.20,83.48,242.85,0.6361,-1,-1,-1
444,76,818.33,300.41,83.89,233.89,0.7713,-1,-1,-1
445,2,674.48,204.03,169.48,509.08,0.8420,-1,-1,-1
445,6,1120.55,121.40,314.92,820.17,0.8973,-1,-1,-1
445,51,909.47,221.86,116.84,441.12,0.7751,-1,-1,-1
445,58,10.82,4.91,231.03,1061.94,0.3825,-1,-1,-1
445,64,1071.17,303.43,72.83,242.76,0.5707,-1,-1,-1
445,71,585.18,308.08,83.13,250.54,0.7620,-1,-1,-1
445,72,521.95,331.23,50.10,174.97,0.4917,-1,-1,-1
445,74,1008.06,290.77,82.69,247.49,0.7156,-1,-1,-1
445,76,820.80,298.20,87.71,236.02,0.7827,-1,-1,-1
446,2,682.77,202.05,165.16,499.28,0.8352,-1,-1,-1
446,6,1129.16,127.04,314.45,819.60,0.9060,-1,-1,-1
446,51,907.23,220.37,121.78,448.74,0.8087,-1,-1,-1
446,58,-14.89,4.93,297.35,1063.12,0.7279,-1,-1,-1
446,64,1078.86,301.85,69.66,245.66,0.6522,-1,-1,-1
446,71,585.00,310.00,88.97,249.47,0.7384,-1,-1,-1
446,72,523.95,345.22,55.11,162.77,0.5358,-1,-1,-1
446,74,1012.97,296.37,79.69,248.63,0.7712,-1,-1,-1
446,76,826.63,295.25,86.08,238.81,0.7905,-1,-1,-1
447,2,685.19,200.56,171.86,512.01,0.8357,-1,-1,-1
447,6,1140.54,127.19,308.53,826.37,0.9061,-1,-1,-1
447,51,916.25,220.28,123.32,451.36,0.7667,-1,-1,-1
447,64,1086.78,300.64,67.72,249.55,0.6897,-1,-1,-1
447,71,588.99,311.15,88.81,247.96,0.6900,-1,-1,-1
447,72,530.46,355.07,52.30,151.09,0.5005,-1,-1,-1
447,74,1017.61,292.50,84.49,250.52,0.7646,-1,-1,-1
447,76,834.48,295.76,87.77,239.27,0.7572,-1,-1,-1
448,2,688.92,200.90,178.74,524.08,0.8418,-1,-1,-1
448,6,1146.93,139.30,314.09,824.40,0.9052,-1,-1,-1
448,51,923.06,219.01,124.36,454.61,0.7439,-1,-1,-1
448,64,1094.74,304.64,69.99,247.33,0.6793,-1,-1,-1
448,71,589.67,312.61,90.26,248.08,0.6963,-1,-1,-1
448,72,536.33,328.73,51.48,180.67,0.4990,-1,-1,-1
448,74,1027.19,297.17,80.87,250.47,0.7390,-1,-1,-1
448,76,841.71,296.76,84.43,239.44,0.7968,-1,-1,-1
449,2,700.21,203.07,172.09,519.27,0.8162,-1,-1,-1
449,6,1152.48,143.21,315.86,824.55,0.9073,-1,-1,-1
449,51,932.59,216.78,116.26,454.08,0.7734,-1,-1,-1
449,64,1101.83,317.10,70.85,236.81,0.6746,-1,-1,-1
449,71,602.28,315.65,84.96,251.27,0.7450,-1,-1,-1
449,72,541.04,317.03,56.38,195.64,0.5240,-1,-1,-1
449,74,1038.83,297.44,76.40,249.23,0.7118,-1,-1,-1
449,76,846.35,297.77,86.00,238.92,0.7501,-1,-1,-1
450,2,706.73,201.98,172.66,512.98,0.8152,-1,-1,-1
450,6,1161.59,148.31,308.62,828.94,0.9099,-1,-1,-1
450,51,928.16,219.03,120.35,452.61,0.7803,-1,-1,-1
450,64,1106.77,315.05,71.71,240.06,0.7049,-1,-1,-1
450,71,606.84,315.27,83.45,250.59,0.7175,-1,-1,-1
450,72,545.90,326.75,54.80,184.22,0.4894,-1,-1,-1
450,74,1038.75,299.77,80.33,246.58,0.7050,-1,-1,-1
450,76,851.87,298.69,82.54,234.74,0.7162,-1,-1,-1
451,2,709.43,201.37,173.31,512.98,0.8243,-1,-1,-1
451,6,1169.94,151.71,306.27,832.73,0.9031,-1,-1,-1
451,51,940.28,221.06,116.62,444.40,0.7805,-1,-1,-1
451,64,1116.43,320.34,71.19,234.97,0.6990,-1,-1,-1
451,71,603.86,314.78,88.70,254.45,0.7410,-1,-1,-1
451,72,552.18,317.12,54.37,192.03,0.4580,-1,-1,-1
451,74,1052.46,288.27,72.15,255.04,0.6919,-1,-1,-1
451,76,855.65,293.68,91.57,242.04,0.7236,-1,-1,-1
452,2,719.61,200.17,165.67,511.36,0.8417,-1,-1,-1
452,6,1176.67,153.91,308.14,836.49,0.9044,-1,-1,-1
452,51,946.57,220.35,122.65,437.42,0.7663,-1,-1,-1
452,64,1124.13,315.48,71.20,242.54,0.6752,-1,-1,-1
452,71,606.16,315.01,90.43,253.08,0.7351,-1,-1,-1
452,72,557.93,318.91,52.96,185.37,0.4504,-1,-1,-1
452,74,1056.76,294.71,80.60,250.08,0.7422,-1,-1,-1
452,76,856.88,298.92,92.40,236.45,0.7779,-1,-1,-1
453,2,726.31,203.51,163.68,513.77,0.8454,-1,-1,-1
453,6,1183.91,157.42,305.25,840.74,0.9097,-1,-1,-1
453,51,951.21,216.68,124.23,441.88,0.7951,-1,-1,-1
453,64,1131.57,317.32,69.31,241.44,0.7209,-1,-1,-1
453,71,616.57,314.69,81.68,256.80,0.7706,-1,-1,-1
453,72,565.11,312.20,55.20,192.91,0.5484,-1,-1,-1
453,74,1065.45,299.40,77.00,252.49,0.7400,-1,-1,-1
453,76,873.06,297.34,81.08,242.13,0.7866,-1,-1,-1
453,77,710.16,256.74,63.46,301.90,0.3681,-1,-1,-1
454,2,733.10,202.48,166.04,513.93,0.8184,-1,-1,-1
454,6,1191.26,159.26,305.25,843.26,0.9113,-1,-1,-1
454,51,951.98,219.50,133.37,441.97,0.7835,-1,-1,-1
454,64,1140.08,311.80,70.71,247.36,0.6241,-1,-1,-1
454,71,618.90,308.83,85.89,258.69,0.7544,-1,-1,-1
454,72,572.05,322.12,52.92,186.05,0.3954,-1,-1,-1
454,74,1074.86,300.13,77.74,251.16,0.7128,-1,-1,-1
454,76,879.18,299.03,83.71,242.60,0.7316,-1,-1,-1
454,77,709.34,257.01,67.44,314.87,0.6269,-1,-1,-1
455,2,737.06,198.31,170.69,522.94,0.8353,-1,-1,-1
455,6,1194.66,157.58,308.88,844.81,0.9117,-1,-1,-1
455,51,961.89,221.56,127.26,435.71,0.7786,-1,-1,-1
455,64,1153.24,313.50,65.76,246.13,0.6143,-1,-1,-1
455,71,625.91,302.40,82.85,268.09,0.7662,-1,-1,-1
455,72,580.09,315.29,54.60,191.02,0.5628,-1,-1,-1
455,74,1082.51,301.18,75.00,251.32,0.7150,-1,-1,-1
455,76,885.50,305.14,84.98,232.07,0.6951,-1,-1,-1
455,77,716.37,257.66,67.14,311.02,0.5842,-1,-1,-1
456,2,752.48,199.20,162.06,520.93,0.8264,-1,-1,-1
456,6,1199.51,157.29,312.22,835.29,0.9041,-1,-1,-1
456,51,965.52,211.90,127.55,445.08,0.7564,-1,-1,-1
456,64,1156.63,313.86,66.49,245.45,0.5428,-1,-1,-1
456,68,720.49,254.42,74.46,318.59,0.6253,-1,-1,-1
456,71,630.68,300.67,84.91,269.83,0.7503,-1,-1,-1
456,72,581.83,318.28,57.29,191.51,0.5161,-1,-1,-1
456,74,1089.53,299.41,74.38,246.95,0.7141,-1,-1,-1
456,76,896.13,300.05,78.75,239.46,0.6622,-1,-1,-1
457,2,761.44,202.00,162.56,519.65,0.8140,-1,-1,-1
457,6,1204.21,155.42,316.38,835.47,0.9002,-1,-1,-1
457,51,975.41,212.96,122.03,442.20,0.7678,-1,-1,-1
457,64,1158.53,309.36,68.83,249.73,0.3950,-1,-1,-1
457,68,725.75,251.04,75.91,321.07,0.6755,-1,-1,-1
457,71,630.88,299.86,91.38,267.51,0.7407,-1,-1,-1
457,72,588.93,306.76,56.62,203.30,0.5269,-1,-1,-1
457,74,1093.86,297.17,77.22,250.89,0.6778,-1,-1,-1
457,76,901.03,298.17,81.73,240.21,0.6763,-1,-1,-1
458,2,769.84,199.82,160.36,518.59,0.8163,-1,-1,-1
458,6,1205.90,153.83,319.48,834.56,0.8971,-1,-1,-1
458,51,993.67,211.33,118.03,440.89,0.7767,-1,-1,-1
458,68,727.72,249.81,75.78,318.00,0.7532,-1,-1,-1
458,71,633.88,296.81,91.52,271.46,0.7159,-1,-1,-1
458,72,596.82,306.84,54.62,198.91,0.4871,-1,-1,-1
458,74,1102.79,291.82,72.54,257.47,0.7095,-1,-1,-1
458,76,907.56,297.89,88.78,240.17,0.7447,-1,-1,-1
459,2,775.86,205.22,159.61,516.45,0.8479,-1,-1,-1
459,6,1202.63,147.53,334.69,842.40,0.9081,-1,-1,-1
459,51,997.53,205.43,122.03,445.76,0.8079,-1,-1,-1
459,68,729.53,250.53,76.65,322.35,0.7664,-1,-1,-1
459,71,639.27,296.89,91.28,272.72,0.7247,-1,-1,-1
459,72,598.14,301.91,56.04,203.26,0.4792,-1,-1,-1
459,74,1105.22,293.43,81.79,257.57,0.7439,-1,-1,-1
459,76,912.55,297.06,82.24,237.95,0.7835,-1,-1,-1
460,2,783.89,203.27,154.98,511.86,0.8533,-1,-1,-1
460,6,1201.77,140.52,345.05,835.24,0.9100,-1,-1,-1
460,51,995.03,208.41,133.18,445.02,0.7900,-1,-1,-1
460,68,732.66,246.70,79.43,329.29,0.7712,-1,-1,-1
460,71,639.64,296.16,92.45,272.07,0.7372,-1,-1,-1
460,74,1108.41,295.82,80.55,255.05,0.7269,-1,-1,-1
460,76,921.45,296.14,79.39,238.31,0.7890,-1,-1,-1
461,2,785.83,203.33,158.40,508.27,0.8304,-1,-1,-1
461,6,1201.51,135.80,349.77,832.03,0.9076,-1,-1,-1
461,51,1003.95,211.30,124.54,445.18,0.7850,-1,-1,-1
461,68,735.27,242.25,81.03,331.51,0.7554,-1,-1,-1
461,71,642.03,294.13,92.05,276.54,0.7432,-1,-1,-1
461,74,1109.37,293.77,86.55,252.95,0.7288,-1,-1,-1
461,76,928.66,296.48,78.43,236.91,0.7531,-1,-1,-1
462,2,787.16,200.87,158.65,507.65,0.8075,-1,-1,-1
462,6,1201.96,130.95,353.74,828.09,0.9069,-1,-1,-1
462,51,1001.89,208.75,128.34,452.72,0.7936,-1,-1,-1
462,68,737.42,241.84,81.80,328.19,0.7587,-1,-1,-1
462,71,643.73,292.28,90.87,278.45,0.7776,-1,-1,-1
462,72,616.09,292.34,46.85,199.95,0.3990,-1,-1,-1
462,74,1113.51,294.52,83.98,253.80,0.6668,-1,-1,-1
462,76,932.36,294.94,80.19,234.81,0.7295,-1,-1,-1
463,2,785.77,197.62,161.55,513.78,0.8201,-1,-1,-1
463,6,1203.36,131.94,353.17,819.27,0.9067,-1,-1,-1
463,51,1001.46,207.76,132.06,451.84,0.8010,-1,-1,-1
463,68,736.60,239.26,80.74,333.90,0.7515,-1,-1,-1
463,71,642.54,293.00,91.24,278.60,0.7689,-1,-1,-1
463,74,1118.51,292.21,82.21,251.52,0.6623,-1,-1,-1
463,76,935.86,289.20,79.33,236.48,0.7368,-1,-1,-1
464,2,781.69,189.63,165.37,511.13,0.8135,-1,-1,-1
464,6,1211.03,128.48,345.88,824.54,0.9036,-1,-1,-1
464,51,1001.65,206.66,135.11,451.99,0.8048,-1,-1,-1
464,68,734.66,239.61,81.73,332.13,0.7737,-1,-1,-1
464,71,638.85,290.13,90.28,276.08,0.7707,-1,-1,-1
464,72,617.13,289.44,47.25,203.30,0.4228,-1,-1,-1
464,74,1117.56,287.16,81.97,254.41,0.6681,-1,-1,-1
464,76,934.00,284.24,80.88,236.89,0.7360,-1,-1,-1
465,2,778.51,184.77,167.88,512.81,0.8149,-1,-1,-1
465,6,1212.19,122.78,343.08,832.11,0.9071,-1,-1,-1
465,51,1002.83,207.24,135.12,449.87,0.7876,-1,-1,-1
465,68,728.65,232.58,85.30,336.91,0.7613,-1,-1,-1
465,71,636.08,283.95,90.88,284.29,0.7539,-1,-1,-1
465,74,1126.11,288.00,74.68,251.39,0.6095,-1,-1,-1
465,76,933.72,279.49,80.20,240.04,0.7204,-1,-1,-1
466,2,772.88,180.01,172.44,512.97,0.8059,-1,-1,-1
466,6,1208.94,119.45,347.09,840.95,0.9075,-1,-1,-1
466,51,1003.16,205.08,135.92,445.62,0.7771,-1,-1,-1
466,68,725.81,227.78,84.91,340.05,0.7355,-1,-1,-1
466,71,632.98,282.75,89.66,284.78,0.7077,-1,-1,-1
466,74,1128.16,285.99,69.71,251.32,0.5959,-1,-1,-1
466,76,933.20,275.47,81.15,242.30,0.7318,-1,-1,-1
467,2,768.65,181.08,180.78,507.38,0.8208,-1,-1,-1
467,6,1203.86,119.20,352.50,845.60,0.9090,-1,-1,-1
467,51,1003.31,204.67,132.98,449.68,0.7822,-1,-1,-1
467,68,718.12,223.95,89.35,344.40,0.7119,-1,-1,-1
467,71,623.01,276.45,95.69,294.23,0.7178,-1,-1,-1
467,74,1125.79,282.87,72.32,254.21,0.6249,-1,-1,-1
467,76,931.18,275.19,83.63,242.48,0.7589,-1,-1,-1
468,2,767.77,179.62,176.35,509.55,0.8275,-1,-1,-1
468,6,1196.44,117.98,358.00,855.49,0.9128,-1,-1,-1
468,51,999.59,203.73,132.44,450.29,0.7759,-1,-1,-1
468,68,713.94,219.31,87.77,353.83,0.7289,-1,-1,-1
468,71,618.24,274.86,94.84,296.74,0.7475,-1,-1,-1
468,74,1119.42,279.87,77.46,254.11,0.5713,-1,-1,-1
468,76,929.81,275.18,82.82,242.32,0.7661,-1,-1,-1
469,2,765.00,180.30,173.94,507.06,0.8289,-1,-1,-1
469,6,1194.09,118.08,358.98,864.07,0.9112,-1,-1,-1
469,51,999.31,203.54,128.78,443.55,0.7852,-1,-1,-1
469,68,707.15,218.20,85.79,354.70,0.7503,-1,-1,-1
469,71,613.15,268.46,90.93,303.17,0.8041,-1,-1,-1
469,74,1111.63,279.90,85.51,254.67,0.5768,-1,-1,-1
469,76,925.31,272.86,85.03,243.75,0.7714,-1,-1,-1
470,2,763.24,175.95,177.17,515.91,0.8398,-1,-1,-1
470,6,1191.06,119.20,357.39,866.78,0.9142,-1,-1,-1
470,51,996.17,198.76,132.23,448.37,0.8002,-1,-1,-1
470,68,703.33,215.55,89.39,357.44,0.7713,-1,-1,-1
470,71,600.63,267.29,99.92,302.99,0.7812,-1,-1,-1
470,74,1111.33,277.58,82.31,257.98,0.6244,-1,-1,-1
470,76,922.56,273.02,81.64,242.99,0.7862,-1,-1,-1
471,2,761.37,174.80,174.42,513.42,0.8405,-1,-1,-1
471,6,1182.44,118.32,365.39,877.74,0.9087,-1,-1,-1
471,51,994.86,195.42,130.33,451.08,0.7971,-1,-1,-1
471,68,692.71,212.68,92.91,359.21,0.7392,-1,-1,-1
471,71,595.36,264.58,97.54,307.69,0.7758,-1,-1,-1
471,74,1106.08,272.50,80.60,260.95,0.5644,-1,-1,-1
471,76,917.74,273.01,84.91,243.48,0.8015,-1,-1,-1
472,2,754.45,174.14,177.04,512.59,0.8625,-1,-1,-1
472,6,1186.00,119.15,356.95,875.33,0.9108,-1,-1,-1
472,51,991.38,196.97,131.20,449.75,0.7829,-1,-1,-1
472,68,686.10,208.97,97.31,361.89,0.7863,-1,-1,-1
472,71,591.21,264.94,98.27,307.42,0.8215,-1,-1,-1
472,74,1104.34,271.09,81.92,265.70,0.6575,-1,-1,-1
472,76,917.45,271.82,82.35,243.11,0.8048,-1,-1,-1
473,2,757.25,174.41,174.86,514.29,0.8754,-1,-1,-1
473,6,1185.49,117.83,354.79,871.79,0.9105,-1,-1,-1
473,51,988.54,196.39,127.80,450.70,0.7749,-1,-1,-1
473,68,680.57,205.90,100.69,364.87,0.8141,-1,-1,-1
473,71,585.89,262.22,97.88,310.39,0.8205,-1,-1,-1
473,74,1103.68,271.13,86.15,266.22,0.6941,-1,-1,-1
473,76,917.14,272.79,81.09,242.53,0.7932,-1,-1,-1
474,2,759.58,175.97,172.67,513.64,0.8764,-1,-1,-1
474,6,1187.71,114.61,347.85,863.34,0.9124,-1,-1,-1
474,51,986.96,195.42,126.65,450.10,0.7775,-1,-1,-1
474,68,675.66,205.62,103.92,369.17,0.8076,-1,-1,-1
474,71,582.13,261.48,94.48,310.30,0.8550,-1,-1,-1
474,74,1101.09,269.14,81.29,268.26,0.7443,-1,-1,-1
474,76,916.77,274.76,78.63,242.77,0.7573,-1,-1,-1
475,2,759.55,175.97,174.69,514.25,0.8670,-1,-1,-1
475,6,1186.92,111.76,348.48,859.82,0.9117,-1,-1,-1
475,51,988.61,196.44,115.88,437.20,0.7674,-1,-1,-1
475,68,667.78,203.69,107.70,371.25,0.8244,-1,-1,-1
475,71,575.07,259.91,97.30,311.39,0.8384,-1,-1,-1
475,74,1096.65,266.87,80.08,267.92,0.7513,-1,-1,-1
475,76,917.21,277.43,79.04,237.48,0.7596,-1,-1,-1
476,2,760.69,176.35,176.15,512.17,0.8655,-1,-1,-1
476,6,1189.02,106.19,347.18,860.90,0.9087,-1,-1,-1
476,51,984.49,194.35,115.75,434.22,0.7694,-1,-1,-1
476,68,662.90,202.79,110.53,374.50,0.8287,-1,-1,-1
476,71,572.15,258.16,93.40,313.71,0.8238,-1,-1,-1
476,74,1098.77,263.59,75.70,271.06,0.7604,-1,-1,-1
476,76,919.30,277.20,73.80,234.18,0.7492,-1,-1,-1
477,2,765.12,178.02,173.67,510.84,0.8643,-1,-1,-1
477,6,1191.26,103.04,345.18,855.57,0.9085,-1,-1,-1
477,51,983.55,194.47,115.23,433.76,0.7660,-1,-1,-1
477,68,658.10,203.77,114.72,378.92,0.8371,-1,-1,-1
477,71,570.40,261.19,94.13,315.33,0.8306,-1,-1,-1
477,74,1098.97,263.70,75.38,272.15,0.7607,-1,-1,-1
477,76,919.59,280.29,73.04,232.83,0.7562,-1,-1,-1
478,2,769.76,179.47,172.63,509.34,0.8513,-1,-1,-1
478,6,1190.90,101.87,348.51,844.03,0.9091,-1,-1,-1
478,51,981.13,195.78,117.32,434.40,0.7656,-1,-1,-1
478,68,654.68,206.09,117.25,384.76,0.8426,-1,-1,-1
478,71,559.14,264.24,100.76,322.38,0.8093,-1,-1,-1
478,74,1096.41,265.95,77.67,272.12,0.7682,-1,-1,-1
478,76,921.23,279.81,71.54,235.97,0.6693,-1,-1,-1
479,2,774.91,179.27,172.23,506.90,0.8615,-1,-1,-1
479,6,1192.36,101.58,349.41,839.26,0.9118,-1,-1,-1
479,51,979.02,196.24,122.49,433.40,0.7522,-1,-1,-1
479,68,652.49,206.06,120.90,387.20,0.8356,-1,-1,-1
479,71,550.77,262.49,108.47,324.85,0.8061,-1,-1,-1
479,74,1097.11,265.90,76.47,273.32,0.7660,-1,-1,-1
479,76,918.45,242.25,79.84,275.22,0.5586,-1,-1,-1
480,2,777.40,180.77,174.58,503.25,0.8563,-1,-1,-1
480,6,1194.54,101.50,349.39,843.62,0.9095,-1,-1,-1
480,51,979.09,194.75,121.54,444.55,0.7589,-1,-1,-1
480,68,648.21,206.38,128.25,389.71,0.8168,-1,-1,-1
480,71,547.76,264.28,106.99,328.05,0.8075,-1,-1,-1
480,74,1097.03,266.45,77.58,276.41,0.7605,-1,-1,-1
480,76,918.78,235.04,79.74,283.24,0.4914,-1,-1,-1
481,2,781.70,182.66,171.63,500.05,0.8588,-1,-1,-1
481,6,1196.80,103.19,350.73,852.39,0.9125,-1,-1,-1
481,51,978.98,196.05,124.14,449.52,0.7733,-1,-1,-1
481,68,647.88,208.15,132.15,393.66,0.8177,-1,-1,-1
481,71,544.89,268.10,108.34,329.27,0.8047,-1,-1,-1
481,74,1096.91,272.64,80.15,271.41,0.7872,-1,-1,-1
481,76,924.59,269.55,73.69,249.23,0.3701,-1,-1,-1
482,2,785.37,186.69,176.76,502.58,0.8504,-1,-1,-1
482,6,1199.79,108.04,355.25,857.57,0.9113,-1,-1,-1
482,51,978.17,200.34,126.27,442.84,0.7634,-1,-1,-1
482,68,650.33,212.01,132.43,394.82,0.8244,-1,-1,-1
482,71,544.66,273.88,108.05,328.22,0.7955,-1,-1,-1
482,74,1097.62,276.47,80.83,270.43,0.7677,-1,-1,-1
483,2,788.79,183.32,177.54,507.86,0.8504,-1,-1,-1
483,6,1201.68,109.18,356.17,863.10,0.9092,-1,-1,-1
483,51,982.18,201.02,130.43,447.05,0.7990,-1,-1,-1
483,68,650.32,210.49,136.64,397.60,0.8170,-1,-1,-1
483,71,546.52,271.43,105.17,331.77,0.7802,-1,-1,-1
483,74,1101.14,274.89,85.33,274.98,0.7716,-1,-1,-1
484,2,799.26,183.15,170.52,509.66,0.8525,-1,-1,-1
484,6,1204.30,113.06,354.59,868.07,0.9080,-1,-1,-1
484,51,987.49,203.73,125.84,448.82,0.8213,-1,-1,-1
484,68,651.38,209.03,131.24,404.23,0.8116,-1,-1,-1
484,71,547.38,269.77,103.14,338.63,0.7710,-1,-1,-1
484,74,1102.53,275.81,88.22,274.30,0.7832,-1,-1,-1
485,2,805.73,190.73,172.09,500.36,0.8442,-1,-1,-1
485,6,1208.08,114.41,355.14,881.26,0.9015,-1,-1,-1
485,51,994.02,207.62,122.61,449.77,0.8210,-1,-1,-1
485,68,653.02,208.22,129.05,412.02,0.8024,-1,-1,-1
485,71,544.80,272.05,107.63,342.19,0.7962,-1,-1,-1
485,74,1105.03,274.99,86.13,279.19,0.7897,-1,-1,-1
486,2,811.45,192.02,171.82,506.24,0.8459,-1,-1,-1
486,6,1216.48,119.66,348.73,888.78,0.9044,-1,-1,-1
486,51,998.91,211.51,121.08,448.10,0.8143,-1,-1,-1
486,68,655.23,208.12,136.41,412.48,0.8148,-1,-1,-1
486,71,545.48,271.64,110.08,345.95,0.7992,-1,-1,-1
486,74,1104.77,279.77,97.85,276.48,0.7854,-1,-1,-1
487,2,819.32,195.11,171.46,512.53,0.8609,-1,-1,-1
487,6,1223.01,130.64,348.71,891.69,0.9047,-1,-1,-1
487,51,1005.10,217.82,121.24,448.58,0.7954,-1,-1,-1
487,68,657.40,208.89,148.57,418.26,0.8055,-1,-1,-1
487,71,543.02,269.51,112.58,351.98,0.8125,-1,-1,-1
487,74,1113.30,283.11,92.93,279.91,0.7876,-1,-1,-1
488,2,824.76,203.05,174.55,509.80,0.8573,-1,-1,-1
488,6,1225.58,138.68,348.49,893.24,0.9044,-1,-1,-1
488,51,1005.23,222.06,126.34,448.94,0.8017,-1,-1,-1
488,68,660.15,211.31,147.01,418.94,0.8048,-1,-1,-1
488,71,543.47,271.73,113.53,354.96,0.8075,-1,-1,-1
488,74,1118.71,285.77,93.14,277.90,0.7799,-1,-1,-1
489,2,833.55,206.98,178.48,510.26,0.8523,-1,-1,-1
489,6,1227.62,141.82,348.18,892.14,0.9078,-1,-1,-1
489,51,1012.07,228.80,121.29,441.35,0.7789,-1,-1,-1
489,68,662.54,211.53,153.93,421.49,0.8042,-1,-1,-1
489,71,541.94,270.15,118.38,360.44,0.7907,-1,-1,-1
489,74,1129.58,292.78,88.30,277.22,0.7963,-1,-1,-1
490,2,839.03,214.20,177.87,508.20,0.8672,-1,-1,-1
490,6,1230.04,143.12,350.97,889.75,0.9106,-1,-1,-1
490,51,1014.74,229.22,123.76,447.89,0.7751,-1,-1,-1
490,68,664.45,213.17,153.46,426.66,0.7998,-1,-1,-1
490,71,535.62,271.79,130.36,363.12,0.7834,-1,-1,-1
490,74,1133.13,296.89,90.65,273.51,0.8022,-1,-1,-1
491,2,844.04,218.64,178.53,508.28,0.8650,-1,-1,-1
491,6,1227.80,142.56,356.12,894.30,0.9101,-1,-1,-1
491,51,1015.72,228.05,123.47,448.49,0.7798,-1,-1,-1
491,68,664.39,213.46,159.33,429.87,0.8141,-1,-1,-1
491,71,530.81,272.90,133.65,365.42,0.7804,-1,-1,-1
491,74,1135.66,300.10,92.94,273.22,0.8188,-1,-1,-1
492,2,847.90,224.62,177.55,507.32,0.8460,-1,-1,-1
492,6,1224.78,141.41,367.93,894.42,0.9084,-1,-1,-1
492,51,1013.91,231.67,126.33,451.91,0.7853,-1,-1,-1
492,68,666.23,213.57,157.49,432.19,0.8303,-1,-1,-1
492,71,526.55,273.26,142.35,366.48,0.8083,-1,-1,-1
492,74,1136.39,304.49,96.20,274.97,0.8235,-1,-1,-1
493,2,850.89,231.04,172.84,505.16,0.8309,-1,-1,-1
493,6,1222.71,136.19,361.15,903.65,0.8988,-1,-1,-1
493,51,1015.12,232.45,128.34,452.84,0.8115,-1,-1,-1
493,68,660.16,213.44,160.19,436.22,0.8135,-1,-1,-1
493,71,523.28,274.44,143.67,368.96,0.7978,-1,-1,-1
493,74,1135.34,309.22,100.31,272.32,0.8216,-1,-1,-1
494,2,855.21,230.44,173.64,494.81,0.8308,-1,-1,-1
494,6,1217.69,133.72,352.44,891.71,0.8984,-1,-1,-1
494,51,1014.30,233.24,127.59,448.24,0.8162,-1,-1,-1
494,68,659.86,213.30,157.70,444.03,0.8268,-1,-1,-1
494,71,519.94,275.76,144.87,376.11,0.8202,-1,-1,-1
494,74,1134.00,311.03,102.73,271.73,0.7904,-1,-1,-1
495,2,858.90,229.97,171.28,496.10,0.8385,-1,-1,-1
495,6,1212.97,131.28,354.58,884.90,0.9057,-1,-1,-1
495,51,1009.10,234.19,129.40,447.27,0.8094,-1,-1,-1
495,68,654.91,213.11,162.41,451.61,0.8195,-1,-1,-1
495,71,516.01,278.04,145.53,379.99,0.7914,-1,-1,-1
495,74,1136.54,312.32,99.37,274.19,0.7831,-1,-1,-1
496,2,859.72,229.55,172.88,495.99,0.8126,-1,-1,-1
496,6,1213.97,127.50,351.59,879.88,0.9091,-1,-1,-1
496,51,1010.27,234.74,128.87,445.07,0.8063,-1,-1,-1
496,68,643.97,213.86,173.78,455.00,0.8373,-1,-1,-1
496,71,512.93,281.65,143.68,381.97,0.8007,-1,-1,-1
496,74,1141.52,312.79,96.54,275.49,0.7659,-1,-1,-1
497,2,859.96,229.29,175.27,468.73,0.8111,-1,-1,-1
497,6,1212.30,121.61,352.06,887.12,0.9162,-1,-1,-1
497,51,1009.02,234.10,129.39,446.57,0.8103,-1,-1,-1
497,68,637.27,213.38,179.21,456.32,0.8461,-1,-1,-1
497,71,509.36,283.39,143.70,384.11,0.8176,-1,-1,-1
497,74,1141.89,312.64,96.80,278.85,0.7445,-1,-1,-1
498,2,859.26,228.81,177.70,456.95,0.8131,-1,-1,-1
498,6,1210.42,118.34,352.73,897.62,0.9115,-1,-1,-1
498,51,1008.01,235.25,129.80,447.30,0.8242,-1,-1,-1
498,68,634.25,212.85,177.50,460.31,0.8764,-1,-1,-1
498,71,507.59,286.16,137.53,382.56,0.8260,-1,-1,-1
498,74,1141.76,312.49,97.06,279.59,0.7723,-1,-1,-1
499,2,859.19,227.27,178.24,490.40,0.8189,-1,-1,-1
499,6,1211.37,115.61,351.45,907.87,0.9119,-1,-1,-1
499,51,1008.00,233.12,128.95,449.73,0.8059,-1,-1,-1
499,68,629.52,214.61,173.17,463.68,0.8769,-1,-1,-1
499,71,498.55,287.57,143.92,387.10,0.8103,-1,-1,-1
499,74,1143.60,311.95,95.09,283.31,0.7388,-1,-1,-1
500,2,859.29,226.36,176.59,487.80,0.8309,-1,-1,-1
500,6,1208.07,114.59,354.78,918.99,0.9101,-1,-1,-1
500,51,1008.69,232.59,125.64,453.49,0.8011,-1,-1,-1
500,68,624.81,214.19,170.99,472.59,0.8412,-1,-1,-1
500,71,493.68,290.07,142.11,391.00,0.8254,-1,-1,-1
500,74,1141.31,312.49,97.46,285.60,0.7397,-1,-1,-1
501,2,857.25,226.74,179.57,492.05,0.8407,-1,-1,-1
501,6,1208.15,114.49,353.95,926.53,0.9116,-1,-1,-1
501,51,1007.62,233.40,127.20,453.77,0.8121,-1,-1,-1
501,68,622.00,212.18,169.46,482.36,0.8423,-1,-1,-1
501,71,486.67,283.45,143.29,399.92,0.8323,-1,-1,-1
501,74,1143.31,312.00,95.22,284.37,0.7571,-1,-1,-1
502,2,858.18,227.51,180.55,489.10,0.8465,-1,-1,-1
502,6,1208.94,114.76,352.22,931.21,0.9147,-1,-1,-1
502,51,1004.12,235.37,128.75,453.05,0.8182,-1,-1,-1
502,68,615.92,213.20,174.76,484.66,0.8389,-1,-1,-1
502,71,480.60,282.99,140.63,405.59,0.8263,-1,-1,-1
502,74,1141.79,311.40,96.96,283.38,0.7961,-1,-1,-1
503,2,855.28,225.58,179.50,496.87,0.8427,-1,-1,-1
503,6,1208.64,116.31,351.59,933.53,0.9157,-1,-1,-1
503,51,1001.99,235.39,131.61,448.85,0.8122,-1,-1,-1
503,68,609.01,206.58,164.38,487.64,0.8485,-1,-1,-1
503,71,470.77,277.44,142.05,411.28,0.8174,-1,-1,-1
503,74,1138.38,309.16,96.95,285.07,0.8153,-1,-1,-1
504,2,851.96,224.82,183.35,492.14,0.8407,-1,-1,-1
504,6,1206.81,117.00,352.72,937.85,0.9172,-1,-1,-1
504,51,1001.97,233.62,128.62,448.08,0.8056,-1,-1,-1
504,68,601.48,196.19,168.40,500.86,0.8539,-1,-1,-1
504,71,461.83,274.80,145.20,415.01,0.8151,-1,-1,-1
504,74,1136.83,305.54,98.93,288.85,0.8100,-1,-1,-1
505,2,854.95,224.96,183.41,496.12,0.8217,-1,-1,-1
505,6,1208.19,116.05,352.62,942.33,0.9195,-1,-1,-1
505,51,1005.40,230.31,118.57,449.09,0.7633,-1,-1,-1
505,68,590.44,195.08,173.69,504.18,0.8639,-1,-1,-1
505,71,451.79,269.17,144.62,422.79,0.8092,-1,-1,-1
505,74,1135.45,302.42,97.61,288.22,0.8120,-1,-1,-1
506,2,854.54,224.05,183.16,503.74,0.8192,-1,-1,-1
506,6,1207.79,114.17,353.49,945.06,0.9161,-1,-1,-1
506,51,1002.70,232.39,119.04,439.89,0.7543,-1,-1,-1
506,68,581.94,188.20,168.42,507.61,0.8524,-1,-1,-1
506,71,440.56,266.25,153.15,428.02,0.8197,-1,-1,-1
506,74,1128.94,299.20,105.02,290.34,0.8077,-1,-1,-1
507,2,856.49,224.91,179.93,505.56,0.8122,-1,-1,-1
507,6,1210.87,112.11,351.11,934.07,0.9159,-1,-1,-1
507,51,1000.88,233.01,118.40,440.49,0.7591,-1,-1,-1
507,68,572.86,186.53,169.62,507.53,0.8499,-1,-1,-1
507,71,432.13,262.24,150.17,435.33,0.8505,-1,-1,-1
507,74,1129.34,297.32,102.54,290.92,0.8150,-1,-1,-1
508,2,854.35,229.57,175.95,498.20,0.8230,-1,-1,-1
508,6,1211.94,108.01,348.55,932.78,0.9172,-1,-1,-1
508,51,1004.00,227.63,107.37,447.14,0.7305,-1,-1,-1
508,68,562.73,180.16,169.23,519.76,0.8464,-1,-1,-1
508,71,418.08,258.88,149.84,439.82,0.8384,-1,-1,-1
508,74,1133.02,296.22,96.70,290.14,0.7945,-1,-1,-1
509,2,854.45,228.88,173.41,492.45,0.8009,-1,-1,-1
509,6,1210.36,104.57,348.13,933.96,0.9159,-1,-1,-1
509,51,1002.58,226.93,96.69,449.75,0.7384,-1,-1,-1
509,68,550.13,174.39,173.13,527.21,0.8655,-1,-1,-1
509,71,408.70,255.22,149.22,443.79,0.8459,-1,-1,-1
509,74,1127.32,295.47,96.29,289.50,0.7947,-1,-1,-1
510,2,851.24,228.19,172.38,489.00,0.7938,-1,-1,-1
510,6,1207.42,100.70,356.36,932.80,0.9113,-1,-1,-1
510,51,998.35,227.57,97.81,448.54,0.7134,-1,-1,-1
510,68,535.97,169.94,179.11,535.78,0.8798,-1,-1,-1
510,71,393.52,253.90,149.52,450.96,0.8395,-1,-1,-1
510,74,1121.51,293.41,98.18,290.74,0.8059,-1,-1,-1
510,81,1077.37,309.59,50.36,207.63,0.4561,-1,-1,-1
511,2,859.93,225.75,160.25,484.34,0.7536,-1,-1,-1
511,6,1204.76,94.46,358.99,920.96,0.9118,-1,-1,-1
511,51,993.35,219.75,100.39,459.34,0.6836,-1,-1,-1
511,68,523.23,170.66,178.07,537.08,0.8654,-1,-1,-1
511,71,375.44,251.59,159.28,461.35,0.8520,-1,-1,-1
511,74,1119.40,289.46,96.72,295.05,0.8114,-1,-1,-1
511,81,1071.31,311.00,58.49,204.49,0.5248,-1,-1,-1
512,2,856.43,219.54,160.43,482.00,0.7486,-1,-1,-1
512,6,1204.83,87.35,354.47,906.49,0.9077,-1,-1,-1
512,51,990.36,216.35,102.00,464.90,0.6845,-1,-1,-1
512,68,511.30,168.42,183.74,547.23,0.8665,-1,-1,-1
512,71,362.91,251.47,159.22,470.46,0.8265,-1,-1,-1
512,74,1114.50,284.96,97.75,297.51,0.7847,-1,-1,-1
512,81,1067.44,307.25,59.15,202.12,0.4564,-1,-1,-1
513,2,851.64,214.53,161.60,483.36,0.8258,-1,-1,-1
513,6,1207.17,83.07,351.42,899.29,0.9028,-1,-1,-1
513,51,988.93,221.28,84.28,453.26,0.6102,-1,-1,-1
513,68,500.88,161.66,189.23,560.55,0.8584,-1,-1,-1
513,71,350.64,246.22,161.52,481.20,0.8543,-1,-1,-1
513,74,1111.62,283.92,97.77,296.44,0.7458,-1,-1,-1
513,81,1060.76,308.75,63.45,203.42,0.5035,-1,-1,-1
514,2,850.92,205.50,159.30,488.45,0.7774,-1,-1,-1
514,6,1211.20,74.44,348.16,899.25,0.9054,-1,-1,-1
514,51,987.46,212.99,89.41,451.78,0.6746,-1,-1,-1
514,68,488.03,157.64,197.05,572.12,0.8477,-1,-1,-1
514,71,341.29,247.00,164.72,475.89,0.8290,-1,-1,-1
514,74,1108.58,278.03,100.14,297.36,0.7837,-1,-1,-1
514,81,1059.84,300.18,61.56,212.33,0.4241,-1,-1,-1
515,2,850.35,204.28,158.27,486.47,0.7921,-1,-1,-1
515,6,1213.91,68.16,345.70,906.03,0.9066,-1,-1,-1
515,51,987.74,210.55,90.09,452.71,0.6656,-1,-1,-1
515,68,480.98,155.19,197.17,580.49,0.8479,-1,-1,-1
515,71,329.39,245.66,169.18,480.73,0.8546,-1,-1,-1
515,74,1104.84,274.61,101.98,298.85,0.8049,-1,-1,-1
515,81,1057.39,293.74,57.39,220.72,0.4458,-1,-1,-1
516,2,848.65,201.96,158.91,486.85,0.8173,-1,-1,-1
516,6,1217.37,62.68,341.99,911.82,0.9067,-1,-1,-1
516,51,987.61,205.42,88.75,448.71,0.6717,-1,-1,-1
516,68,470.15,151.50,205.90,586.12,0.8653,-1,-1,-1
516,71,317.83,244.69,173.39,491.59,0.8639,-1,-1,-1
516,74,1105.02,273.19,100.51,299.00,0.8176,-1,-1,-1
516,81,1054.22,295.57,61.27,216.91,0.4492,-1,-1,-1
517,2,851.05,198.74,155.15,490.16,0.8158,-1,-1,-1
517,6,1219.55,59.83,340.95,920.94,0.9086,-1,-1,-1
517,51,987.86,203.90,85.16,438.53,0.6631,-1,-1,-1
517,68,465.54,151.14,208.85,596.00,0.8866,-1,-1,-1
517,71,309.03,239.88,171.33,505.54,0.8546,-1,-1,-1
517,74,1105.94,270.91,101.02,300.99,0.8210,-1,-1,-1
517,81,1055.26,295.45,61.13,213.54,0.5299,-1,-1,-1
518,2,852.21,197.46,153.08,493.26,0.7923,-1,-1,-1
518,6,1219.90,57.73,341.63,931.92,0.9090,-1,-1,-1
518,51,987.96,201.37,82.36,437.04,0.6678,-1,-1,-1
518,68,459.45,147.28,213.19,605.82,0.8800,-1,-1,-1
518,71,299.20,234.56,173.72,518.85,0.8636,-1,-1,-1
518,74,1103.43,268.77,104.94,305.24,0.8106,-1,-1,-1
518,81,1053.81,288.13,56.09,218.88,0.4935,-1,-1,-1
518,86,832.63,326.92,59.76,227.81,0.3327,-1,-1,-1
519,2,851.14,196.49,154.99,494.38,0.7936,-1,-1,-1
519,6,1220.52,57.65,341.41,935.09,0.9035,-1,-1,-1
519,51,987.58,199.26,81.96,436.62,0.6409,-1,-1,-1
519,68,452.11,143.45,218.28,615.69,0.8662,-1,-1,-1
519,71,290.54,230.17,177.11,530.16,0.8635,-1,-1,-1
519,74,1100.73,264.27,107.56,308.44,0.8084,-1,-1,-1
519,81,1056.07,290.83,57.00,220.51,0.5483,-1,-1,-1
520,2,853.26,193.97,153.10,496.10,0.7847,-1,-1,-1
520,6,1226.62,56.09,337.49,943.61,0.9025,-1,-1,-1
520,51,987.37,196.61,81.91,439.25,0.6349,-1,-1,-1
520,68,448.06,139.37,222.84,624.10,0.8580,-1,-1,-1
520,71,278.65,225.42,183.30,535.44,0.8732,-1,-1,-1
520,74,1102.46,264.89,107.85,304.79,0.8028,-1,-1,-1
520,81,1056.46,285.50,53.57,221.72,0.5421,-1,-1,-1
521,2,856.99,197.61,151.09,496.13,0.7859,-1,-1,-1
521,6,1231.24,59.94,336.40,948.30,0.9022,-1,-1,-1
521,51,989.78,196.99,82.15,440.26,0.6698,-1,-1,-1
521,68,446.82,135.66,225.69,630.93,0.8568,-1,-1,-1
521,71,273.20,228.43,185.32,535.76,0.8842,-1,-1,-1
521,74,1108.43,264.79,108.73,306.72,0.7963,-1,-1,-1
521,81,1059.88,296.07,57.08,212.56,0.5819,-1,-1,-1
522,2,858.43,198.82,151.14,492.27,0.8086,-1,-1,-1
522,6,1233.54,57.98,330.18,957.01,0.9047,-1,-1,-1
522,51,989.64,195.65,82.04,441.91,0.6511,-1,-1,-1
522,68,443.67,129.97,228.78,638.84,0.8674,-1,-1,-1
522,71,266.15,223.22,187.92,544.35,0.8767,-1,-1,-1
522,74,1108.33,262.20,106.99,306.38,0.7992,-1,-1,-1
522,81,1059.80,284.24,56.32,215.79,0.5760,-1,-1,-1
523,2,862.95,197.61,148.58,492.40,0.8158,-1,-1,-1
523,6,1234.18,55.14,325.73,965.34,0.9078,-1,-1,-1
523,51,990.16,193.57,82.91,446.60,0.6679,-1,-1,-1
523,68,436.76,117.98,234.50,655.05,0.8748,-1,-1,-1
523,71,254.66,217.22,198.48,552.72,0.8786,-1,-1,-1
523,74,1107.66,259.89,109.69,305.07,0.7868,-1,-1,-1
523,81,1059.78,284.98,60.08,215.29,0.6369,-1,-1,-1
524,2,869.05,199.17,145.58,491.57,0.8325,-1,-1,-1
524,6,1235.87,53.83,324.03,962.18,0.9067,-1,-1,-1
524,51,993.71,198.26,79.91,450.60,0.6185,-1,-1,-1
524,68,433.11,117.94,237.81,658.43,0.8761,-1,-1,-1
524,71,248.33,215.83,201.86,562.03,0.8795,-1,-1,-1
524,74,1105.86,258.56,114.10,306.74,0.7970,-1,-1,-1
524,81,1059.79,281.89,62.12,217.31,0.6624,-1,-1,-1
525,2,872.91,200.11,149.67,490.72,0.8534,-1,-1,-1
525,6,1235.39,48.99,328.72,966.18,0.9048,-1,-1,-1
525,51,994.74,201.95,84.47,439.85,0.5593,-1,-1,-1
525,68,432.84,112.74,241.62,666.79,0.8757,-1,-1,-1
525,71,240.60,212.77,203.41,566.52,0.8767,-1,-1,-1
525,74,1111.44,256.83,114.47,307.03,0.8081,-1,-1,-1
525,81,1065.02,280.29,61.95,219.11,0.6511,-1,-1,-1
526,2,877.47,199.33,149.91,493.85,0.8613,-1,-1,-1
526,6,1239.73,48.16,328.42,964.35,0.9025,-1,-1,-1
526,51,996.47,202.78,88.00,444.76,0.5388,-1,-1,-1
526,68,429.57,110.80,248.15,670.81,0.8780,-1,-1,-1
526,71,232.32,209.88,206.17,574.03,0.8671,-1,-1,-1
526,74,1114.13,255.92,117.72,311.08,0.8281,-1,-1,-1
526,81,1069.76,276.90,59.40,221.58,0.7115,-1,-1,-1
527,2,880.14,200.73,151.81,491.47,0.8386,-1,-1,-1
527,6,1244.54,49.65,326.21,961.85,0.9087,-1,-1,-1
527,51,997.14,204.17,91.12,447.83,0.6063,-1,-1,-1
527,68,424.69,111.09,255.84,673.41,0.8747,-1,-1,-1
527,71,224.95,205.36,206.81,584.43,0.8560,-1,-1,-1
527,74,1117.21,259.27,119.67,308.91,0.8428,-1,-1,-1
527,81,1072.16,279.06,62.87,225.24,0.7561,-1,-1,-1
528,2,877.98,199.63,157.72,492.96,0.8258,-1,-1,-1
528,6,1242.43,46.53,332.79,963.52,0.9093,-1,-1,-1
528,51,999.39,203.30,93.04,450.90,0.5889,-1,-1,-1
528,68,420.32,108.11,260.61,681.12,0.8841,-1,-1,-1
528,71,223.68,206.11,209.29,589.52,0.8463,-1,-1,-1
528,74,1125.93,260.54,111.55,310.23,0.8397,-1,-1,-1
528,81,1078.92,278.02,62.88,224.81,0.7222,-1,-1,-1
529,2,875.98,198.51,158.25,489.86,0.8119,-1,-1,-1
529,6,1242.06,47.88,335.45,953.63,0.9104,-1,-1,-1
529,51,1002.05,203.28,90.18,452.35,0.6234,-1,-1,-1
529,68,415.57,104.21,269.45,693.38,0.8815,-1,-1,-1
529,71,222.46,205.83,209.53,608.54,0.8253,-1,-1,-1
529,74,1133.29,261.60,108.16,311.62,0.8126,-1,-1,-1
529,81,1085.01,284.07,58.60,226.18,0.7215,-1,-1,-1
530,2,889.05,196.64,144.16,490.85,0.7797,-1,-1,-1
530,6,1246.94,49.27,342.79,938.95,0.9049,-1,-1,-1
530,51,1008.57,208.26,87.40,451.76,0.7038,-1,-1,-1
530,68,403.08,101.10,282.41,713.39,0.8806,-1,-1,-1
530,71,213.06,206.16,218.54,630.17,0.8275,-1,-1,-1
530,74,1137.37,262.10,107.52,313.79,0.8000,-1,-1,-1
530,81,1089.11,297.46,62.11,210.33,0.6524,-1,-1,-1
531,2,877.95,195.43,159.19,491.44,0.7960,-1,-1,-1
531,6,1247.83,48.88,345.64,937.49,0.9107,-1,-1,-1
531,51,1010.47,206.88,92.84,458.56,0.7153,-1,-1,-1
531,68,401.18,93.71,283.54,742.96,0.8831,-1,-1,-1
531,71,208.44,208.83,218.11,635.43,0.8439,-1,-1,-1
531,74,1143.92,264.94,106.05,311.41,0.8074,-1,-1,-1
531,81,1093.94,293.27,64.11,213.28,0.7247,-1,-1,-1
532,2,887.27,198.21,156.49,486.50,0.8205,-1,-1,-1
532,6,1250.49,47.18,349.15,949.19,0.9081,-1,-1,-1
532,51,1013.68,201.92,92.29,462.56,0.6439,-1,-1,-1
532,68,396.85,92.18,288.68,757.67,0.8872,-1,-1,-1
532,71,203.26,211.66,222.53,634.07,0.8573,-1,-1,-1
532,74,1146.81,264.98,105.95,313.77,0.8129,-1,-1,-1
532,81,1099.80,293.84,60.27,216.24,0.7336,-1,-1,-1
533,2,892.66,200.30,153.65,485.85,0.8351,-1,-1,-1
533,6,1252.93,48.06,355.67,955.68,0.9008,-1,-1,-1
533,51,1015.69,203.00,92.47,460.40,0.7141,-1,-1,-1
533,68,387.47,91.00,297.92,762.99,0.8827,-1,-1,-1
533,71,197.25,214.24,221.61,640.58,0.8669,-1,-1,-1
533,74,1151.52,269.47,105.58,315.10,0.8024,-1,-1,-1
533,81,1103.12,285.31,61.70,225.39,0.6586,-1,-1,-1
534,2,895.92,201.61,153.19,496.24,0.8349,-1,-1,-1
534,6,1260.54,44.57,358.73,966.57,0.9035,-1,-1,-1
534,51,1015.99,198.51,91.85,465.99,0.6615,-1,-1,-1
534,68,380.36,90.58,303.79,764.14,0.8852,-1,-1,-1
534,71,188.72,216.74,221.60,641.84,0.8753,-1,-1,-1
534,74,1154.23,270.40,106.90,316.22,0.7684,-1,-1,-1
534,81,1106.33,287.14,64.23,231.90,0.5998,-1,-1,-1
535,2,896.03,204.99,153.90,492.90,0.8422,-1,-1,-1
535,6,1263.56,43.24,358.01,978.45,0.9082,-1,-1,-1
535,51,1017.64,199.27,94.77,471.98,0.6857,-1,-1,-1
535,68,373.50,86.98,303.87,778.13,0.8757,-1,-1,-1
535,71,178.98,210.46,227.93,676.19,0.8801,-1,-1,-1
535,74,1152.93,269.92,113.30,317.19,0.7876,-1,-1,-1
535,81,1106.38,288.86,60.19,232.06,0.4044,-1,-1,-1
536,2,900.46,205.37,152.03,494.71,0.8320,-1,-1,-1
536,6,1263.22,41.62,366.76,987.98,0.9050,-1,-1,-1
536,51,1019.14,197.11,92.93,468.51,0.7118,-1,-1,-1
536,68,370.92,82.53,300.39,808.11,0.8700,-1,-1,-1
536,71,167.10,208.69,234.39,683.15,0.8808,-1,-1,-1
536,74,1154.71,269.46,112.30,317.85,0.8013,-1,-1,-1
536,81,1108.65,293.47,59.51,225.59,0.3572,-1,-1,-1
537,2,902.98,209.93,150.85,492.83,0.8228,-1,-1,-1
537,6,1263.96,40.90,371.40,994.34,0.9050,-1,-1,-1
537,51,1019.73,198.83,92.93,462.97,0.6986,-1,-1,-1
537,68,362.75,78.84,301.95,830.28,0.8744,-1,-1,-1
537,71,151.37,205.28,241.50,694.64,0.8765,-1,-1,-1
537,74,1155.73,269.96,111.46,318.04,0.7664,-1,-1,-1
537,81,1113.15,284.92,65.19,240.73,0.3736,-1,-1,-1
538,2,904.00,212.67,152.17,490.17,0.8182,-1,-1,-1
538,6,1267.00,41.17,375.88,1000.64,0.9047,-1,-1,-1
538,51,1019.99,200.37,100.81,459.68,0.7037,-1,-1,-1
538,68,350.38,66.97,298.81,849.07,0.8846,-1,-1,-1
538,71,136.24,198.71,244.45,708.86,0.8730,-1,-1,-1
538,74,1158.43,268.43,109.81,321.21,0.8010,-1,-1,-1
538,81,1114.96,282.34,63.72,245.58,0.3619,-1,-1,-1
539,2,902.93,211.82,151.05,491.50,0.8160,-1,-1,-1
539,6,1268.47,40.04,377.94,1007.94,0.9043,-1,-1,-1
539,51,1020.37,199.85,103.99,451.06,0.7193,-1,-1,-1
539,68,341.81,53.21,306.81,866.09,0.8803,-1,-1,-1
539,71,111.71,188.15,251.46,721.75,0.8693,-1,-1,-1
539,74,1154.70,265.22,110.53,323.51,0.7894,-1,-1,-1
540,2,903.30,212.40,151.75,490.63,0.8094,-1,-1,-1
540,6,1273.13,41.60,374.21,1014.46,0.9040,-1,-1,-1
540,51,1021.28,198.68,92.05,453.58,0.6248,-1,-1,-1
540,68,326.49,50.81,310.26,872.62,0.8769,-1,-1,-1
540,71,98.99,178.98,243.10,736.09,0.8850,-1,-1,-1
540,74,1151.47,266.13,109.05,322.34,0.7977,-1,-1,-1
541,2,903.15,216.62,147.98,483.12,0.8054,-1,-1,-1
541,6,1271.83,51.26,377.31,1010.37,0.9000,-1,-1,-1
541,51,1018.27,200.10,96.26,454.14,0.7096,-1,-1,-1
541,68,303.17,42.20,310.26,887.11,0.8858,-1,-1,-1
541,71,75.92,180.05,253.02,744.14,0.8952,-1,-1,-1
541,74,1135.31,268.51,118.68,321.68,0.7808,-1,-1,-1
542,2,896.72,211.84,150.96,488.38,0.7967,-1,-1,-1
542,6,1272.31,53.54,377.86,1005.54,0.8952,-1,-1,-1
542,51,1017.47,196.48,85.23,455.17,0.6567,-1,-1,-1
542,68,289.29,34.22,305.10,901.70,0.8866,-1,-1,-1
542,71,52.64,167.29,257.78,754.48,0.8871,-1,-1,-1
542,74,1140.28,266.79,110.56,323.53,0.8210,-1,-1,-1
542,89,584.75,291.64,70.12,250.45,0.6274,-1,-1,-1
543,2,891.54,208.76,153.08,489.87,0.8219,-1,-1,-1
543,6,1276.51,51.94,375.46,1001.36,0.8989,-1,-1,-1
543,51,1017.31,194.79,82.63,455.30,0.6310,-1,-1,-1
543,68,258.83,19.93,324.67,919.37,0.8778,-1,-1,-1
543,71,28.63,159.27,263.44,770.77,0.8898,-1,-1,-1
543,74,1132.19,265.27,111.10,321.39,0.7960,-1,-1,-1
543,89,581.68,287.44,75.33,255.49,0.5996,-1,-1,-1
544,2,891.43,204.90,152.15,486.45,0.8171,-1,-1,-1
544,6,1278.33,52.51,374.20,1006.51,0.8984,-1,-1,-1
544,51,1014.99,191.33,85.45,460.45,0.5611,-1,-1,-1
544,68,253.77,11.25,311.94,936.93,0.8982,-1,-1,-1
544,71,4.89,154.45,271.57,781.67,0.8870,-1,-1,-1
544,74,1116.86,262.84,122.02,327.65,0.8357,-1,-1,-1
544,89,579.42,286.94,74.38,257.67,0.6438,-1,-1,-1
544,90,1637.24,287.55,63.70,154.53,0.3281,-1,-1,-1
545,2,889.53,203.91,151.62,483.32,0.8098,-1,-1,-1
545,6,1280.61,54.22,372.28,1000.48,0.9040,-1,-1,-1
545,51,1011.90,200.03,85.89,459.59,0.6109,-1,-1,-1
545,68,220.37,4.21,330.50,950.27,0.8899,-1,-1,-1
545,71,-1.39,146.82,254.97,801.93,0.8815,-1,-1,-1
545,74,1108.82,264.77,125.57,328.54,0.8420,-1,-1,-1
545,89,577.76,289.90,72.73,254.85,0.6475,-1,-1,-1
545,90,1638.36,290.60,63.27,155.11,0.3135,-1,-1,-1
546,2,884.27,202.34,156.59,484.35,0.8077,-1,-1,-1
546,6,1279.46,54.52,372.82,999.94,0.9042,-1,-1,-1
546,51,1009.29,199.65,94.01,446.28,0.4927,-1,-1,-1
546,68,200.91,5.19,339.56,959.31,0.9040,-1,-1,-1
546,71,-2.62,141.78,236.58,824.97,0.8869,-1,-1,-1
546,74,1110.50,269.07,119.12,324.13,0.8204,-1,-1,-1
546,89,574.17,288.68,70.81,253.40,0.6964,-1,-1,-1
546,90,1638.45,301.06,60.50,147.60,0.3621,-1,-1,-1
547,2,878.47,201.31,155.64,485.06,0.8088,-1,-1,-1
547,6,1278.73,53.60,370.07,991.91,0.9079,-1,-1,-1
547,51,1003.10,199.68,104.01,447.83,0.6078,-1,-1,-1
547,68,181.44,2.50,346.79,967.06,0.8975,-1,-1,-1
547,71,-3.33,132.38,219.67,839.92,0.8793,-1,-1,-1
547,74,1112.67,268.56,109.44,323.13,0.7743,-1,-1,-1
547,89,568.51,289.81,61.33,254.33,0.6272,-1,-1,-1
547,90,1637.92,299.86,58.77,149.52,0.3411,-1,-1,-1
548,2,873.92,202.64,156.07,486.22,0.8153,-1,-1,-1
548,6,1278.45,52.76,367.77,978.15,0.9042,-1,-1,-1
548,51,1000.26,202.52,117.56,447.73,0.6326,-1,-1,-1
548,68,158.68,3.09,362.31,987.63,0.8996,-1,-1,-1
548,71,-4.00,125.35,203.81,841.76,0.8607,-1,-1,-1
548,74,1097.49,270.00,116.57,325.54,0.8084,-1,-1,-1
548,89,563.05,287.68,61.85,259.07,0.6729,-1,-1,-1
548,90,1631.96,292.78,61.32,157.10,0.3878,-1,-1,-1
549,2,868.43,202.15,151.07,490.91,0.8359,-1,-1,-1
549,6,1277.77,50.26,364.32,967.81,0.9045,-1,-1,-1
549,51,994.39,217.19,132.58,431.24,0.6793,-1,-1,-1
549,68,113.96,0.90,402.67,1028.12,0.8784,-1,-1,-1
549,71,-5.34,127.56,194.91,847.51,0.8491,-1,-1,-1
549,74,1097.59,271.71,111.66,323.39,0.8208,-1,-1,-1
549,89,555.16,291.44,64.26,254.28,0.6634,-1,-1,-1
549,90,1629.76,295.99,60.18,156.58,0.4340,-1,-1,-1
550,2,866.51,203.90,152.36,493.09,0.8402,-1,-1,-1
550,6,1277.22,48.54,361.68,971.89,0.9036,-1,-1,-1
550,51,988.43,208.83,81.76,444.96,0.4563,-1,-1,-1
550,68,90.41,2.20,398.88,1064.91,0.8849,-1,-1,-1
550,71,0.85,162.00,154.80,821.14,0.8166,-1,-1,-1
550,74,1097.78,272.40,103.08,323.51,0.8088,-1,-1,-1
550,89,546.26,286.27,72.18,260.77,0.6639,-1,-1,-1
550,90,1624.45,291.82,61.89,162.97,0.4779,-1,-1,-1
551,2,864.96,208.34,147.82,487.57,0.8467,-1,-1,-1
551,6,1276.23,47.75,362.01,984.80,0.8995,-1,-1,-1
551,51,983.43,207.69,81.68,434.74,0.3066,-1,-1,-1
551,68,63.98,1.36,405.66,1074.07,0.8871,-1,-1,-1
551,71,-2.61,251.90,144.22,734.43,0.8401,-1,-1,-1
551,74,1094.61,274.23,103.30,321.15,0.7984,-1,-1,-1
551,89,540.96,280.60,63.27,267.98,0.7282,-1,-1,-1
551,90,1620.96,285.06,64.28,170.57,0.4933,-1,-1,-1
551,92,1023.55,287.61,111.29,339.23,0.6775,-1,-1,-1
552,2,858.90,212.94,148.13,480.12,0.8403,-1,-1,-1
552,6,1276.40,48.59,359.20,991.89,0.8993,-1,-1,-1
552,51,975.09,211.79,85.63,415.49,0.4465,-1,-1,-1
552,68,25.32,3.88,425.01,1068.88,0.9076,-1,-1,-1
552,71,-1.81,240.43,125.08,751.74,0.7941,-1,-1,-1
552,74,1094.88,276.92,97.02,320.49,0.7477,-1,-1,-1
552,89,534.11,283.27,69.58,267.20,0.7325,-1,-1,-1
552,90,1618.58,279.92,66.58,177.06,0.3780,-1,-1,-1
552,92,1013.82,283.44,123.98,348.01,0.6555,-1,-1,-1
553,2,852.10,216.28,146.05,480.39,0.8146,-1,-1,-1
553,6,1280.29,47.42,353.92,998.85,0.8959,-1,-1,-1
553,51,972.71,212.63,85.67,421.79,0.5704,-1,-1,-1
553,68,0.56,2.22,438.04,1065.07,0.9054,-1,-1,-1
553,71,-5.45,236.92,115.17,762.77,0.4720,-1,-1,-1
553,74,1097.41,275.97,87.60,319.77,0.7466,-1,-1,-1
553,89,529.54,290.63,70.23,261.35,0.7055,-1,-1,-1
553,90,1615.41,281.03,68.12,178.13,0.3160,-1,-1,-1
553,92,1014.64,271.75,122.67,363.67,0.6266,-1,-1,-1
554,2,851.73,221.07,136.98,480.52,0.8401,-1,-1,-1
554,6,1274.75,47.32,352.44,1004.89,0.9026,-1,-1,-1
554,51,964.73,213.70,84.58,463.96,0.6286,-1,-1,-1
554,68,-1.59,4.19,429.92,1062.25,0.9109,-1,-1,-1
554,74,1096.34,277.65,89.74,328.03,0.6852,-1,-1,-1
554,89,527.02,286.58,70.28,268.29,0.7208,-1,-1,-1
554,90,1612.36,287.36,71.96,171.48,0.5706,-1,-1,-1
554,92,1018.33,268.38,117.46,371.15,0.6175,-1,-1,-1
555,2,853.06,222.04,132.24,482.96,0.8488,-1,-1,-1
555,6,1268.71,50.65,353.27,1008.05,0.9051,-1,-1,-1
555,51,960.15,214.89,87.25,465.06,0.6516,-1,-1,-1
555,68,1.62,3.14,381.58,1062.50,0.8839,-1,-1,-1
555,74,1098.16,279.42,82.30,335.23,0.4506,-1,-1,-1
555,89,522.91,288.77,74.28,268.37,0.7476,-1,-1,-1
555,90,1605.89,291.05,77.26,169.57,0.6565,-1,-1,-1
555,92,1016.43,268.54,121.54,374.90,0.6406,-1,-1,-1
556,2,849.88,222.34,134.00,482.05,0.8436,-1,-1,-1
556,6,1266.86,53.83,352.52,1014.61,0.9004,-1,-1,-1
556,51,960.66,216.65,91.53,465.00,0.7286,-1,-1,-1
556,68,0.17,5.86,350.27,1058.07,0.9233,-1,-1,-1
556,89,520.65,289.98,70.35,270.06,0.7281,-1,-1,-1
556,90,1607.07,292.01,76.52,171.58,0.6454,-1,-1,-1
556,92,1018.62,262.26,125.56,382.91,0.6032,-1,-1,-1
557,2,845.47,220.16,136.70,484.32,0.8357,-1,-1,-1
557,6,1270.79,55.64,345.63,1013.08,0.8958,-1,-1,-1
557,51,960.36,213.33,93.78,464.42,0.7582,-1,-1,-1
557,68,-1.30,4.49,339.02,1062.47,0.9184,-1,-1,-1
557,89,516.82,292.74,70.93,269.51,0.7235,-1,-1,-1
557,90,1605.87,288.95,77.54,175.60,0.5224,-1,-1,-1
557,92,1044.14,261.36,121.64,378.55,0.7519,-1,-1,-1
558,2,838.49,218.68,142.19,488.63,0.8392,-1,-1,-1
558,6,1277.50,56.46,334.62,1015.23,0.8954,-1,-1,-1
558,51,960.76,216.08,93.32,460.11,0.8014,-1,-1,-1
558,68,-2.52,4.67,331.85,1062.76,0.8748,-1,-1,-1
558,89,516.06,293.08,72.35,270.64,0.7385,-1,-1,-1
558,90,1605.12,287.98,82.95,176.64,0.4420,-1,-1,-1
558,92,1050.22,256.17,116.35,389.03,0.7893,-1,-1,-1
559,2,831.88,220.71,149.52,482.95,0.8350,-1,-1,-1
559,6,1284.77,57.41,325.12,1011.91,0.9023,-1,-1,-1
559,51,957.68,213.87,99.57,454.95,0.7989,-1,-1,-1
559,68,-4.39,7.04,354.11,1063.67,0.8955,-1,-1,-1
559,89,520.15,289.45,69.23,278.06,0.7439,-1,-1,-1
559,90,1603.67,291.65,94.29,175.60,0.5060,-1,-1,-1
559,92,1047.80,255.71,120.94,392.20,0.7931,-1,-1,-1
560,2,823.62,224.78,158.96,475.29,0.8430,-1,-1,-1
560,6,1289.33,59.87,316.19,1008.07,0.8923,-1,-1,-1
560,51,955.77,219.95,103.67,444.76,0.7658,-1,-1,-1
560,68,-3.86,5.07,349.92,1063.73,0.7996,-1,-1,-1
560,89,520.47,291.74,71.05,278.08,0.7422,-1,-1,-1
560,90,1602.02,293.06,102.92,175.33,0.6286,-1,-1,-1
560,92,1062.37,263.91,111.61,383.38,0.7204,-1,-1,-1
561,2,821.77,221.62,160.84,474.81,0.8466,-1,-1,-1
561,6,1293.85,56.42,318.42,1011.71,0.8955,-1,-1,-1
561,51,955.98,217.25,109.59,446.30,0.7842,-1,-1,-1
561,68,0.70,6.42,334.45,1061.68,0.8638,-1,-1,-1
561,89,523.19,287.27,75.94,281.72,0.7175,-1,-1,-1
561,90,1606.78,283.84,117.70,182.69,0.5894,-1,-1,-1
561,92,1080.07,272.49,113.02,370.35,0.7062,-1,-1,-1
562,2,817.50,218.33,164.72,472.10,0.8435,-1,-1,-1
562,6,1297.52,54.69,314.26,1018.97,0.9003,-1,-1,-1
562,51,954.26,213.94,114.29,453.71,0.7989,-1,-1,-1
562,68,0.14,12.85,332.17,1054.62,0.8352,-1,-1,-1
562,89,524.71,289.02,74.50,278.96,0.6948,-1,-1,-1
562,90,1617.43,285.62,110.68,181.69,0.6895,-1,-1,-1
562,92,1093.15,271.16,112.72,380.47,0.7617,-1,-1,-1
563,2,817.76,218.52,166.20,476.29,0.8473,-1,-1,-1
563,6,1302.04,58.72,324.19,1015.54,0.8957,-1,-1,-1
563,51,957.68,216.03,114.07,454.67,0.8122,-1,-1,-1
563,68,2.43,7.26,315.84,1060.63,0.8743,-1,-1,-1
563,89,527.64,289.30,73.54,281.29,0.7384,-1,-1,-1
563,90,1630.18,283.68,116.24,184.92,0.5990,-1,-1,-1
563,92,1102.42,271.28,129.13,382.58,0.7906,-1,-1,-1
564,2,822.05,219.15,165.69,480.82,0.8585,-1,-1,-1
564,6,1305.00,52.89,339.90,1021.35,0.8986,-1,-1,-1
564,51,962.93,214.39,116.40,461.90,0.7958,-1,-1,-1
564,68,3.41,6.41,304.62,1063.62,0.8590,-1,-1,-1
564,74,1068.77,271.58,93.85,344.30,0.5484,-1,-1,-1
564,89,534.10,293.85,72.18,279.46,0.7499,-1,-1,-1
564,90,1645.27,278.93,106.19,190.82,0.6525,-1,-1,-1
564,92,1113.37,270.17,148.81,388.30,0.7523,-1,-1,-1
565,2,833.03,224.62,161.70,478.32,0.8561,-1,-1,-1
565,6,1306.93,53.41,358.59,1025.50,0.9026,-1,-1,-1
565,51,972.11,217.19,117.69,463.69,0.7981,-1,-1,-1
565,68,8.03,11.70,286.39,1054.97,0.7603,-1,-1,-1
565,74,1083.01,274.91,92.53,339.23,0.6707,-1,-1,-1
565,89,542.85,303.17,72.94,272.56,0.7162,-1,-1,-1
565,90,1658.92,280.85,113.41,196.55,0.6561,-1,-1,-1
565,92,1131.37,270.36,166.13,391.78,0.7973,-1,-1,-1
566,2,839.87,226.86,160.47,477.72,0.8490,-1,-1,-1
566,6,1314.38,53.76,367.02,1013.94,0.8978,-1,-1,-1
566,51,975.77,215.77,122.24,462.15,0.7561,-1,-1,-1
566,68,7.56,8.97,266.29,1059.60,0.7995,-1,-1,-1
566,74,1087.12,273.29,103.55,341.34,0.6524,-1,-1,-1
566,89,548.53,303.78,72.31,272.57,0.7245,-1,-1,-1
566,90,1675.31,281.59,101.96,195.46,0.7203,-1,-1,-1
566,92,1137.75,273.93,184.20,394.65,0.7255,-1,-1,-1
567,2,846.58,231.55,161.99,479.40,0.8363,-1,-1,-1
567,6,1320.81,53.99,382.53,1006.08,0.9166,-1,-1,-1
567,51,981.41,222.96,117.39,447.60,0.7652,-1,-1,-1
567,68,8.72,5.66,245.90,1063.42,0.7281,-1,-1,-1
567,74,1092.24,273.17,108.33,351.32,0.7413,-1,-1,-1
567,89,553.10,304.60,74.15,272.52,0.7416,-1,-1,-1
567,90,1692.35,281.85,104.03,193.65,0.6559,-1,-1,-1
567,92,1142.40,270.67,209.13,400.66,0.7992,-1,-1,-1
568,2,849.75,230.83,164.50,480.28,0.8452,-1,-1,-1
568,6,1311.73,54.19,404.37,1016.27,0.9163,-1,-1,-1
568,51,987.29,225.59,121.48,452.51,0.8195,-1,-1,-1
568,68,16.25,9.64,218.71,1062.98,0.3049,-1,-1,-1
568,74,1095.72,271.64,115.19,353.96,0.7461,-1,-1,-1
568,89,558.62,300.60,77.02,276.16,0.7534,-1,-1,-1
568,90,1704.82,283.07,104.72,197.39,0.6213,-1,-1,-1
568,92,1150.18,282.05,192.86,393.77,0.8633,-1,-1,-1
569,2,854.93,232.53,162.76,480.88,0.8513,-1,-1,-1
569,6,1320.94,54.84,408.69,1016.92,0.9097,-1,-1,-1
569,51,997.87,227.05,118.26,462.20,0.8181,-1,-1,-1
569,74,1103.87,275.71,112.03,353.76,0.7735,-1,-1,-1
569,89,564.28,300.18,79.02,279.33,0.7622,-1,-1,-1
569,90,1717.10,286.21,102.92,198.90,0.6673,-1,-1,-1
569,92,1153.85,284.65,195.47,395.03,0.8656,-1,-1,-1
570,2,863.42,242.35,157.08,474.52,0.8607,-1,-1,-1
570,6,1320.15,56.23,426.88,1015.64,0.9009,-1,-1,-1
570,51,1008.38,231.77,114.36,461.45,0.8222,-1,-1,-1
570,74,1110.71,276.27,118.03,352.07,0.7815,-1,-1,-1
570,89,567.57,295.42,80.16,285.07,0.7628,-1,-1,-1
570,90,1729.92,289.26,102.95,198.45,0.6610,-1,-1,-1
570,92,1166.17,281.34,196.80,403.18,0.8487,-1,-1,-1
571,2,870.13,245.32,156.66,473.50,0.8513,-1,-1,-1
571,6,1327.64,54.18,421.69,1019.78,0.9150,-1,-1,-1
571,51,1012.53,233.51,111.93,464.15,0.7977,-1,-1,-1
571,74,1110.04,273.66,129.26,357.54,0.8052,-1,-1,-1
571,89,571.06,303.58,78.90,282.39,0.7940,-1,-1,-1
571,90,1740.19,289.49,104.01,201.16,0.5991,-1,-1,-1
571,92,1170.66,279.46,202.05,412.12,0.8297,-1,-1,-1
572,2,874.81,238.80,156.93,477.03,0.8207,-1,-1,-1
572,6,1326.51,53.50,431.97,1021.94,0.9047,-1,-1,-1
572,51,1015.01,233.36,115.19,461.61,0.7807,-1,-1,-1
572,74,1118.76,274.57,129.96,360.43,0.7915,-1,-1,-1
572,89,576.37,305.58,76.03,279.08,0.8196,-1,-1,-1
572,90,1751.03,289.76,105.51,201.86,0.5636,-1,-1,-1
572,92,1194.19,281.31,187.89,410.86,0.8294,-1,-1,-1
573,2,880.60,238.58,152.98,476.74,0.8283,-1,-1,-1
573,6,1332.23,55.02,441.53,1020.65,0.8942,-1,-1,-1
573,51,1022.04,233.40,114.67,458.08,0.7582,-1,-1,-1
573,74,1121.98,276.24,133.60,359.48,0.8219,-1,-1,-1
573,89,580.11,308.70,74.39,278.49,0.7774,-1,-1,-1
573,90,1761.30,293.09,104.08,201.02,0.6059,-1,-1,-1
573,92,1214.66,284.78,173.06,409.84,0.8168,-1,-1,-1
574,2,884.16,239.52,158.46,477.22,0.8419,-1,-1,-1
574,6,1340.55,54.20,441.93,1019.77,0.9082,-1,-1,-1
574,51,1025.89,236.38,115.69,455.16,0.7595,-1,-1,-1
574,74,1127.55,278.87,132.40,361.50,0.8301,-1,-1,-1
574,89,584.90,306.25,75.75,280.83,0.7112,-1,-1,-1
574,90,1774.45,294.20,106.71,203.76,0.5542,-1,-1,-1
574,92,1235.17,283.38,163.53,414.36,0.7738,-1,-1,-1
575,2,886.57,239.14,157.87,474.95,0.8421,-1,-1,-1
575,6,1350.03,57.29,435.41,1013.55,0.9107,-1,-1,-1
575,51,1030.55,235.95,112.47,459.89,0.7712,-1,-1,-1
575,74,1134.11,278.26,130.95,364.40,0.8404,-1,-1,-1
575,89,589.13,304.67,74.82,281.77,0.6908,-1,-1,-1
575,92,1250.82,282.79,154.15,417.84,0.7156,-1,-1,-1
576,2,889.31,238.68,156.37,472.63,0.8240,-1,-1,-1
576,6,1356.88,60.55,433.53,1009.15,0.9127,-1,-1,-1
576,51,1030.15,236.14,113.18,455.93,0.7833,-1,-1,-1
576,74,1139.72,274.39,132.49,369.14,0.8366,-1,-1,-1
576,89,591.77,314.76,74.09,273.84,0.7103,-1,-1,-1
576,90,1786.22,296.11,115.31,205.06,0.5531,-1,-1,-1
576,92,1271.49,280.77,140.83,423.50,0.7407,-1,-1,-1
577,2,892.73,236.79,154.19,470.39,0.8183,-1,-1,-1
577,6,1360.49,60.73,433.82,1009.10,0.9074,-1,-1,-1
577,51,1030.40,226.47,112.61,474.57,0.7900,-1,-1,-1
577,74,1140.50,274.06,134.81,370.94,0.8281,-1,-1,-1
577,89,587.65,316.76,78.85,272.31,0.6703,-1,-1,-1
577,90,1794.83,295.40,115.50,201.56,0.6058,-1,-1,-1
577,92,1293.26,287.92,137.63,424.14,0.7620,-1,-1,-1
578,2,893.55,236.69,153.78,470.99,0.8285,-1,-1,-1
578,6,1367.57,63.32,436.57,1006.57,0.9023,-1,-1,-1
578,51,1030.62,224.41,112.97,476.92,0.7903,-1,-1,-1
578,74,1143.36,274.42,125.06,372.74,0.8226,-1,-1,-1
578,89,589.71,315.09,77.57,274.93,0.6975,-1,-1,-1
578,90,1798.07,299.41,117.16,201.57,0.5935,-1,-1,-1
578,92,1317.76,282.43,122.55,431.49,0.7274,-1,-1,-1
579,2,890.03,240.20,153.99,471.64,0.8383,-1,-1,-1
579,6,1385.69,71.13,423.63,997.31,0.9034,-1,-1,-1
579,51,1027.36,232.04,115.36,471.47,0.7845,-1,-1,-1
579,74,1142.11,276.55,129.60,377.01,0.8299,-1,-1,-1
579,89,589.52,307.26,73.83,290.61,0.7375,-1,-1,-1
579,90,1801.22,304.33,117.96,208.65,0.6254,-1,-1,-1
579,92,1329.83,283.99,123.70,442.86,0.7858,-1,-1,-1
580,2,892.17,242.42,149.04,467.68,0.8434,-1,-1,-1
580,6,1395.18,72.70,420.71,995.63,0.9024,-1,-1,-1
580,51,1022.48,234.96,119.75,466.31,0.7730,-1,-1,-1
580,74,1141.33,275.38,128.89,379.89,0.8005,-1,-1,-1
580,89,585.27,303.43,75.20,296.52,0.6824,-1,-1,-1
580,90,1808.04,304.57,111.31,212.55,0.6577,-1,-1,-1
580,92,1332.40,284.43,127.87,449.86,0.7708,-1,-1,-1
581,2,886.69,242.83,150.37,465.83,0.8373,-1,-1,-1
581,6,1411.49,69.66,413.93,995.62,0.9015,-1,-1,-1
581,51,1019.43,234.97,123.25,461.73,0.7765,-1,-1,-1
581,74,1146.52,285.69,119.08,369.71,0.7879,-1,-1,-1
581,89,583.53,307.83,72.15,292.48,0.7289,-1,-1,-1
581,90,1817.23,305.24,102.14,215.80,0.6039,-1,-1,-1
581,92,1334.42,283.53,150.26,454.51,0.7717,-1,-1,-1
582,2,886.07,245.88,145.28,464.68,0.8439,-1,-1,-1
582,6,1425.30,71.25,412.05,1002.23,0.9084,-1,-1,-1
582,51,1016.46,234.34,126.21,461.07,0.7830,-1,-1,-1
582,74,1148.11,286.00,116.81,369.43,0.7751,-1,-1,-1
582,89,581.95,308.37,72.14,293.06,0.7594,-1,-1,-1
582,90,1827.97,305.48,91.55,215.82,0.5270,-1,-1,-1
582,92,1335.83,285.92,169.05,451.06,0.8255,-1,-1,-1
582,93,1229.96,310.78,63.35,282.80,0.4558,-1,-1,-1
583,2,882.88,248.99,144.02,473.03,0.8497,-1,-1,-1
583,6,1430.61,72.71,415.78,1001.05,0.9085,-1,-1,-1
583,51,1013.19,232.67,129.30,464.05,0.7637,-1,-1,-1
583,74,1143.41,280.51,117.90,377.83,0.7812,-1,-1,-1
583,89,576.91,310.83,74.29,292.68,0.7641,-1,-1,-1
583,90,1837.34,307.04,82.06,217.72,0.5303,-1,-1,-1
583,92,1339.75,286.72,166.51,450.22,0.8009,-1,-1,-1
583,93,1233.15,312.42,61.97,283.58,0.5573,-1,-1,-1
584,2,875.22,249.61,146.98,477.58,0.8481,-1,-1,-1
584,6,1439.01,70.17,416.89,1002.77,0.9091,-1,-1,-1
584,51,1013.55,234.40,129.62,467.91,0.7645,-1,-1,-1
584,74,1142.65,284.34,121.26,377.15,0.7715,-1,-1,-1
584,89,574.74,304.70,74.38,294.70,0.7627,-1,-1,-1
584,90,1841.21,308.07,78.05,224.29,0.5697,-1,-1,-1
584,92,1339.19,281.63,168.20,456.69,0.7983,-1,-1,-1
584,93,1231.99,311.98,64.19,282.95,0.5487,-1,-1,-1
585,2,866.98,251.75,146.07,476.32,0.8627,-1,-1,-1
585,6,1443.95,72.09,416.92,996.54,0.9091,-1,-1,-1
585,51,1006.92,233.41,133.44,470.29,0.7862,-1,-1,-1
585,74,1141.87,284.48,121.20,379.37,0.7748,-1,-1,-1
585,89,573.01,308.17,71.22,291.94,0.7814,-1,-1,-1
585,90,1849.20,304.52,70.18,228.33,0.5222,-1,-1,-1
585,92,1339.56,282.43,164.15,451.36,0.7661,-1,-1,-1
585,93,1229.56,310.15,64.65,276.40,0.4703,-1,-1,-1
586,2,861.97,253.16,146.53,474.58,0.8471,-1,-1,-1
586,6,1453.49,70.78,412.52,1002.69,0.9039,-1,-1,-1
586,51,1008.38,234.64,127.09,469.84,0.8059,-1,-1,-1
586,74,1140.67,284.52,126.18,378.33,0.7452,-1,-1,-1
586,89,567.79,298.05,72.80,303.71,0.7592,-1,-1,-1
586,90,1851.71,306.59,67.72,230.62,0.4459,-1,-1,-1
586,92,1340.64,284.41,167.21,451.40,0.7407,-1,-1,-1
587,2,861.87,253.70,143.71,472.45,0.8499,-1,-1,-1
587,6,1459.80,66.76,409.63,1008.74,0.8986,-1,-1,-1
587,51,1008.40,236.64,122.29,468.54,0.8083,-1,-1,-1
587,74,1141.39,282.89,125.13,381.87,0.7569,-1,-1,-1
587,89,564.12,305.16,72.34,297.92,0.7180,-1,-1,-1
587,90,1853.61,308.98,65.96,227.81,0.4824,-1,-1,-1
587,92,1341.72,284.15,176.47,458.84,0.7564,-1,-1,-1
588,2,859.70,254.33,140.29,472.26,0.8394,-1,-1,-1
588,6,1465.61,65.40,404.33,1008.58,0.9020,-1,-1,-1
588,51,1002.14,239.49,123.44,466.03,0.7911,-1,-1,-1
588,74,1141.51,285.59,127.48,380.02,0.7229,-1,-1,-1
588,89,555.94,317.69,73.08,287.96,0.7263,-1,-1,-1
588,90,1856.45,308.77,63.10,225.54,0.5365,-1,-1,-1
588,92,1340.78,284.26,184.64,460.78,0.7545,-1,-1,-1
589,2,854.77,253.03,136.68,474.44,0.8394,-1,-1,-1
589,6,1468.44,63.01,407.73,1012.64,0.9034,-1,-1,-1
589,51,996.93,237.33,128.25,469.79,0.8000,-1,-1,-1
589,74,1140.79,283.59,135.34,384.36,0.7717,-1,-1,-1
589,89,552.24,322.35,69.93,282.82,0.7144,-1,-1,-1
589,90,1860.35,311.55,59.27,221.94,0.4634,-1,-1,-1
589,92,1340.92,283.32,195.34,468.58,0.7695,-1,-1,-1
590,2,849.40,251.55,137.82,477.44,0.8382,-1,-1,-1
590,6,1466.49,62.22,414.74,1014.35,0.9073,-1,-1,-1
590,51,980.78,239.73,139.96,467.96,0.8109,-1,-1,-1
590,74,1139.22,285.00,141.00,386.90,0.8114,-1,-1,-1
590,89,548.89,317.30,71.61,288.45,0.7126,-1,-1,-1
590,90,1864.41,313.81,55.10,221.62,0.3898,-1,-1,-1
590,92,1352.09,279.29,191.31,477.10,0.7315,-1,-1,-1
591,2,835.60,249.66,148.52,473.90,0.8402,-1,-1,-1
591,6,1466.79,61.02,418.22,1011.61,0.9094,-1,-1,-1
591,51,983.64,240.88,132.78,464.79,0.8065,-1,-1,-1
591,74,1140.08,281.54,138.72,391.07,0.8228,-1,-1,-1
591,89,542.63,318.70,74.66,288.66,0.7381,-1,-1,-1
591,90,1867.73,316.22,51.78,219.18,0.3593,-1,-1,-1
591,92,1378.59,278.81,166.49,480.25,0.7153,-1,-1,-1
592,2,827.95,250.09,149.24,468.66,0.8341,-1,-1,-1
592,6,1466.41,59.69,421.11,1011.70,0.9062,-1,-1,-1
592,51,983.90,239.44,130.35,469.38,0.8135,-1,-1,-1
592,74,1141.79,277.97,135.37,395.25,0.8065,-1,-1,-1
592,89,539.42,307.54,78.77,302.78,0.7282,-1,-1,-1
592,90,1870.36,333.72,49.53,198.47,0.3207,-1,-1,-1
592,92,1403.48,276.04,143.07,483.60,0.5635,-1,-1,-1
593,2,824.29,249.80,148.41,464.82,0.8350,-1,-1,-1
593,6,1463.68,60.43,426.12,1012.28,0.8956,-1,-1,-1
593,51,984.25,238.87,127.27,471.76,0.8159,-1,-1,-1
593,74,1142.72,280.66,134.37,396.59,0.8259,-1,-1,-1
593,89,537.78,304.71,79.35,308.81,0.7113,-1,-1,-1
593,92,1418.46,305.22,140.14,454.92,0.4430,-1,-1,-1
593,94,1107.60,317.92,53.17,243.13,0.6203,-1,-1,-1
594,2,814.20,250.66,157.35,463.14,0.8364,-1,-1,-1
594,6,1471.19,61.92,417.20,1013.94,0.8955,-1,-1,-1
594,51,982.50,241.34,125.95,472.47,0.8132,-1,-1,-1
594,74,1146.74,282.23,130.66,397.08,0.8041,-1,-1,-1
594,89,534.25,311.10,74.52,302.40,0.7298,-1,-1,-1
594,94,1108.48,318.01,54.45,244.04,0.6118,-1,-1,-1
595,2,808.40,250.29,159.56,464.51,0.8524,-1,-1,-1
595,6,1481.80,63.22,411.14,1010.74,0.9089,-1,-1,-1
595,51,982.71,243.42,126.05,472.13,0.8039,-1,-1,-1
595,74,1148.47,282.17,129.81,398.59,0.7975,-1,-1,-1
595,89,530.73,307.20,82.12,311.97,0.7637,-1,-1,-1
595,94,1106.09,314.21,57.89,248.24,0.6605,-1,-1,-1
596,2,803.28,250.67,163.93,464.64,0.8478,-1,-1,-1
596,6,1488.55,59.55,401.51,1015.17,0.9161,-1,-1,-1
596,51,977.05,243.35,134.97,472.98,0.8123,-1,-1,-1
596,74,1148.45,277.43,131.47,404.08,0.7774,-1,-1,-1
596,89,529.66,309.79,82.04,310.80,0.7562,-1,-1,-1
596,94,1106.14,312.10,58.97,250.80,0.5392,-1,-1,-1
597,2,801.44,247.94,163.02,468.81,0.8448,-1,-1,-1
597,6,1499.40,54.20,390.49,1020.50,0.9159,-1,-1,-1
597,51,976.81,243.70,138.22,473.85,0.8106,-1,-1,-1
597,74,1153.11,276.14,138.34,404.52,0.7707,-1,-1,-1
597,89,531.26,305.68,77.39,313.18,0.7631,-1,-1,-1
597,94,1105.43,313.85,60.73,250.22,0.5782,-1,-1,-1
598,2,801.42,251.47,164.24,475.48,0.8462,-1,-1,-1
598,6,1508.93,57.43,380.57,1016.07,0.9145,-1,-1,-1
598,51,980.93,250.02,139.69,482.00,0.8237,-1,-1,-1
598,74,1151.98,282.85,149.84,402.84,0.8048,-1,-1,-1
598,89,531.09,304.82,76.21,317.88,0.7487,-1,-1,-1
598,94,1108.37,317.17,60.42,244.26,0.4598,-1,-1,-1
599,2,801.61,254.53,165.24,474.45,0.8503,-1,-1,-1
599,6,1509.18,58.35,383.98,1018.02,0.9196,-1,-1,-1
599,51,987.20,251.84,137.05,479.08,0.8189,-1,-1,-1
599,74,1154.76,284.84,153.29,402.86,0.8041,-1,-1,-1
599,89,531.09,311.50,84.40,317.76,0.7503,-1,-1,-1
599,94,1107.54,316.87,61.58,249.18,0.3663,-1,-1,-1
600,2,806.53,256.48,161.27,475.51,0.8403,-1,-1,-1
600,6,1510.40,55.25,391.67,1023.38,0.9233,-1,-1,-1
600,51,993.21,250.98,134.72,483.85,0.8009,-1,-1,-1
600,74,1162.09,288.35,151.90,400.61,0.8259,-1,-1,-1
600,89,534.46,311.55,87.08,318.79,0.7338,-1,-1,-1
601,2,810.22,259.54,156.50,477.12,0.8457,-1,-1,-1
601,6,1510.16,55.93,403.21,1022.92,0.9238,-1,-1,-1
601,51,996.00,251.15,133.15,482.91,0.7934,-1,-1,-1
601,74,1166.71,282.17,154.71,408.00,0.7892,-1,-1,-1
601,89,537.12,313.48,83.21,318.66,0.7296,-1,-1,-1
601,94,1117.50,327.12,61.87,237.30,0.3977,-1,-1,-1
602,2,815.59,264.09,157.14,477.52,0.8391,-1,-1,-1
602,6,1509.56,58.02,409.73,1017.26,0.9215,-1,-1,-1
602,51,995.31,251.53,135.98,485.84,0.7933,-1,-1,-1
602,74,1187.01,280.88,140.55,413.82,0.7390,-1,-1,-1
602,89,540.64,318.44,83.80,315.76,0.7174,-1,-1,-1
602,94,1120.23,330.45,65.60,243.31,0.5203,-1,-1,-1
603,2,824.94,270.23,151.32,474.55,0.8150,-1,-1,-1
603,6,1516.81,61.25,403.03,1014.99,0.9261,-1,-1,-1
603,51,1005.02,256.63,126.87,479.81,0.7888,-1,-1,-1
603,74,1194.34,285.10,144.19,420.37,0.7155,-1,-1,-1
603,89,543.56,328.28,81.39,312.54,0.7381,-1,-1,-1
603,94,1125.03,346.39,65.05,230.41,0.5775,-1,-1,-1
603,96,1183.00,311.78,84.69,374.27,0.3740,-1,-1,-1
604,2,827.70,275.83,153.93,469.34,0.8230,-1,-1,-1
604,6,1522.94,63.01,397.01,1013.30,0.9279,-1,-1,-1
604,51,1010.95,261.40,124.74,476.78,0.8131,-1,-1,-1
604,74,1204.13,288.16,144.40,420.93,0.7598,-1,-1,-1
604,89,550.52,334.07,84.02,311.41,0.7054,-1,-1,-1
604,94,1132.70,349.08,62.53,231.82,0.6593,-1,-1,-1
604,96,1189.84,314.42,83.11,293.52,0.4475,-1,-1,-1
605,2,836.51,276.49,153.65,470.63,0.8311,-1,-1,-1
605,6,1524.49,61.73,395.49,1016.39,0.9181,-1,-1,-1
605,51,1014.51,259.24,126.82,469.93,0.8095,-1,-1,-1
605,74,1210.06,289.17,145.37,421.56,0.7430,-1,-1,-1
605,89,554.48,334.56,79.88,313.43,0.7402,-1,-1,-1
605,94,1135.80,350.81,66.09,232.90,0.6530,-1,-1,-1
605,96,1198.13,327.73,79.03,273.27,0.3802,-1,-1,-1
606,2,845.23,277.40,152.21,474.19,0.8153,-1,-1,-1
606,6,1534.63,63.41,385.32,1010.97,0.9223,-1,-1,-1
606,51,1016.71,259.99,126.94,468.66,0.7926,-1,-1,-1
606,74,1223.68,289.97,145.81,425.30,0.6469,-1,-1,-1
606,89,560.26,328.04,78.46,320.84,0.7156,-1,-1,-1
606,94,1142.00,352.37,67.53,234.30,0.6469,-1,-1,-1
606,96,1206.16,323.36,75.45,285.56,0.5179,-1,-1,-1
607,2,853.75,279.29,147.44,471.03,0.8366,-1,-1,-1
607,6,1542.94,65.74,376.90,1006.57,0.9140,-1,-1,-1
607,51,1029.44,262.03,119.27,468.59,0.8070,-1,-1,-1
607,74,1238.30,291.70,138.70,424.00,0.6693,-1,-1,-1
607,89,566.95,326.11,85.28,324.38,0.8038,-1,-1,-1
607,94,1150.81,339.87,66.13,246.06,0.6656,-1,-1,-1
607,96,1217.23,330.07,72.01,358.27,0.4792,-1,-1,-1
608,2,854.29,277.43,152.93,465.49,0.8296,-1,-1,-1
608,6,1553.02,67.49,366.91,1001.64,0.9175,-1,-1,-1
608,51,1035.70,264.05,126.62,462.90,0.7965,-1,-1,-1
608,74,1245.48,291.36,148.74,429.90,0.5396,-1,-1,-1
608,89,571.57,329.34,82.80,321.22,0.7612,-1,-1,-1
608,94,1156.37,344.95,68.22,241.78,0.7177,-1,-1,-1
608,96,1221.97,315.88,93.74,342.70,0.5470,-1,-1,-1
609,2,862.43,276.11,147.15,465.17,0.8196,-1,-1,-1
609,6,1561.57,69.84,358.11,1001.62,0.9201,-1,-1,-1
609,51,1037.59,261.08,134.95,470.84,0.8252,-1,-1,-1
609,74,1259.62,284.96,138.33,438.61,0.7260,-1,-1,-1
609,89,575.08,331.22,84.42,323.09,0.7838,-1,-1,-1
609,94,1161.59,349.61,72.05,242.18,0.6235,-1,-1,-1
609,96,1231.23,325.87,88.03,308.21,0.5664,-1,-1,-1
610,2,872.55,277.44,141.88,462.72,0.8262,-1,-1,-1
610,6,1568.71,72.89,350.77,1001.00,0.9221,-1,-1,-1
610,51,1042.19,264.21,133.35,473.10,0.8224,-1,-1,-1
610,74,1273.74,286.13,142.88,434.27,0.7582,-1,-1,-1
610,89,579.29,328.79,89.58,327.87,0.7515,-1,-1,-1
610,94,1166.03,349.25,71.28,240.51,0.5562,-1,-1,-1
610,96,1237.75,328.06,86.52,312.06,0.6002,-1,-1,-1
611,2,874.36,277.64,144.57,464.28,0.8168,-1,-1,-1
611,6,1582.77,69.32,336.66,1006.53,0.9176,-1,-1,-1
611,51,1041.55,268.48,134.36,469.82,0.7849,-1,-1,-1
611,74,1283.44,289.47,135.13,439.38,0.6792,-1,-1,-1
611,89,584.09,331.13,83.77,326.05,0.7412,-1,-1,-1
611,94,1166.19,346.71,71.85,242.29,0.6941,-1,-1,-1
611,96,1243.71,333.76,83.83,305.70,0.5944,-1,-1,-1
612,2,878.74,281.46,141.52,458.15,0.8333,-1,-1,-1
612,6,1599.35,75.49,319.73,1004.00,0.9152,-1,-1,-1
612,51,1030.68,274.89,145.58,471.23,0.8125,-1,-1,-1
612,74,1289.04,292.06,139.45,428.89,0.6943,-1,-1,-1
612,89,586.87,334.69,77.61,321.13,0.7757,-1,-1,-1
612,94,1171.44,347.47,71.39,247.12,0.6504,-1,-1,-1
612,96,1244.82,340.46,80.93,298.44,0.6030,-1,-1,-1
613,2,877.99,282.86,145.78,460.57,0.8367,-1,-1,-1
613,6,1610.00,78.21,309.28,995.30,0.9119,-1,-1,-1
613,51,1029.55,276.30,152.76,478.02,0.8458,-1,-1,-1
613,74,1299.20,296.29,133.48,439.18,0.6176,-1,-1,-1
613,89,587.24,333.57,79.18,323.38,0.7656,-1,-1,-1
613,94,1175.78,354.08,71.02,238.24,0.6580,-1,-1,-1
613,96,1246.19,335.59,85.47,312.03,0.5563,-1,-1,-1
614,2,883.79,287.41,143.89,465.60,0.8327,-1,-1,-1
614,6,1622.33,80.36,296.73,996.08,0.9143,-1,-1,-1
614,51,1030.85,277.54,159.56,480.21,0.8503,-1,-1,-1
614,74,1308.56,298.07,130.96,448.10,0.6624,-1,-1,-1
614,89,587.44,335.32,79.08,325.87,0.7685,-1,-1,-1
614,94,1181.76,360.33,66.83,239.74,0.6001,-1,-1,-1
614,96,1258.53,323.45,90.49,338.58,0.4746,-1,-1,-1
615,2,886.78,288.73,146.24,466.12,0.8359,-1,-1,-1
615,6,1638.15,81.75,281.38,993.09,0.9026,-1,-1,-1
615,51,1031.38,279.57,157.73,478.56,0.8322,-1,-1,-1
615,74,1319.21,294.43,118.82,456.53,0.7263,-1,-1,-1
615,89,589.41,345.23,80.97,321.16,0.7328,-1,-1,-1
615,94,1182.60,360.00,68.06,242.42,0.6270,-1,-1,-1
615,96,1266.13,322.02,93.10,350.04,0.5934,-1,-1,-1
616,2,885.23,294.80,151.04,461.97,0.8300,-1,-1,-1
616,6,1644.18,81.22,275.05,996.12,0.8897,-1,-1,-1
616,51,1032.26,283.03,165.39,478.89,0.8242,-1,-1,-1
616,74,1324.52,299.87,120.16,457.65,0.7241,-1,-1,-1
616,89,590.71,345.22,105.63,321.46,0.7143,-1,-1,-1
616,94,1187.43,362.00,65.22,238.31,0.5724,-1,-1,-1
616,96,1270.34,321.03,90.92,356.06,0.6118,-1,-1,-1
617,2,884.63,294.94,152.78,468.35,0.8439,-1,-1,-1
617,6,1659.51,93.52,260.07,982.81,0.8846,-1,-1,-1
617,51,1030.35,285.97,168.80,479.26,0.8452,-1,-1,-1
617,74,1328.71,299.86,118.82,462.95,0.7321,-1,-1,-1
617,89,590.14,340.96,93.01,330.09,0.7334,-1,-1,-1
617,94,1187.63,370.48,65.04,233.84,0.6002,-1,-1,-1
617,96,1272.66,323.79,91.63,363.30,0.5930,-1,-1,-1
618,2,886.31,298.57,151.03,469.79,0.8354,-1,-1,-1
618,6,1667.39,102.30,252.21,973.89,0.8813,-1,-1,-1
618,51,1030.45,288.15,174.04,481.91,0.8496,-1,-1,-1
618,74,1328.23,300.66,121.55,465.66,0.7380,-1,-1,-1
618,89,589.27,333.75,82.48,339.25,0.7858,-1,-1,-1
618,94,1189.16,372.17,64.99,241.70,0.5614,-1,-1,-1
618,96,1273.08,327.75,93.96,365.89,0.5692,-1,-1,-1
619,2,883.53,301.41,147.13,466.47,0.8365,-1,-1,-1
619,6,1667.08,106.51,252.24,968.67,0.8953,-1,-1,-1
619,51,1028.26,289.43,172.87,483.14,0.8100,-1,-1,-1
619,74,1328.86,302.54,132.12,465.93,0.7373,-1,-1,-1
619,89,586.78,336.21,80.70,338.29,0.7601,-1,-1,-1
619,94,1187.04,368.49,67.16,247.84,0.5265,-1,-1,-1
619,96,1274.25,328.67,98.64,371.90,0.5996,-1,-1,-1
619,97,1242.75,359.37,72.72,312.17,0.4380,-1,-1,-1
620,2,880.70,303.59,139.12,464.64,0.8234,-1,-1,-1
620,6,1681.75,113.06,238.14,962.73,0.8854,-1,-1,-1
620,51,1028.61,288.57,174.82,481.95,0.7866,-1,-1,-1
620,74,1330.68,302.42,123.97,468.68,0.7530,-1,-1,-1
620,89,580.82,338.96,84.37,342.20,0.6972,-1,-1,-1
620,94,1184.31,372.88,65.24,234.71,0.5809,-1,-1,-1
620,96,1266.73,329.12,103.49,378.61,0.6077,-1,-1,-1
620,97,1243.77,358.96,73.03,319.41,0.4087,-1,-1,-1
621,2,874.88,301.94,135.15,461.07,0.8241,-1,-1,-1
621,6,1687.36,122.49,231.42,953.13,0.8791,-1,-1,-1
621,51,1027.63,287.65,158.71,481.08,0.6813,-1,-1,-1
621,74,1329.62,304.86,123.11,464.22,0.7443,-1,-1,-1
621,89,578.46,336.35,81.21,346.05,0.7250,-1,-1,-1
621,94,1183.36,375.93,65.92,226.79,0.5060,-1,-1,-1
621,96,1265.97,330.20,106.65,380.91,0.6261,-1,-1,-1
622,2,868.06,302.56,150.95,461.31,0.8024,-1,-1,-1
622,6,1687.80,119.75,231.84,956.26,0.8936,-1,-1,-1
622,51,1025.84,287.29,141.20,478.87,0.7514,-1,-1,-1
622,74,1330.23,304.26,123.06,473.17,0.6598,-1,-1,-1
622,89,574.75,343.37,77.88,338.95,0.7757,-1,-1,-1
622,94,1185.17,376.14,63.77,196.11,0.3883,-1,-1,-1
622,96,1259.32,329.31,111.12,390.56,0.5654,-1,-1,-1
622,97,1240.75,360.16,69.71,322.43,0.3475,-1,-1,-1
622,98,1127.45,327.12,93.05,359.77,0.6473,-1,-1,-1
623,2,861.94,302.40,146.19,464.31,0.7995,-1,-1,-1
623,6,1692.55,119.22,227.26,957.95,0.8980,-1,-1,-1
623,51,1017.79,288.13,143.80,479.37,0.7784,-1,-1,-1
623,74,1328.98,306.82,125.81,475.33,0.6551,-1,-1,-1
623,89,569.23,340.24,86.79,344.37,0.7378,-1,-1,-1
623,94,1182.44,381.46,63.31,189.75,0.3111,-1,-1,-1
623,96,1254.65,330.93,114.17,393.86,0.5238,-1,-1,-1
623,98,1119.83,329.23,97.05,373.60,0.7149,-1,-1,-1
624,2,852.41,304.67,158.21,459.51,0.8459,-1,-1,-1
624,6,1696.27,114.40,223.58,961.57,0.8972,-1,-1,-1
624,51,1015.13,288.03,138.49,476.31,0.8126,-1,-1,-1
624,74,1327.64,308.80,123.12,471.05,0.7068,-1,-1,-1
624,89,565.06,340.24,85.57,342.12,0.7640,-1,-1,-1
624,96,1255.77,330.60,107.88,400.02,0.6011,-1,-1,-1
624,98,1120.04,332.89,95.86,384.00,0.6834,-1,-1,-1
625,2,850.59,304.31,155.37,455.21,0.8464,-1,-1,-1
625,6,1698.84,111.40,220.99,963.27,0.9030,-1,-1,-1
625,51,1009.47,283.81,134.94,472.99,0.7937,-1,-1,-1
625,74,1329.91,305.15,118.37,476.31,0.7265,-1,-1,-1
625,89,558.29,342.49,85.48,343.55,0.7328,-1,-1,-1
625,96,1243.03,331.89,115.72,403.89,0.6451,-1,-1,-1
625,98,1116.71,334.31,94.00,396.88,0.7389,-1,-1,-1
626,2,847.67,303.22,151.65,456.21,0.8216,-1,-1,-1
626,6,1702.70,116.13,217.12,957.97,0.9061,-1,-1,-1
626,51,1004.22,286.24,134.54,474.90,0.7881,-1,-1,-1
626,74,1326.77,304.73,121.42,477.97,0.7759,-1,-1,-1
626,89,552.30,345.56,81.90,344.17,0.7145,-1,-1,-1
626,96,1241.52,332.09,116.69,406.52,0.6936,-1,-1,-1
626,98,1109.01,335.02,95.61,396.16,0.7471,-1,-1,-1
627,2,839.47,301.33,157.32,458.74,0.8351,-1,-1,-1
627,6,1704.21,118.85,215.42,953.85,0.9040,-1,-1,-1
627,51,995.85,278.19,138.82,483.27,0.7866,-1,-1,-1
627,74,1325.70,304.55,122.00,477.89,0.7618,-1,-1,-1
627,89,545.61,342.67,82.98,351.45,0.7490,-1,-1,-1
627,96,1235.91,330.79,116.70,410.44,0.6721,-1,-1,-1
627,98,1107.56,334.24,91.47,399.01,0.7330,-1,-1,-1
628,2,826.29,300.84,166.11,457.33,0.8426,-1,-1,-1
628,6,1700.42,115.04,219.14,956.52,0.9048,-1,-1,-1
628,51,988.01,279.21,152.21,478.33,0.7588,-1,-1,-1
628,74,1324.25,301.98,121.54,480.21,0.7794,-1,-1,-1
628,89,540.81,337.46,81.13,355.66,0.7773,-1,-1,-1
628,96,1236.84,330.63,111.49,411.43,0.6840,-1,-1,-1
628,98,1100.17,329.59,100.27,411.44,0.7134,-1,-1,-1
629,2,825.75,300.21,166.37,456.91,0.8504,-1,-1,-1
629,6,1675.19,111.50,244.41,958.81,0.8827,-1,-1,-1
629,51,982.68,283.31,128.65,475.13,0.7741,-1,-1,-1
629,74,1323.26,300.80,121.13,481.65,0.7740,-1,-1,-1
629,89,536.16,342.55,90.95,352.90,0.6969,-1,-1,-1
629,96,1234.31,329.99,109.27,416.74,0.6712,-1,-1,-1
629,98,1091.13,327.52,109.72,418.55,0.7529,-1,-1,-1
630,2,824.48,302.81,162.57,453.42,0.8434,-1,-1,-1
630,6,1622.12,115.77,297.46,955.40,0.8888,-1,-1,-1
630,51,974.17,280.78,130.82,475.72,0.8153,-1,-1,-1
630,74,1322.77,300.74,120.49,483.63,0.7800,-1,-1,-1
630,89,530.45,339.53,87.40,359.95,0.7633,-1,-1,-1
630,96,1242.51,326.96,99.79,420.69,0.6422,-1,-1,-1
630,98,1086.05,325.98,116.19,421.71,0.7896,-1,-1,-1
631,2,821.31,304.11,164.39,454.80,0.8504,-1,-1,-1
631,6,1691.90,109.73,227.44,961.59,0.8920,-1,-1,-1
631,51,971.84,280.86,129.75,474.51,0.8284,-1,-1,-1
631,74,1323.51,301.32,120.76,483.00,0.7568,-1,-1,-1
631,89,526.89,345.17,83.53,351.27,0.7333,-1,-1,-1
631,96,1236.24,329.56,107.38,421.35,0.6410,-1,-1,-1
631,98,1083.28,326.69,125.22,421.34,0.8123,-1,-1,-1
632,2,815.45,306.09,167.23,456.22,0.8557,-1,-1,-1
632,6,1700.65,108.11,218.68,964.32,0.9015,-1,-1,-1
632,51,971.38,281.08,126.15,474.44,0.7854,-1,-1,-1
632,74,1325.52,303.02,124.97,483.66,0.7626,-1,-1,-1
632,89,524.89,345.45,82.50,353.68,0.7611,-1,-1,-1
632,96,1237.97,326.53,108.98,426.18,0.6624,-1,-1,-1
632,98,1083.03,325.91,125.63,424.21,0.8182,-1,-1,-1
633,2,813.84,308.53,168.73,456.57,0.8613,-1,-1,-1
633,6,1711.78,101.03,207.83,971.73,0.9040,-1,-1,-1
633,51,972.57,281.81,126.16,477.70,0.7670,-1,-1,-1
633,74,1328.11,300.51,122.85,486.80,0.7734,-1,-1,-1
633,89,523.20,341.73,85.03,359.96,0.7708,-1,-1,-1
633,96,1238.26,321.94,110.94,428.32,0.6770,-1,-1,-1
633,98,1088.46,326.29,119.99,428.06,0.8143,-1,-1,-1
634,2,812.97,309.94,169.62,457.74,0.8617,-1,-1,-1
634,6,1722.90,89.17,196.78,983.88,0.9050,-1,-1,-1
634,51,970.62,282.51,128.17,473.67,0.7812,-1,-1,-1
634,74,1332.94,304.00,122.79,487.58,0.7412,-1,-1,-1
634,89,521.67,348.27,87.37,359.33,0.7821,-1,-1,-1
634,96,1237.27,320.81,116.85,431.75,0.6783,-1,-1,-1
634,98,1092.84,328.06,121.54,430.80,0.8318,-1,-1,-1
635,2,812.76,310.66,172.23,460.22,0.8565,-1,-1,-1
635,6,1723.37,88.45,195.66,978.84,0.8871,-1,-1,-1
635,51,978.23,283.34,122.56,480.18,0.7796,-1,-1,-1
635,74,1336.14,299.88,125.16,492.31,0.6899,-1,-1,-1
635,89,521.13,350.38,86.81,361.08,0.7916,-1,-1,-1
635,96,1246.32,320.31,110.70,430.99,0.5885,-1,-1,-1
635,97,1235.20,346.82,72.23,380.61,0.3705,-1,-1,-1
635,98,1096.60,324.98,124.63,437.77,0.8293,-1,-1,-1
636,2,813.63,313.83,174.10,457.30,0.8367,-1,-1,-1
636,6,1718.56,85.44,201.01,988.42,0.8776,-1,-1,-1
636,51,983.74,284.76,124.50,485.69,0.7954,-1,-1,-1
636,74,1340.32,302.53,130.62,492.61,0.7265,-1,-1,-1
636,89,520.39,354.46,85.56,363.47,0.7790,-1,-1,-1
636,96,1248.76,316.39,113.36,436.36,0.6000,-1,-1,-1
636,97,1239.07,335.30,67.75,391.94,0.3295,-1,-1,-1
636,98,1101.82,327.10,122.52,440.33,0.8234,-1,-1,-1
637,2,819.94,318.93,170.54,445.74,0.8471,-1,-1,-1
637,6,1719.74,86.83,199.91,984.64,0.8706,-1,-1,-1
637,51,990.89,294.06,116.81,484.23,0.7990,-1,-1,-1
637,74,1342.97,304.41,130.80,497.29,0.7880,-1,-1,-1
637,89,519.54,359.62,89.26,361.07,0.7448,-1,-1,-1
637,96,1251.91,319.11,113.70,428.89,0.6421,-1,-1,-1
637,97,1233.27,351.57,75.22,378.86,0.4399,-1,-1,-1
637,98,1104.12,326.79,118.35,441.02,0.8152,-1,-1,-1
638,2,830.26,318.48,161.25,443.63,0.8644,-1,-1,-1
638,6,1711.63,85.87,207.27,985.56,0.8831,-1,-1,-1
638,51,990.67,294.88,117.02,479.85,0.8013,-1,-1,-1
638,74,1346.28,304.49,129.32,498.95,0.7827,-1,-1,-1
638,89,518.41,352.71,90.99,368.54,0.7296,-1,-1,-1
638,96,1256.27,315.71,109.69,433.28,0.6176,-1,-1,-1
638,97,1232.81,352.66,77.01,379.27,0.4984,-1,-1,-1
638,98,1104.63,331.18,125.21,436.16,0.8118,-1,-1,-1
639,2,837.57,319.05,154.58,452.12,0.8582,-1,-1,-1
639,6,1708.39,84.32,211.21,989.66,0.8780,-1,-1,-1
639,51,993.63,300.06,112.19,475.45,0.7983,-1,-1,-1
639,74,1354.60,304.63,128.89,500.37,0.7294,-1,-1,-1
639,89,519.06,366.07,93.53,357.99,0.7410,-1,-1,-1
639,96,1256.47,314.29,120.37,447.21,0.6933,-1,-1,-1
639,97,1237.16,352.56,69.28,377.66,0.4229,-1,-1,-1
639,98,1107.89,331.96,132.59,437.63,0.8286,-1,-1,-1
640,2,842.78,318.42,152.99,451.18,0.8471,-1,-1,-1
640,6,1702.83,77.21,215.78,996.65,0.8778,-1,-1,-1
640,51,998.48,301.84,112.77,476.24,0.7988,-1,-1,-1
640,74,1363.38,299.70,126.57,512.42,0.7234,-1,-1,-1
640,89,520.01,366.73,91.92,361.57,0.7258,-1,-1,-1
640,96,1257.37,316.22,124.31,458.05,0.7230,-1,-1,-1
640,97,1241.61,349.86,72.38,379.68,0.4228,-1,-1,-1
640,98,1109.37,331.58,139.24,440.70,0.8086,-1,-1,-1
641,2,848.65,320.15,151.84,447.60,0.8314,-1,-1,-1
641,6,1701.07,80.87,218.01,989.86,0.8735,-1,-1,-1
641,51,1002.78,305.59,111.39,468.84,0.7950,-1,-1,-1
641,74,1369.79,299.95,127.27,506.13,0.7789,-1,-1,-1
641,89,520.59,359.40,94.35,370.21,0.7316,-1,-1,-1
641,96,1257.64,311.73,128.78,463.43,0.7415,-1,-1,-1
641,98,1114.55,329.43,146.80,443.78,0.7948,-1,-1,-1
642,2,852.88,321.26,154.73,449.03,0.8222,-1,-1,-1
642,6,1698.53,89.49,220.57,982.44,0.8823,-1,-1,-1
642,51,1004.50,308.35,117.27,471.58,0.7902,-1,-1,-1
642,74,1377.80,303.24,128.37,511.31,0.7978,-1,-1,-1
642,89,526.08,359.29,109.76,374.12,0.7056,-1,-1,-1
642,96,1265.65,316.55,129.55,470.22,0.7778,-1,-1,-1
642,98,1121.24,330.67,149.74,447.01,0.7790,-1,-1,-1
643,2,856.89,321.41,153.96,444.93,0.8647,-1,-1,-1
643,6,1689.88,92.61,229.80,975.34,0.8824,-1,-1,-1
643,51,1005.53,308.52,119.07,482.74,0.8074,-1,-1,-1
643,74,1380.98,303.59,133.13,514.40,0.7876,-1,-1,-1
643,89,527.31,361.92,103.83,373.79,0.7174,-1,-1,-1
643,96,1276.69,316.25,125.33,473.60,0.6705,-1,-1,-1
643,98,1124.43,327.55,150.98,458.54,0.8044,-1,-1,-1
644,2,862.90,322.43,153.34,449.60,0.8759,-1,-1,-1
644,6,1686.47,99.07,232.70,975.32,0.8598,-1,-1,-1
644,51,1009.55,308.17,114.74,485.66,0.7890,-1,-1,-1
644,74,1390.40,299.47,135.56,524.41,0.8012,-1,-1,-1
644,89,528.23,362.58,102.99,379.14,0.7460,-1,-1,-1
644,96,1286.69,319.45,120.74,474.79,0.6626,-1,-1,-1
644,98,1132.05,321.81,153.42,470.66,0.8334,-1,-1,-1
645,2,868.09,323.91,154.18,451.12,0.8721,-1,-1,-1
645,6,1683.74,246.35,236.50,826.52,0.8212,-1,-1,-1
645,51,1009.95,309.43,120.13,488.45,0.7787,-1,-1,-1
645,74,1393.99,296.65,138.60,526.15,0.7465,-1,-1,-1
645,89,532.62,364.30,100.21,377.51,0.7623,-1,-1,-1
645,96,1298.03,312.74,115.71,481.90,0.6762,-1,-1,-1
645,98,1134.55,318.83,155.67,480.04,0.8499,-1,-1,-1
646,2,874.03,324.81,149.95,456.31,0.8633,-1,-1,-1
646,6,1687.51,258.10,232.25,801.04,0.8089,-1,-1,-1
646,51,1006.11,308.27,128.24,486.92,0.8056,-1,-1,-1
646,74,1405.16,294.50,130.85,528.97,0.7537,-1,-1,-1
646,89,532.50,363.33,100.60,381.34,0.7652,-1,-1,-1
646,96,1298.41,311.99,124.78,486.26,0.7240,-1,-1,-1
646,97,1272.88,343.70,76.42,421.79,0.3087,-1,-1,-1
646,98,1133.91,317.66,160.93,483.02,0.8513,-1,-1,-1
647,2,875.57,325.92,152.15,456.91,0.8578,-1,-1,-1
647,6,1684.81,275.60,234.97,794.05,0.8295,-1,-1,-1
647,51,1016.90,307.97,123.97,485.38,0.7980,-1,-1,-1
647,74,1411.66,291.61,130.00,540.93,0.7698,-1,-1,-1
647,89,533.83,362.71,100.77,383.49,0.7413,-1,-1,-1
647,96,1309.20,307.34,119.63,494.08,0.6981,-1,-1,-1
647,97,1276.97,343.82,75.06,414.65,0.5059,-1,-1,-1
647,98,1135.37,320.57,166.46,486.18,0.8493,-1,-1,-1
648,2,879.72,330.06,146.26,451.20,0.8507,-1,-1,-1
648,6,1688.17,282.67,231.61,789.94,0.8619,-1,-1,-1
648,51,1021.80,308.10,117.83,484.15,0.7957,-1,-1,-1
648,74,1416.37,295.13,131.69,539.43,0.7605,-1,-1,-1
648,89,533.70,360.36,99.92,388.07,0.7391,-1,-1,-1
648,96,1306.88,308.57,127.63,498.95,0.7375,-1,-1,-1
648,97,1280.70,343.68,69.60,414.31,0.4301,-1,-1,-1
648,98,1135.30,316.86,172.15,491.92,0.8569,-1,-1,-1
649,2,880.29,332.73,146.41,449.59,0.8451,-1,-1,-1
649,6,1696.00,288.34,223.97,780.17,0.8483,-1,-1,-1
649,51,1021.72,308.73,117.97,478.77,0.8046,-1,-1,-1
649,74,1423.58,294.29,132.71,540.00,0.7933,-1,-1,-1
649,89,534.15,360.77,101.31,388.83,0.7397,-1,-1,-1
649,96,1305.52,307.15,133.03,496.52,0.7514,-1,-1,-1
649,97,1283.70,343.93,66.07,418.43,0.3185,-1,-1,-1
649,98,1134.79,325.42,178.75,489.24,0.8707,-1,-1,-1
649,99,832.08,402.48,54.22,221.57,0.5066,-1,-1,-1
650,2,878.49,335.90,154.11,450.58,0.8350,-1,-1,-1
650,6,1706.69,288.62,213.07,778.39,0.8023,-1,-1,-1
650,51,1028.12,308.13,113.46,475.80,0.8102,-1,-1,-1
650,74,1427.37,293.54,137.73,543.64,0.8083,-1,-1,-1
650,89,533.42,360.89,105.96,390.56,0.7371,-1,-1,-1
650,96,1304.19,306.16,139.15,500.47,0.7610,-1,-1,-1
650,98,1133.94,317.41,184.35,507.79,0.8690,-1,-1,-1
650,99,829.15,402.15,59.66,222.45,0.4737,-1,-1,-1
651,2,879.54,334.94,157.95,448.99,0.8464,-1,-1,-1
651,6,1713.89,288.34,205.12,784.29,0.5800,-1,-1,-1
651,51,1030.17,306.17,113.40,474.53,0.7952,-1,-1,-1
651,74,1431.07,292.01,143.64,549.43,0.8441,-1,-1,-1
651,89,533.03,360.38,107.22,391.41,0.7273,-1,-1,-1
651,96,1309.72,305.28,138.64,506.87,0.7875,-1,-1,-1
651,98,1132.85,320.49,187.87,507.46,0.8503,-1,-1,-1
651,99,827.14,405.56,62.54,220.60,0.5597,-1,-1,-1
652,2,876.84,335.69,161.91,445.52,0.8390,-1,-1,-1
652,6,1727.08,291.09,193.90,633.26,0.6942,-1,-1,-1
652,51,1030.26,306.18,114.01,476.16,0.8057,-1,-1,-1
652,74,1433.71,296.41,145.39,546.38,0.8217,-1,-1,-1
652,89,531.56,362.73,115.22,389.63,0.7142,-1,-1,-1
652,96,1312.55,301.73,141.54,508.90,0.7735,-1,-1,-1
652,98,1130.75,320.07,192.62,512.79,0.8324,-1,-1,-1
652,99,818.98,406.65,68.41,221.65,0.6320,-1,-1,-1
653,2,874.17,338.55,164.71,440.11,0.8444,-1,-1,-1
653,6,1737.69,290.30,181.99,621.61,0.7907,-1,-1,-1
653,51,1031.22,305.98,114.37,478.49,0.8002,-1,-1,-1
653,74,1439.08,292.79,143.49,555.53,0.7715,-1,-1,-1
653,89,529.41,361.48,114.04,393.39,0.7025,-1,-1,-1
653,96,1311.93,307.72,146.20,504.35,0.7691,-1,-1,-1
653,98,1127.80,314.72,194.35,529.91,0.8396,-1,-1,-1
653,99,814.62,403.19,70.51,230.22,0.6532,-1,-1,-1
654,2,870.27,335.38,166.61,440.93,0.8417,-1,-1,-1
654,6,1751.43,287.11,167.94,675.73,0.7755,-1,-1,-1
654,51,1030.10,303.67,114.34,480.32,0.7950,-1,-1,-1
654,74,1441.03,293.48,145.98,551.47,0.7605,-1,-1,-1
654,89,526.17,358.32,100.00,397.60,0.7308,-1,-1,-1
654,96,1313.57,304.89,146.36,508.59,0.7868,-1,-1,-1
654,98,1124.51,310.97,198.58,539.13,0.8530,-1,-1,-1
654,99,808.78,402.07,76.34,230.34,0.6979,-1,-1,-1
655,2,867.34,332.92,167.84,446.33,0.8410,-1,-1,-1
655,6,1758.33,286.07,161.06,721.51,0.7631,-1,-1,-1
655,51,1028.03,303.29,116.71,478.36,0.7755,-1,-1,-1
655,74,1446.51,293.86,144.41,552.69,0.7370,-1,-1,-1
655,89,523.72,357.81,120.47,397.34,0.7641,-1,-1,-1
655,96,1316.58,294.97,144.96,522.83,0.8102,-1,-1,-1
655,98,1119.92,310.42,204.34,543.11,0.8418,-1,-1,-1
655,99,807.74,401.90,70.59,229.70,0.6971,-1,-1,-1
656,2,865.28,332.59,165.20,442.88,0.8472,-1,-1,-1
656,6,1768.99,283.82,150.60,751.52,0.7909,-1,-1,-1
656,51,1026.84,305.28,116.03,476.38,0.7898,-1,-1,-1
656,74,1449.45,292.68,144.19,559.05,0.7548,-1,-1,-1
656,89,517.76,359.07,110.59,402.94,0.7331,-1,-1,-1
656,96,1316.24,296.84,146.43,527.08,0.8156,-1,-1,-1
656,98,1116.16,311.51,202.89,543.27,0.8422,-1,-1,-1
656,99,807.41,405.90,67.28,227.68,0.7181,-1,-1,-1
657,2,859.50,336.42,167.11,437.45,0.8642,-1,-1,-1
657,6,1780.08,295.41,139.84,748.10,0.7591,-1,-1,-1
657,51,1026.10,307.10,114.17,482.12,0.7680,-1,-1,-1
657,74,1450.33,292.87,146.00,559.76,0.7551,-1,-1,-1
657,89,515.19,360.36,114.51,405.51,0.7422,-1,-1,-1
657,96,1314.65,298.44,149.24,532.81,0.8076,-1,-1,-1
657,98,1114.08,312.12,201.97,540.19,0.8436,-1,-1,-1
657,99,803.90,400.94,64.99,237.05,0.6985,-1,-1,-1
658,2,854.44,331.57,170.19,447.06,0.8731,-1,-1,-1
658,6,1790.36,290.21,129.42,765.32,0.7507,-1,-1,-1
658,51,1023.42,306.43,114.61,479.70,0.7671,-1,-1,-1
658,74,1452.95,290.47,145.13,561.48,0.7764,-1,-1,-1
658,89,510.24,359.91,119.74,405.02,0.8045,-1,-1,-1
658,96,1312.24,296.28,152.19,537.42,0.8147,-1,-1,-1
658,98,1112.09,310.50,202.54,532.62,0.8412,-1,-1,-1
658,99,797.43,407.08,67.86,231.29,0.6547,-1,-1,-1
659,2,852.77,330.13,170.19,444.36,0.8718,-1,-1,-1
659,6,1800.46,289.62,119.42,767.90,0.7336,-1,-1,-1
659,51,1020.23,306.14,113.58,480.06,0.7717,-1,-1,-1
659,74,1455.27,288.03,145.46,564.70,0.7847,-1,-1,-1
659,89,505.42,363.40,100.14,399.80,0.6653,-1,-1,-1
659,96,1310.32,296.18,155.72,540.17,0.8340,-1,-1,-1
659,98,1109.08,307.00,207.39,550.04,0.8459,-1,-1,-1
659,99,792.44,403.88,70.73,228.39,0.6914,-1,-1,-1
660,2,850.51,328.64,170.35,442.87,0.8649,-1,-1,-1
660,6,1806.89,282.66,112.90,784.72,0.7413,-1,-1,-1
660,51,1016.63,306.66,115.16,483.15,0.7694,-1,-1,-1
660,74,1456.18,286.71,146.89,567.74,0.7903,-1,-1,-1
660,89,500.45,363.64,100.20,398.55,0.7046,-1,-1,-1
660,96,1307.71,292.19,159.46,546.50,0.8387,-1,-1,-1
660,98,1105.70,302.59,209.11,557.75,0.8485,-1,-1,-1
660,99,788.72,395.86,72.65,235.08,0.7189,-1,-1,-1
661,2,848.42,327.38,168.00,447.30,0.8621,-1,-1,-1
661,6,1811.06,281.99,108.67,791.82,0.7534,-1,-1,-1
661,51,1012.86,306.23,115.05,488.62,0.7682,-1,-1,-1
661,74,1455.18,285.40,147.84,572.97,0.7937,-1,-1,-1
661,89,495.71,361.35,127.34,407.63,0.7472,-1,-1,-1
661,96,1306.47,289.91,161.98,554.13,0.8142,-1,-1,-1
661,97,1265.36,327.90,78.38,436.13,0.3173,-1,-1,-1
661,98,1103.96,298.80,208.28,563.74,0.8685,-1,-1,-1
661,99,787.16,393.83,68.66,241.36,0.7361,-1,-1,-1
662,2,847.54,328.43,167.19,453.19,0.8513,-1,-1,-1
662,6,1811.92,284.51,107.62,790.55,0.7515,-1,-1,-1
662,51,1015.04,312.36,106.90,485.77,0.7678,-1,-1,-1
662,74,1453.76,285.98,152.08,574.96,0.8015,-1,-1,-1
662,89,490.50,359.81,106.48,409.19,0.7765,-1,-1,-1
662,96,1303.70,286.19,165.79,560.19,0.8082,-1,-1,-1
662,98,1099.06,300.08,208.59,566.51,0.8827,-1,-1,-1
662,99,781.95,390.19,69.35,247.87,0.7734,-1,-1,-1
663,2,837.34,329.05,170.64,448.40,0.8381,-1,-1,-1
663,6,1811.10,281.22,108.43,793.88,0.7607,-1,-1,-1
663,51,1009.94,312.24,111.61,490.57,0.8036,-1,-1,-1
663,74,1451.37,285.94,154.65,575.76,0.8119,-1,-1,-1
663,89,481.42,356.78,111.13,414.17,0.7901,-1,-1,-1
663,96,1293.96,288.56,172.63,561.65,0.8232,-1,-1,-1
663,98,1093.01,296.25,213.22,573.22,0.8784,-1,-1,-1
664,2,833.25,332.23,172.82,441.61,0.8535,-1,-1,-1
664,6,1811.09,281.32,108.48,793.89,0.7674,-1,-1,-1
664,51,1007.31,311.40,109.94,490.82,0.8056,-1,-1,-1
664,74,1450.49,285.14,158.67,578.30,0.8186,-1,-1,-1
664,89,474.70,354.90,123.16,416.93,0.7977,-1,-1,-1
664,96,1286.45,289.00,179.54,565.44,0.8258,-1,-1,-1
664,98,1092.59,298.18,204.15,579.34,0.8739,-1,-1,-1
664,99,775.51,394.74,66.43,234.74,0.5357,-1,-1,-1
665,2,845.22,332.91,153.20,433.28,0.8440,-1,-1,-1
665,6,1813.82,273.56,105.78,802.16,0.7559,-1,-1,-1
665,51,999.80,307.93,116.23,491.87,0.7884,-1,-1,-1
665,74,1448.85,284.34,159.07,580.76,0.8175,-1,-1,-1
665,89,468.83,356.39,109.76,418.85,0.7516,-1,-1,-1
665,96,1285.79,281.04,177.24,576.21,0.8553,-1,-1,-1
665,98,1087.82,294.16,215.88,583.96,0.8690,-1,-1,-1
665,99,765.00,396.38,75.11,240.41,0.6894,-1,-1,-1
666,2,844.34,332.36,153.29,441.99,0.8453,-1,-1,-1
666,6,1801.75,266.25,117.69,810.03,0.7588,-1,-1,-1
666,51,994.29,304.44,116.32,491.92,0.7847,-1,-1,-1
666,74,1448.21,283.58,163.24,582.71,0.8405,-1,-1,-1
666,89,462.85,355.63,113.42,420.72,0.7394,-1,-1,-1
666,96,1274.12,281.80,185.21,578.17,0.8587,-1,-1,-1
666,98,1086.53,291.00,221.81,596.30,0.8739,-1,-1,-1
666,99,765.90,396.03,69.60,243.31,0.6974,-1,-1,-1
667,2,839.94,333.09,154.65,446.33,0.8482,-1,-1,-1
667,6,1790.18,263.14,129.29,810.65,0.7675,-1,-1,-1
667,51,987.67,303.74,118.41,476.31,0.7905,-1,-1,-1
667,74,1443.21,284.95,167.46,580.01,0.8500,-1,-1,-1
667,89,453.42,355.25,106.05,419.47,0.7098,-1,-1,-1
667,96,1274.88,274.60,180.73,585.79,0.8727,-1,-1,-1
667,98,1084.96,287.61,224.92,614.89,0.8776,-1,-1,-1
667,99,760.28,397.14,70.41,243.62,0.7136,-1,-1,-1
668,2,836.80,332.69,158.03,439.81,0.8555,-1,-1,-1
668,6,1789.96,260.10,129.58,813.94,0.7446,-1,-1,-1
668,51,981.56,302.13,119.64,488.02,0.7941,-1,-1,-1
668,74,1441.79,285.41,172.69,579.90,0.8600,-1,-1,-1
668,89,446.16,352.89,107.01,424.57,0.7815,-1,-1,-1
668,96,1270.87,269.59,181.77,589.54,0.8744,-1,-1,-1
668,98,1079.93,284.93,229.73,620.15,0.8780,-1,-1,-1
668,99,756.04,389.46,72.47,252.14,0.7262,-1,-1,-1
668,103,1221.99,325.30,63.48,94.22,0.3836,-1,-1,-1
669,2,835.99,331.30,159.99,431.79,0.8533,-1,-1,-1
669,6,1798.19,254.35,121.42,821.92,0.7749,-1,-1,-1
669,51,975.87,299.12,123.08,491.77,0.8046,-1,-1,-1
669,74,1440.22,282.03,177.98,582.77,0.8604,-1,-1,-1
669,89,440.71,343.94,109.57,435.06,0.7758,-1,-1,-1
669,96,1266.48,265.80,183.42,591.99,0.8621,-1,-1,-1
669,98,1075.96,282.56,235.37,637.78,0.8838,-1,-1,-1
669,99,749.44,391.96,74.87,249.86,0.6921,-1,-1,-1
670,2,834.78,330.07,156.16,430.15,0.8458,-1,-1,-1
670,6,1798.36,247.82,121.19,826.98,0.7925,-1,-1,-1
670,51,975.96,298.36,119.10,487.59,0.8182,-1,-1,-1
670,74,1440.82,280.32,178.70,584.26,0.8579,-1,-1,-1
670,89,433.05,348.96,112.66,434.20,0.7885,-1,-1,-1
670,96,1266.73,247.24,182.63,614.35,0.8558,-1,-1,-1
670,98,1073.71,281.05,238.00,653.00,0.8828,-1,-1,-1
670,99,741.01,387.94,82.47,255.34,0.7225,-1,-1,-1
671,2,834.80,329.37,148.62,433.42,0.8529,-1,-1,-1
671,6,1797.22,241.66,122.30,833.63,0.7864,-1,-1,-1
671,51,973.08,297.74,121.14,484.75,0.8109,-1,-1,-1
671,74,1440.03,277.37,181.80,589.15,0.8559,-1,-1,-1
671,89,429.14,349.19,114.13,434.16,0.8086,-1,-1,-1
671,96,1272.15,256.87,181.05,607.66,0.8530,-1,-1,-1
671,98,1074.59,281.37,238.16,667.99,0.8848,-1,-1,-1
671,99,740.35,383.44,79.64,260.01,0.7257,-1,-1,-1
672,2,836.31,329.28,148.79,434.83,0.8553,-1,-1,-1
672,6,1795.55,223.39,124.43,847.27,0.7838,-1,-1,-1
672,51,970.55,296.03,125.56,488.88,0.8134,-1,-1,-1
672,74,1441.32,275.63,182.66,590.34,0.8604,-1,-1,-1
672,89,424.36,348.23,120.81,440.90,0.7895,-1,-1,-1
672,96,1271.51,245.47,184.88,626.35,0.8494,-1,-1,-1
672,98,1075.70,279.64,239.92,687.07,0.8894,-1,-1,-1
672,99,737.37,383.18,82.13,262.68,0.7198,-1,-1,-1
673,2,838.04,328.13,140.21,433.72,0.8483,-1,-1,-1
673,6,1790.61,145.08,129.18,927.08,0.7711,-1,-1,-1
673,51,970.29,293.66,126.33,484.98,0.8159,-1,-1,-1
673,74,1443.32,274.19,183.53,594.18,0.8488,-1,-1,-1
673,89,421.00,352.02,120.26,438.80,0.7847,-1,-1,-1
673,96,1273.19,241.89,186.33,637.39,0.8356,-1,-1,-1
673,98,1075.51,273.78,247.79,698.67,0.8859,-1,-1,-1
673,99,737.17,379.88,79.43,265.69,0.7207,-1,-1,-1
674,2,838.44,328.05,137.97,433.33,0.8471,-1,-1,-1
674,6,1783.94,153.83,135.94,916.12,0.7816,-1,-1,-1
674,51,970.30,294.38,125.59,485.52,0.8090,-1,-1,-1
674,74,1444.76,273.44,188.72,592.69,0.8414,-1,-1,-1
674,89,420.05,353.86,118.84,439.96,0.7688,-1,-1,-1
674,96,1279.07,240.84,180.46,655.11,0.8243,-1,-1,-1
674,98,1073.10,266.09,258.90,710.85,0.8774,-1,-1,-1
674,99,737.12,380.23,83.25,262.48,0.7019,-1,-1,-1
675,2,838.88,328.53,139.09,434.74,0.8531,-1,-1,-1
675,6,1776.07,212.16,143.86,856.17,0.7948,-1,-1,-1
675,51,969.34,292.91,127.43,490.45,0.8131,-1,-1,-1
675,74,1446.97,273.20,190.87,594.28,0.8448,-1,-1,-1
675,89,417.10,349.77,122.96,448.04,0.7744,-1,-1,-1
675,96,1283.79,248.95,184.92,664.29,0.8163,-1,-1,-1
675,98,1069.38,264.25,269.02,718.23,0.8752,-1,-1,-1
675,99,736.93,382.52,81.91,258.53,0.7085,-1,-1,-1
676,2,837.83,329.48,140.15,436.47,0.8513,-1,-1,-1
676,6,1769.84,225.03,149.90,842.29,0.8226,-1,-1,-1
676,51,969.51,292.84,128.54,489.71,0.8215,-1,-1,-1
676,74,1457.37,272.57,185.44,586.26,0.8382,-1,-1,-1
676,89,414.68,351.09,125.69,450.41,0.7926,-1,-1,-1
676,96,1290.55,237.98,188.63,678.87,0.7948,-1,-1,-1
676,98,1067.47,258.49,280.98,727.94,0.8543,-1,-1,-1
676,99,734.61,382.09,84.69,260.94,0.7246,-1,-1,-1
677,2,837.54,327.33,142.90,437.78,0.8420,-1,-1,-1
677,6,1758.43,236.79,161.22,832.53,0.8336,-1,-1,-1
677,51,972.82,291.56,124.78,486.65,0.8249,-1,-1,-1
677,74,1461.43,266.45,188.80,593.60,0.8357,-1,-1,-1
677,89,411.33,346.81,126.60,454.45,0.7924,-1,-1,-1
677,96,1297.30,228.75,207.21,699.36,0.7772,-1,-1,-1
677,98,1064.26,250.77,291.61,700.20,0.8501,-1,-1,-1
677,99,734.18,379.61,86.86,264.73,0.7434,-1,-1,-1
678,2,838.33,326.43,142.55,439.91,0.8475,-1,-1,-1
678,6,1753.44,236.57,166.22,836.74,0.8555,-1,-1,-1
678,51,972.09,291.14,128.12,488.89,0.8165,-1,-1,-1
678,74,1468.27,263.79,182.38,596.13,0.8227,-1,-1,-1
678,89,409.01,348.21,128.51,454.51,0.7955,-1,-1,-1
678,96,1302.14,226.89,206.50,705.28,0.8078,-1,-1,-1
678,98,1060.77,241.97,309.30,701.63,0.8709,-1,-1,-1
678,99,734.13,379.75,86.53,266.43,0.7408,-1,-1,-1
679,2,837.36,327.59,146.77,438.25,0.8426,-1,-1,-1
679,6,1747.74,246.11,171.95,828.61,0.8450,-1,-1,-1
679,51,978.61,291.49,124.63,485.06,0.7902,-1,-1,-1
679,74,1477.61,263.27,180.41,594.46,0.8157,-1,-1,-1
679,89,408.46,348.19,126.78,454.66,0.7841,-1,-1,-1
679,96,1310.80,228.91,201.24,724.10,0.8382,-1,-1,-1
679,98,1060.95,236.24,315.92,737.51,0.8623,-1,-1,-1
679,99,734.27,378.37,85.46,266.35,0.7336,-1,-1,-1
680,2,835.19,329.62,159.15,438.26,0.8465,-1,-1,-1
680,6,1740.18,247.94,179.58,806.00,0.7731,-1,-1,-1
680,51,982.75,292.89,120.56,483.53,0.7723,-1,-1,-1
680,74,1486.70,262.14,183.18,604.81,0.8342,-1,-1,-1
680,89,408.97,346.99,129.11,458.77,0.7866,-1,-1,-1
680,96,1319.14,237.93,207.33,728.84,0.8708,-1,-1,-1
680,98,1064.70,231.04,297.14,767.78,0.8740,-1,-1,-1
680,99,735.60,377.92,86.94,270.25,0.7449,-1,-1,-1
681,2,837.49,332.08,162.14,437.20,0.8541,-1,-1,-1
681,6,1734.80,252.43,185.25,708.71,0.7894,-1,-1,-1
681,51,985.10,296.44,119.26,480.56,0.7802,-1,-1,-1
681,74,1490.30,262.27,187.08,609.15,0.8323,-1,-1,-1
681,89,411.24,345.35,130.51,462.62,0.7832,-1,-1,-1
681,96,1330.26,240.59,201.87,730.05,0.8649,-1,-1,-1
681,98,1073.01,225.80,286.24,787.28,0.8695,-1,-1,-1
681,99,735.27,382.41,92.55,270.86,0.7563,-1,-1,-1
682,2,838.67,333.30,170.01,442.25,0.8250,-1,-1,-1
682,6,1731.80,257.18,188.38,541.55,0.8296,-1,-1,-1
682,51,992.64,296.24,115.95,482.71,0.8018,-1,-1,-1
682,74,1500.51,259.85,177.48,620.16,0.8326,-1,-1,-1
682,89,413.38,345.68,127.74,464.60,0.7898,-1,-1,-1
682,96,1341.86,234.93,200.39,739.55,0.8558,-1,-1,-1
682,98,1079.15,223.63,287.22,793.14,0.8819,-1,-1,-1
682,99,737.11,381.86,93.40,274.74,0.7630,-1,-1,-1
683,2,845.95,335.85,165.41,429.33,0.8037,-1,-1,-1
683,6,1741.78,260.08,177.67,524.14,0.7006,-1,-1,-1
683,51,996.84,294.62,119.28,488.35,0.8023,-1,-1,-1
683,74,1508.00,256.82,167.15,623.66,0.8320,-1,-1,-1
683,89,414.17,347.48,125.74,463.29,0.7796,-1,-1,-1
683,96,1350.12,232.47,216.28,750.99,0.8695,-1,-1,-1
683,98,1083.81,220.44,293.34,814.55,0.8783,-1,-1,-1
683,99,739.82,382.82,91.61,273.81,0.7639,-1,-1,-1
684,2,849.75,336.71,161.47,436.40,0.8396,-1,-1,-1
684,6,1748.04,263.51,171.38,510.27,0.6231,-1,-1,-1
684,51,1002.35,296.58,114.67,489.77,0.8060,-1,-1,-1
684,74,1513.89,259.05,171.81,628.04,0.8201,-1,-1,-1
684,89,416.87,348.04,126.58,464.99,0.7940,-1,-1,-1
684,96,1359.36,224.28,222.90,763.30,0.8636,-1,-1,-1
684,98,1091.60,217.26,294.36,851.82,0.8764,-1,-1,-1
684,99,746.99,382.50,89.57,277.98,0.7767,-1,-1,-1
685,2,862.33,332.93,154.46,436.38,0.8128,-1,-1,-1
685,6,1757.00,267.29,161.97,514.65,0.4476,-1,-1,-1
685,51,1009.33,297.12,113.80,489.39,0.8054,-1,-1,-1
685,74,1521.72,260.76,162.43,620.36,0.7557,-1,-1,-1
685,89,420.62,340.68,129.47,473.88,0.7980,-1,-1,-1
685,96,1369.98,219.30,222.98,767.89,0.8325,-1,-1,-1
685,98,1096.91,214.68,300.08,865.32,0.8874,-1,-1,-1
685,99,753.47,382.47,87.47,281.17,0.7894,-1,-1,-1
686,2,874.61,333.45,145.21,433.57,0.8561,-1,-1,-1
686,6,1769.58,280.59,150.20,509.43,0.6645,-1,-1,-1
686,51,1016.99,293.27,118.29,491.15,0.7971,-1,-1,-1
686,74,1544.91,267.81,144.01,617.36,0.4313,-1,-1,-1
686,89,424.82,342.15,123.99,473.56,0.8145,-1,-1,-1
686,96,1385.85,209.42,235.83,781.58,0.8309,-1,-1,-1
686,98,1103.27,210.57,300.79,869.15,0.8993,-1,-1,-1
686,99,757.19,383.45,87.74,277.71,0.8152,-1,-1,-1
687,2,877.71,329.62,159.05,439.85,0.8464,-1,-1,-1
687,6,1790.10,302.44,129.46,546.25,0.6378,-1,-1,-1
687,51,1018.95,295.97,122.78,496.84,0.7959,-1,-1,-1
687,89,429.23,336.49,119.00,472.79,0.7954,-1,-1,-1
687,96,1394.53,201.11,271.13,796.42,0.8370,-1,-1,-1
687,98,1104.79,207.19,310.56,872.46,0.9021,-1,-1,-1
687,99,765.28,379.22,87.40,283.28,0.8177,-1,-1,-1
688,2,883.24,326.28,150.11,434.00,0.8325,-1,-1,-1
688,6,1806.11,332.39,113.98,532.32,0.6843,-1,-1,-1
688,51,1029.31,293.50,118.57,488.37,0.8105,-1,-1,-1
688,89,433.21,331.69,124.00,479.65,0.7640,-1,-1,-1
688,96,1408.57,190.96,286.98,809.57,0.8663,-1,-1,-1
688,98,1107.61,195.97,317.81,881.32,0.8989,-1,-1,-1
688,99,765.31,377.00,92.42,281.54,0.7856,-1,-1,-1
689,2,891.24,322.53,150.55,430.29,0.8103,-1,-1,-1
689,6,1827.06,370.40,93.38,498.10,0.5571,-1,-1,-1
689,51,1037.48,290.68,115.70,487.94,0.7757,-1,-1,-1
689,89,436.22,328.98,123.88,475.15,0.8084,-1,-1,-1
689,96,1419.05,188.26,294.34,804.32,0.8774,-1,-1,-1
689,98,1111.15,170.91,325.53,904.62,0.8956,-1,-1,-1
689,99,769.36,372.22,97.90,282.41,0.7697,-1,-1,-1
689,105,864.92,384.32,50.75,225.84,0.4417,-1,-1,-1
690,2,895.72,317.02,161.28,434.10,0.7927,-1,-1,-1
690,6,1850.41,406.51,70.36,475.50,0.3386,-1,-1,-1
690,51,1045.72,286.29,115.58,486.85,0.8152,-1,-1,-1
690,89,438.64,321.89,122.30,474.84,0.7845,-1,-1,-1
690,96,1427.36,178.17,318.14,813.19,0.8657,-1,-1,-1
690,98,1109.97,169.60,338.39,900.31,0.8985,-1,-1,-1
690,99,774.21,361.23,92.85,289.53,0.7459,-1,-1,-1
690,105,869.12,379.25,48.66,227.55,0.4064,-1,-1,-1
691,2,901.11,311.03,164.70,432.18,0.8089,-1,-1,-1
691,51,1048.15,283.06,115.69,486.20,0.7609,-1,-1,-1
691,89,440.77,318.97,122.52,477.61,0.7141,-1,-1,-1
691,96,1437.22,163.65,336.57,832.38,0.8799,-1,-1,-1
691,98,1109.83,177.87,343.34,896.68,0.9032,-1,-1,-1
691,99,777.67,361.79,93.44,290.00,0.7824,-1,-1,-1
691,105,869.10,381.21,52.38,220.08,0.3538,-1,-1,-1
692,2,906.82,307.02,144.57,432.86,0.7948,-1,-1,-1
692,51,1052.96,279.69,117.58,492.36,0.7500,-1,-1,-1
692,89,440.99,313.73,124.58,483.83,0.7419,-1,-1,-1
692,96,1444.73,153.11,347.01,860.72,0.8965,-1,-1,-1
692,98,1106.88,157.72,359.92,919.59,0.8951,-1,-1,-1
692,99,779.72,355.55,92.89,293.70,0.7836,-1,-1,-1
692,105,866.99,373.69,57.99,219.08,0.5086,-1,-1,-1
693,2,910.03,302.15,148.07,436.17,0.7916,-1,-1,-1
693,51,1059.98,272.69,105.23,518.55,0.6059,-1,-1,-1
693,89,439.80,309.66,149.66,488.15,0.6779,-1,-1,-1
693,96,1451.01,143.29,360.65,894.39,0.9008,-1,-1,-1
693,98,1104.40,132.84,377.66,939.74,0.8889,-1,-1,-1
693,99,778.45,353.76,93.95,291.98,0.7794,-1,-1,-1
693,105,866.31,370.89,62.33,220.88,0.5331,-1,-1,-1
694,2,909.88,299.46,142.85,437.95,0.8126,-1,-1,-1
694,51,1062.49,266.52,97.99,519.64,0.5496,-1,-1,-1
694,89,439.63,304.33,137.25,492.46,0.6922,-1,-1,-1
694,96,1454.80,138.62,381.50,914.17,0.8982,-1,-1,-1
694,98,1101.67,125.96,398.40,948.02,0.8896,-1,-1,-1
694,99,780.06,352.03,93.57,293.65,0.7482,-1,-1,-1
694,105,865.20,366.88,61.96,217.98,0.5095,-1,-1,-1
695,2,911.46,299.07,142.63,435.19,0.8102,-1,-1,-1
695,51,1061.56,258.96,131.94,632.11,0.5270,-1,-1,-1
695,89,434.87,298.66,125.56,494.62,0.7972,-1,-1,-1
695,96,1461.73,130.95,400.57,920.40,0.8994,-1,-1,-1
695,98,1092.92,111.96,425.05,962.19,0.8795,-1,-1,-1
695,99,780.89,346.30,89.45,295.64,0.7458,-1,-1,-1
695,105,867.08,363.33,64.30,224.95,0.6096,-1,-1,-1
696,2,910.31,301.24,138.77,432.06,0.8455,-1,-1,-1
696,51,1045.74,250.89,160.60,665.88,0.6175,-1,-1,-1
696,89,432.30,296.79,126.10,497.82,0.8193,-1,-1,-1
696,96,1466.58,125.70,412.31,936.26,0.9045,-1,-1,-1
696,98,1097.61,99.83,429.89,975.08,0.8823,-1,-1,-1
696,99,776.50,343.43,93.79,297.45,0.7684,-1,-1,-1
696,105,867.30,364.23,62.73,228.92,0.6266,-1,-1,-1
697,2,914.98,297.10,133.77,430.59,0.8157,-1,-1,-1
697,51,1043.34,248.68,154.12,680.20,0.6702,-1,-1,-1
697,89,425.55,295.26,132.27,498.18,0.7918,-1,-1,-1
697,96,1476.85,115.44,415.09,955.70,0.8911,-1,-1,-1
697,98,1109.46,84.35,438.03,990.64,0.8937,-1,-1,-1
697,99,775.72,337.27,95.33,300.53,0.7628,-1,-1,-1
697,105,865.94,361.98,62.61,229.01,0.6717,-1,-1,-1
698,2,917.15,290.82,140.91,437.28,0.8322,-1,-1,-1
698,51,1045.91,226.13,167.45,707.57,0.6729,-1,-1,-1
698,89,426.30,286.15,125.45,500.89,0.7804,-1,-1,-1
698,96,1481.27,111.71,428.40,954.25,0.9017,-1,-1,-1
698,98,1107.05,67.63,444.32,1007.90,0.9040,-1,-1,-1
698,99,774.47,338.52,97.65,299.74,0.7806,-1,-1,-1
698,105,862.56,358.02,65.67,228.02,0.6886,-1,-1,-1
699,2,918.21,285.16,150.29,440.12,0.8359,-1,-1,-1
699,51,1046.20,207.36,167.28,733.86,0.6958,-1,-1,-1
699,89,422.50,280.67,139.04,503.88,0.7728,-1,-1,-1
699,96,1492.78,97.51,426.04,963.86,0.9050,-1,-1,-1
699,98,1115.89,49.88,446.72,1027.88,0.9052,-1,-1,-1
699,99,772.42,334.90,102.85,301.36,0.7890,-1,-1,-1
699,105,863.99,351.85,64.91,229.11,0.6889,-1,-1,-1
700,2,919.43,283.32,149.00,439.98,0.8452,-1,-1,-1
700,51,1051.53,195.22,159.24,747.18,0.7592,-1,-1,-1
700,89,421.92,276.56,129.89,505.12,0.7964,-1,-1,-1
700,96,1501.11,80.27,417.92,984.64,0.9101,-1,-1,-1
700,98,1131.08,32.55,446.36,1043.09,0.8994,-1,-1,-1
700,99,771.72,332.40,103.01,303.59,0.7657,-1,-1,-1
700,105,866.69,347.24,61.56,230.93,0.6502,-1,-1,-1
701,2,920.63,282.96,147.18,436.13,0.8554,-1,-1,-1
701,51,1054.04,188.43,137.61,752.33,0.7719,-1,-1,-1
701,89,417.33,271.58,130.11,512.35,0.8243,-1,-1,-1
701,96,1511.13,73.45,408.20,988.42,0.9082,-1,-1,-1
701,98,1137.81,22.90,446.96,1050.52,0.8951,-1,-1,-1
701,99,773.43,328.56,103.15,305.20,0.7537,-1,-1,-1
701,105,864.69,345.33,65.68,233.91,0.6725,-1,-1,-1
702,2,921.49,279.59,139.67,433.06,0.8407,-1,-1,-1
702,51,1045.60,179.75,172.71,762.80,0.8141,-1,-1,-1
702,89,415.32,267.76,131.46,517.59,0.8279,-1,-1,-1
702,96,1512.22,63.34,407.51,999.00,0.9111,-1,-1,-1
702,98,1138.52,10.95,451.38,1061.28,0.8916,-1,-1,-1
702,99,774.95,324.67,97.15,305.71,0.7640,-1,-1,-1
702,105,858.67,338.44,73.37,238.67,0.7016,-1,-1,-1
703,2,922.20,277.20,134.10,431.02,0.8366,-1,-1,-1
703,51,1042.67,169.85,178.18,772.49,0.8353,-1,-1,-1
703,89,406.92,260.22,137.26,523.24,0.8180,-1,-1,-1
703,96,1520.78,48.95,399.22,1017.53,0.9060,-1,-1,-1
703,98,1148.46,3.40,451.38,1069.24,0.8957,-1,-1,-1
703,99,772.76,318.35,100.78,311.81,0.7656,-1,-1,-1
703,105,861.07,333.00,71.21,246.30,0.6810,-1,-1,-1
704,2,921.80,270.93,124.35,431.14,0.8208,-1,-1,-1
704,51,1034.30,158.75,208.64,783.05,0.8462,-1,-1,-1
704,89,399.52,254.07,138.65,522.87,0.8433,-1,-1,-1
704,96,1532.75,36.92,387.12,1029.50,0.9108,-1,-1,-1
704,98,1154.18,0.86,453.89,1069.94,0.9025,-1,-1,-1
704,99,772.25,313.44,105.39,313.20,0.7671,-1,-1,-1
704,105,861.10,328.29,69.99,247.30,0.6798,-1,-1,-1
705,2,920.24,263.16,122.38,430.84,0.8178,-1,-1,-1
705,51,1024.52,147.93,205.83,792.98,0.8462,-1,-1,-1
705,89,394.78,251.12,143.79,521.15,0.8588,-1,-1,-1
705,96,1545.17,11.25,374.83,1051.32,0.9014,-1,-1,-1
705,98,1159.30,1.14,453.00,1068.87,0.9049,-1,-1,-1
705,99,775.27,309.84,96.46,313.97,0.7490,-1,-1,-1
705,105,854.86,322.72,72.51,244.96,0.6568,-1,-1,-1
706,2,921.39,258.28,122.70,428.74,0.8049,-1,-1,-1
706,51,1002.31,136.52,214.74,818.28,0.8301,-1,-1,-1
706,89,392.64,242.66,141.24,528.46,0.8136,-1,-1,-1
706,96,1556.89,2.94,362.82,1063.03,0.9177,-1,-1,-1
706,98,1170.31,0.99,458.95,1070.82,0.9111,-1,-1,-1
706,99,772.76,302.66,95.28,316.58,0.7622,-1,-1,-1
706,105,852.67,318.41,73.55,249.56,0.6821,-1,-1,-1
707,2,920.25,254.39,123.89,425.86,0.7559,-1,-1,-1
707,51,991.18,120.20,221.54,856.50,0.8320,-1,-1,-1
707,89,388.66,236.63,142.58,528.26,0.8208,-1,-1,-1
707,96,1578.96,2.45,340.93,1069.48,0.9170,-1,-1,-1
707,98,1179.74,1.51,472.75,1072.87,0.9136,-1,-1,-1
707,99,777.06,294.88,89.53,316.01,0.7831,-1,-1,-1
707,105,853.08,312.22,73.39,248.26,0.6648,-1,-1,-1
708,2,922.28,240.30,104.28,434.64,0.6969,-1,-1,-1
708,51,977.76,106.89,228.36,881.94,0.8468,-1,-1,-1
708,89,386.98,231.10,145.09,530.18,0.7950,-1,-1,-1
708,96,1601.68,3.90,318.34,1068.77,0.9075,-1,-1,-1
708,98,1182.59,1.98,493.07,1068.11,0.9134,-1,-1,-1
708,99,771.51,288.60,100.61,318.07,0.7736,-1,-1,-1
708,105,852.18,305.21,74.23,256.69,0.6081,-1,-1,-1
709,2,913.03,229.98,119.86,436.97,0.5532,-1,-1,-1
709,51,968.79,97.30,262.59,904.54,0.8609,-1,-1,-1
709,89,382.15,217.25,145.09,544.17,0.8032,-1,-1,-1
709,96,1630.55,4.93,288.99,1074.71,0.8982,-1,-1,-1
709,98,1200.92,2.16,505.91,1068.35,0.9182,-1,-1,-1
709,99,766.47,281.37,105.99,322.32,0.7602,-1,-1,-1
709,105,851.55,300.74,73.99,253.05,0.5355,-1,-1,-1
710,51,936.29,85.82,302.12,927.26,0.8828,-1,-1,-1
710,89,378.65,212.04,145.28,542.88,0.7942,-1,-1,-1
710,96,1660.30,4.52,259.70,1075.36,0.8971,-1,-1,-1
710,98,1219.06,2.55,523.68,1066.04,0.9315,-1,-1,-1
710,99,766.72,274.46,104.67,326.29,0.7692,-1,-1,-1
710,105,854.52,297.17,69.34,250.10,0.4965,-1,-1,-1
711,51,926.50,79.54,312.15,943.75,0.8934,-1,-1,-1
711,89,374.57,207.07,146.31,546.18,0.8141,-1,-1,-1
711,96,1696.51,5.21,223.34,1056.95,0.8807,-1,-1,-1
711,98,1232.79,0.51,573.82,1066.74,0.9216,-1,-1,-1
711,99,774.26,270.18,96.32,328.99,0.7466,-1,-1,-1
711,105,853.17,295.52,69.53,254.71,0.4919,-1,-1,-1
712,51,915.30,63.70,324.52,974.09,0.9029,-1,-1,-1
712,89,371.22,203.68,145.60,550.61,0.8206,-1,-1,-1
712,96,1733.23,11.64,187.01,895.71,0.7731,-1,-1,-1
712,98,1256.00,3.59,576.36,1068.03,0.9111,-1,-1,-1
712,99,761.87,266.51,110.86,332.88,0.7431,-1,-1,-1
712,105,853.15,293.94,66.90,252.32,0.5970,-1,-1,-1
713,51,909.15,51.48,327.56,1005.86,0.8966,-1,-1,-1
713,89,366.03,196.57,147.74,556.65,0.8164,-1,-1,-1
713,96,1780.09,9.69,139.92,836.84,0.5927,-1,-1,-1
713,98,1275.35,5.00,604.72,1066.15,0.9159,-1,-1,-1
713,99,758.60,261.20,117.14,337.34,0.7595,-1,-1,-1
713,105,852.51,285.19,72.58,260.77,0.5324,-1,-1,-1
714,51,900.88,43.06,325.73,1019.98,0.8874,-1,-1,-1
714,89,363.80,194.19,148.58,558.08,0.8265,-1,-1,-1
714,98,1292.24,3.05,626.75,1066.17,0.9254,-1,-1,-1
714,99,756.33,258.94,117.34,339.04,0.7820,-1,-1,-1
714,105,853.78,284.83,68.03,261.82,0.5898,-1,-1,-1
715,51,890.34,36.51,326.61,1030.95,0.8908,-1,-1,-1
715,89,358.69,192.25,155.93,558.96,0.8250,-1,-1,-1
715,98,1285.34,0.07,633.94,1065.74,0.9283,-1,-1,-1
715,99,757.45,256.26,122.17,339.80,0.7669,-1,-1,-1
715,105,850.86,280.68,58.49,265.63,0.4193,-1,-1,-1
716,51,877.36,12.02,327.98,1053.53,0.8965,-1,-1,-1
716,89,356.49,189.71,151.35,564.39,0.8276,-1,-1,-1
716,98,1270.41,-0.06,649.09,1068.60,0.9285,-1,-1,-1
716,99,757.63,254.30,118.84,340.13,0.7613,-1,-1,-1
716,105,847.86,274.60,53.40,269.13,0.3652,-1,-1,-1
716,110,1238.22,317.23,60.33,205.89,0.5869,-1,-1,-1
717,51,858.51,2.88,343.41,1074.53,0.9083,-1,-1,-1
717,89,350.53,189.65,160.46,563.25,0.8039,-1,-1,-1
717,98,1262.87,-0.00,655.87,1067.24,0.9286,-1,-1,-1
717,99,755.12,248.76,126.45,346.72,0.8057,-1,-1,-1
717,110,1240.96,310.81,61.00,211.61,0.5070,-1,-1,-1
717,111,1201.25,320.17,48.51,182.94,0.3288,-1,-1,-1
718,51,844.14,12.18,339.98,1062.68,0.9027,-1,-1,-1
718,89,346.66,182.34,162.51,572.35,0.8183,-1,-1,-1
718,98,1260.34,1.30,658.60,1068.95,0.9180,-1,-1,-1
718,99,755.61,245.30,114.16,351.46,0.8089,-1,-1,-1
718,110,1237.89,307.88,68.83,214.58,0.5913,-1,-1,-1
719,51,817.57,3.10,350.87,1066.96,0.8994,-1,-1,-1
719,89,344.11,179.96,159.59,576.28,0.8280,-1,-1,-1
719,98,1263.46,1.60,655.81,1069.94,0.9180,-1,-1,-1
719,99,754.04,241.04,104.66,355.33,0.7687,-1,-1,-1
719,110,1240.67,311.89,72.51,209.29,0.5575,-1,-1,-1
720,51,791.25,2.49,359.90,1069.09,0.8882,-1,-1,-1
720,89,341.98,179.74,157.56,580.10,0.8484,-1,-1,-1
720,98,1275.30,2.72,643.74,1055.97,0.9173,-1,-1,-1
720,99,757.28,241.24,84.41,354.46,0.6818,-1,-1,-1
720,110,1242.75,305.85,75.52,215.32,0.6397,-1,-1,-1
720,112,1096.13,166.04,117.88,513.89,0.7165,-1,-1,-1
721,51,768.87,1.96,361.65,1076.74,0.9126,-1,-1,-1
721,89,337.93,173.98,159.80,588.52,0.8474,-1,-1,-1
721,98,1293.62,2.50,624.53,1062.76,0.8841,-1,-1,-1
721,110,1242.00,302.11,76.28,216.51,0.6066,-1,-1,-1
721,112,1092.59,164.59,130.38,519.42,0.7447,-1,-1,-1
722,51,748.65,2.14,367.95,1074.42,0.9107,-1,-1,-1
722,89,331.90,169.13,163.13,594.94,0.8438,-1,-1,-1
722,98,1305.89,1.91,612.10,1063.64,0.9198,-1,-1,-1
722,110,1245.33,294.70,65.92,224.13,0.4930,-1,-1,-1
722,112,1088.56,161.93,140.22,519.87,0.7899,-1,-1,-1
722,114,1315.40,115.80,157.92,496.34,0.7093,-1,-1,-1
723,51,725.15,2.00,371.89,1075.43,0.9036,-1,-1,-1
723,89,326.47,167.01,165.77,597.13,0.8462,-1,-1,-1
723,98,1313.76,2.16,603.97,1063.17,0.9027,-1,-1,-1
723,110,1246.59,311.78,65.23,209.68,0.5252,-1,-1,-1
723,112,1082.75,162.06,142.63,509.81,0.8314,-1,-1,-1
723,114,1302.99,109.85,167.96,556.82,0.7295,-1,-1,-1
724,51,699.12,1.90,390.80,1068.70,0.9061,-1,-1,-1
724,89,322.02,163.30,165.74,601.12,0.8366,-1,-1,-1
724,98,1322.95,5.17,594.27,1062.02,0.9020,-1,-1,-1
724,112,1078.16,158.84,150.48,508.93,0.8438,-1,-1,-1
724,114,1260.51,106.55,202.60,635.96,0.7753,-1,-1,-1
725,51,661.62,3.32,398.00,1070.03,0.9040,-1,-1,-1
725,89,316.02,158.18,166.98,605.81,0.8384,-1,-1,-1
725,98,1335.54,7.19,580.81,1062.94,0.8821,-1,-1,-1
725,112,1075.38,157.90,150.78,507.80,0.8373,-1,-1,-1
725,114,1240.52,101.14,216.01,664.39,0.8577,-1,-1,-1
726,51,632.71,3.65,404.47,1071.12,0.9086,-1,-1,-1
726,89,312.30,156.94,166.28,608.27,0.8181,-1,-1,-1
726,98,1350.91,8.06,568.00,1060.15,0.8124,-1,-1,-1
726,112,1071.99,154.32,160.36,509.10,0.8424,-1,-1,-1
726,114,1217.80,106.49,239.65,701.58,0.8564,-1,-1,-1
727,51,605.26,4.81,411.34,1069.71,0.9053,-1,-1,-1
727,89,296.56,147.72,172.81,614.52,0.8201,-1,-1,-1
727,98,1392.31,4.05,527.46,1064.26,0.8124,-1,-1,-1
727,112,1067.60,151.65,164.26,512.65,0.8544,-1,-1,-1
727,114,1188.56,105.94,273.18,697.27,0.8694,-1,-1,-1
728,2,941.45,181.85,121.70,444.03,0.7887,-1,-1,-1
728,51,565.17,4.51,435.35,1071.85,0.9091,-1,-1,-1
728,89,290.44,141.87,168.43,619.96,0.8495,-1,-1,-1
728,98,1525.71,7.22,392.56,1047.61,0.7383,-1,-1,-1
728,112,1066.76,147.90,144.08,511.09,0.6673,-1,-1,-1
728,114,1149.64,101.56,311.85,703.11,0.8591,-1,-1,-1
729,2,937.25,185.55,121.69,437.41,0.8449,-1,-1,-1
729,51,519.48,1.75,452.67,1072.44,0.9076,-1,-1,-1
729,89,280.20,129.60,168.58,628.99,0.8670,-1,-1,-1
729,98,1681.48,27.68,236.51,1032.78,0.6981,-1,-1,-1
729,112,1063.77,146.53,129.07,508.59,0.7569,-1,-1,-1
729,114,1124.45,93.40,336.35,708.99,0.8772,-1,-1,-1
730,2,920.54,184.49,144.04,437.22,0.8500,-1,-1,-1
730,51,467.96,1.77,475.37,1073.91,0.9227,-1,-1,-1
730,89,267.54,125.65,172.78,630.61,0.8434,-1,-1,-1
730,112,1055.13,142.04,135.54,514.32,0.8079,-1,-1,-1
730,114,1114.16,94.67,345.46,704.48,0.9001,-1,-1,-1
731,2,911.11,183.08,144.37,439.39,0.8390,-1,-1,-1
731,51,421.59,3.56,485.83,1071.65,0.9070,-1,-1,-1
731,89,253.74,121.15,172.75,637.57,0.8306,-1,-1,-1
731,112,1050.64,140.13,132.10,515.35,0.7967,-1,-1,-1
731,114,1113.69,94.44,341.11,706.30,0.8963,-1,-1,-1
732,2,904.57,183.52,154.47,438.10,0.8396,-1,-1,-1
732,51,359.33,4.04,519.45,1064.66,0.9132,-1,-1,-1
732,89,245.00,109.53,157.83,650.57,0.8457,-1,-1,-1
732,112,1050.43,138.79,125.11,515.05,0.8123,-1,-1,-1
732,114,1087.80,90.86,365.46,711.87,0.8785,-1,-1,-1
732,117,1442.83,296.12,31.12,46.79,0.3210,-1,-1,-1
733,2,899.18,180.30,164.50,437.57,0.8547,-1,-1,-1
733,51,244.37,3.99,599.76,1063.86,0.9026,-1,-1,-1
733,112,1046.91,134.94,119.00,513.83,0.8048,-1,-1,-1
733,114,1094.23,78.51,344.24,722.06,0.8631,-1,-1,-1
734,2,895.86,183.11,145.60,435.21,0.8419,-1,-1,-1
734,51,220.98,6.33,581.78,1060.30,0.9264,-1,-1,-1
734,112,1041.89,137.01,117.30,515.17,0.8040,-1,-1,-1
734,114,1076.37,80.78,344.71,735.51,0.8614,-1,-1,-1
735,2,889.65,182.73,141.40,424.65,0.8574,-1,-1,-1
735,51,160.29,4.36,614.96,1061.41,0.9089,-1,-1,-1
735,112,1034.54,138.31,113.43,520.56,0.7599,-1,-1,-1
735,114,1058.40,82.66,338.72,741.00,0.8626,-1,-1,-1
735,117,1422.56,292.18,32.00,46.25,0.4353,-1,-1,-1
735,118,741.58,208.94,107.45,401.68,0.6851,-1,-1,-1
736,2,886.47,181.76,137.86,428.76,0.8479,-1,-1,-1
736,51,49.42,2.48,686.72,1065.61,0.8624,-1,-1,-1
736,99,710.97,179.54,131.61,410.67,0.6393,-1,-1,-1
736,112,1026.75,135.85,106.36,525.87,0.6483,-1,-1,-1
736,114,1045.65,77.42,318.00,725.89,0.8803,-1,-1,-1
737,2,879.10,179.60,134.85,428.85,0.8372,-1,-1,-1
737,51,0.57,5.05,694.79,1060.50,0.9244,-1,-1,-1
737,99,672.35,177.76,158.78,427.11,0.7135,-1,-1,-1
737,112,1013.62,139.56,102.14,524.38,0.6674,-1,-1,-1
737,114,1047.81,72.26,276.87,726.49,0.8520,-1,-1,-1
738,2,863.42,176.58,135.96,432.51,0.8223,-1,-1,-1
738,51,-1.58,5.07,681.86,1057.76,0.9044,-1,-1,-1
738,99,646.41,171.24,157.55,437.91,0.7847,-1,-1,-1
738,112,1004.75,143.17,89.38,518.05,0.4704,-1,-1,-1
738,114,1020.16,68.50,257.86,738.50,0.8716,-1,-1,-1
738,119,750.60,210.45,64.67,318.77,0.4612,-1,-1,-1
739,2,841.68,176.86,137.39,435.72,0.8441,-1,-1,-1
739,51,-0.51,3.71,651.88,1053.23,0.9128,-1,-1,-1
739,99,623.26,166.47,170.26,445.88,0.8122,-1,-1,-1
739,114,1001.13,70.37,221.61,733.16,0.8284,-1,-1,-1
740,2,825.12,177.35,145.41,431.33,0.8414,-1,-1,-1
740,51,1.00,6.46,597.16,1051.07,0.9056,-1,-1,-1
740,99,614.45,164.42,159.81,460.15,0.8234,-1,-1,-1
740,114,974.40,67.27,200.15,735.07,0.8287,-1,-1,-1
741,2,818.26,178.33,141.65,431.89,0.8179,-1,-1,-1
741,51,0.43,4.48,543.19,1059.28,0.8886,-1,-1,-1
741,99,595.49,162.73,168.70,460.27,0.8471,-1,-1,-1
741,110,1146.96,283.91,63.54,232.23,0.5355,-1,-1,-1
741,114,950.69,68.05,200.65,757.65,0.8714,-1,-1,-1
742,2,807.90,177.85,140.40,436.57,0.8407,-1,-1,-1
742,51,4.56,4.37,448.31,1063.25,0.8361,-1,-1,-1
742,99,580.13,158.02,171.30,465.29,0.8487,-1,-1,-1
742,110,1141.37,274.99,55.81,254.38,0.4850,-1,-1,-1
742,114,920.01,67.62,211.98,762.45,0.8391,-1,-1,-1
743,2,797.70,181.35,141.54,437.55,0.8275,-1,-1,-1
743,51,25.05,10.36,296.21,1046.52,0.7070,-1,-1,-1
743,99,574.06,159.65,161.52,469.48,0.8278,-1,-1,-1
743,114,894.27,68.12,225.11,762.90,0.8163,-1,-1,-1
744,2,776.57,180.40,146.91,431.46,0.8212,-1,-1,-1
744,89,0.85,60.84,200.83,777.76,0.5664,-1,-1,-1
744,99,552.90,158.15,169.12,479.10,0.8404,-1,-1,-1
744,114,846.20,64.57,239.16,763.71,0.8342,-1,-1,-1
744,121,1073.94,229.00,96.85,303.70,0.6838,-1,-1,-1
745,2,764.94,181.60,135.66,430.04,0.7263,-1,-1,-1
745,89,-0.65,53.34,181.94,770.53,0.8732,-1,-1,-1
745,99,534.34,155.28,179.61,489.36,0.8413,-1,-1,-1
745,114,802.19,61.16,269.14,761.60,0.7783,-1,-1,-1
745,121,1064.98,230.30,103.31,305.42,0.7481,-1,-1,-1
746,2,752.68,182.01,127.88,422.99,0.7471,-1,-1,-1
746,89,-1.80,54.46,157.72,767.30,0.8566,-1,-1,-1
746,99,515.14,153.34,188.07,496.47,0.8397,-1,-1,-1
746,114,731.84,54.48,323.50,783.98,0.8060,-1,-1,-1
746,121,1051.80,223.82,101.75,313.07,0.7225,-1,-1,-1
747,2,732.95,183.70,118.19,397.48,0.6152,-1,-1,-1
747,89,-2.69,53.31,135.87,772.32,0.8304,-1,-1,-1
747,99,496.16,152.49,187.29,502.01,0.8303,-1,-1,-1
747,114,692.53,42.22,357.83,792.94,0.8323,-1,-1,-1
747,117,1272.71,298.39,35.26,46.04,0.3146,-1,-1,-1
747,121,1052.44,222.81,92.95,315.92,0.7044,-1,-1,-1
748,2,719.32,172.09,108.64,408.61,0.5249,-1,-1,-1
748,89,-3.14,61.95,115.83,770.36,0.8119,-1,-1,-1
748,99,481.76,149.79,190.49,505.62,0.8525,-1,-1,-1
748,114,655.54,50.33,380.23,786.03,0.8794,-1,-1,-1
748,121,1043.46,219.51,93.92,322.90,0.7132,-1,-1,-1
749,2,702.63,185.79,94.36,370.51,0.3418,-1,-1,-1
749,89,-4.80,105.35,101.83,717.78,0.7608,-1,-1,-1
749,99,464.18,148.76,199.18,517.80,0.8422,-1,-1,-1
749,112,920.99,140.75,86.13,363.07,0.4578,-1,-1,-1
749,114,672.17,49.09,351.64,787.96,0.8157,-1,-1,-1
749,121,1035.08,220.74,92.25,322.32,0.6747,-1,-1,-1
749,123,989.97,230.72,78.70,321.90,0.3809,-1,-1,-1
750,2,693.07,241.60,70.06,310.39,0.4287,-1,-1,-1
750,89,-2.71,178.70,81.09,642.90,0.7269,-1,-1,-1
750,99,450.94,148.76,199.96,521.86,0.7512,-1,-1,-1
750,112,906.05,136.55,89.28,463.14,0.3709,-1,-1,-1
750,114,642.65,55.22,369.34,790.44,0.8591,-1,-1,-1
750,121,1030.38,226.55,93.81,318.51,0.7403,-1,-1,-1
750,123,982.03,238.76,82.07,319.58,0.6540,-1,-1,-1
751,99,435.70,149.94,204.95,542.96,0.8016,-1,-1,-1
751,112,884.14,138.11,109.08,509.78,0.6952,-1,-1,-1
751,114,623.99,52.81,379.17,803.40,0.8737,-1,-1,-1
751,119,565.02,210.73,81.90,345.28,0.4252,-1,-1,-1
751,121,1031.99,227.60,89.51,320.96,0.7152,-1,-1,-1
751,123,979.21,241.22,83.51,321.62,0.6530,-1,-1,-1
752,99,427.87,143.69,202.76,552.15,0.8283,-1,-1,-1
752,112,868.94,140.40,119.61,521.30,0.7587,-1,-1,-1
752,114,612.71,54.28,367.61,808.93,0.8716,-1,-1,-1
752,119,562.90,207.16,76.71,352.88,0.3370,-1,-1,-1
752,121,1029.62,228.12,90.73,321.93,0.7482,-1,-1,-1
752,123,963.45,244.95,101.32,324.91,0.6887,-1,-1,-1
753,99,412.92,138.87,215.67,559.73,0.8388,-1,-1,-1
753,112,861.20,145.36,123.14,525.30,0.7676,-1,-1,-1
753,114,603.76,46.93,358.30,821.48,0.8886,-1,-1,-1
753,121,1031.96,230.03,89.67,316.90,0.7371,-1,-1,-1
753,123,961.34,250.38,112.39,325.49,0.7030,-1,-1,-1
754,99,395.68,136.36,229.31,564.41,0.8195,-1,-1,-1
754,112,856.20,149.43,124.22,527.24,0.7952,-1,-1,-1
754,114,596.53,47.82,339.86,827.43,0.8870,-1,-1,-1
754,121,1029.33,232.18,93.33,324.45,0.7433,-1,-1,-1
754,123,958.36,251.90,113.63,327.52,0.6710,-1,-1,-1
754,124,1831.19,326.42,88.00,374.40,0.5081,-1,-1,-1
755,99,394.14,134.42,222.38,568.67,0.8486,-1,-1,-1
755,112,849.44,149.80,130.12,531.71,0.7993,-1,-1,-1
755,114,575.16,43.93,342.83,837.87,0.8894,-1,-1,-1
755,121,1031.67,230.50,95.07,326.21,0.7177,-1,-1,-1
755,123,957.48,251.27,116.69,330.30,0.6919,-1,-1,-1
755,124,1824.04,310.53,95.17,393.98,0.5029,-1,-1,-1
756,99,384.43,132.53,220.28,582.67,0.8420,-1,-1,-1
756,112,846.48,154.13,135.36,524.52,0.8010,-1,-1,-1
756,114,542.59,39.36,336.85,850.88,0.8892,-1,-1,-1
756,121,1030.35,229.87,102.67,331.63,0.7037,-1,-1,-1
756,123,955.43,251.70,115.47,332.97,0.6797,-1,-1,-1
757,99,378.13,135.60,198.33,578.85,0.8541,-1,-1,-1
757,112,840.96,158.19,141.95,522.60,0.8022,-1,-1,-1
757,114,504.73,33.72,338.95,863.31,0.8795,-1,-1,-1
757,121,1029.90,230.16,107.55,333.74,0.7002,-1,-1,-1
757,123,955.03,251.80,115.63,338.31,0.7567,-1,-1,-1
757,124,1816.73,301.50,102.76,408.48,0.3696,-1,-1,-1
758,2,756.73,195.46,87.70,320.34,0.5820,-1,-1,-1
758,99,373.33,130.00,202.76,587.29,0.7723,-1,-1,-1
758,112,844.97,163.92,136.04,521.79,0.8244,-1,-1,-1
758,114,469.39,36.04,343.12,868.93,0.8793,-1,-1,-1
758,121,1037.15,228.44,115.24,334.38,0.7045,-1,-1,-1
758,123,957.54,250.45,126.26,343.69,0.7991,-1,-1,-1
759,2,711.30,203.14,129.22,437.71,0.3982,-1,-1,-1
759,99,372.17,133.73,203.39,595.69,0.7958,-1,-1,-1
759,112,844.34,168.17,134.15,524.16,0.8311,-1,-1,-1
759,114,460.00,33.97,321.83,880.96,0.8466,-1,-1,-1
759,121,1043.78,230.13,110.27,347.16,0.7294,-1,-1,-1
759,123,961.57,254.99,120.30,342.84,0.8125,-1,-1,-1
760,2,683.30,197.55,162.71,513.81,0.6890,-1,-1,-1
760,99,370.68,130.56,203.58,610.78,0.7834,-1,-1,-1
760,112,843.25,170.09,134.30,525.07,0.8298,-1,-1,-1
760,114,451.61,41.42,294.69,880.87,0.7886,-1,-1,-1
760,121,1051.15,228.66,105.23,363.14,0.7447,-1,-1,-1
760,123,967.07,255.59,118.51,347.64,0.8079,-1,-1,-1
761,2,716.50,202.45,134.52,437.71,0.8251,-1,-1,-1
761,99,370.50,133.26,197.68,608.01,0.7331,-1,-1,-1
761,112,846.02,171.93,132.17,528.16,0.8356,-1,-1,-1
761,114,413.84,42.44,321.16,891.97,0.7625,-1,-1,-1
761,121,1056.96,229.04,103.41,363.70,0.7628,-1,-1,-1
761,123,970.97,256.79,120.57,349.67,0.8297,-1,-1,-1
762,2,708.13,202.39,143.20,437.73,0.8180,-1,-1,-1
762,99,362.00,135.84,197.11,611.51,0.7184,-1,-1,-1
762,112,845.28,173.03,132.93,528.72,0.8351,-1,-1,-1
762,114,391.52,39.86,337.96,900.46,0.7497,-1,-1,-1
762,121,1062.59,230.38,98.36,362.98,0.7785,-1,-1,-1
762,123,970.82,250.27,128.99,358.36,0.8051,-1,-1,-1
762,124,1826.21,349.93,93.68,362.66,0.3057,-1,-1,-1
763,2,706.15,203.74,150.10,450.54,0.8338,-1,-1,-1
763,99,346.16,139.33,188.97,609.97,0.7549,-1,-1,-1
763,112,848.17,172.70,132.21,524.85,0.8246,-1,-1,-1
763,114,358.11,37.84,360.38,910.10,0.6406,-1,-1,-1
763,121,1064.36,230.94,106.49,366.30,0.7900,-1,-1,-1
763,123,974.57,250.22,136.64,360.65,0.8006,-1,-1,-1
764,2,711.92,205.86,146.74,451.66,0.8353,-1,-1,-1
764,99,332.27,120.73,192.04,639.48,0.5560,-1,-1,-1
764,112,848.32,172.07,135.59,530.91,0.8134,-1,-1,-1
764,114,328.10,38.28,387.93,916.75,0.8510,-1,-1,-1
764,121,1071.28,229.11,101.25,373.49,0.7762,-1,-1,-1
764,123,979.34,249.14,139.84,364.43,0.8012,-1,-1,-1
765,2,714.29,207.96,145.98,448.81,0.8442,-1,-1,-1
765,112,850.14,168.40,142.54,520.61,0.8031,-1,-1,-1
765,114,322.99,36.56,394.74,924.74,0.8616,-1,-1,-1
765,121,1077.79,228.34,101.77,374.37,0.7164,-1,-1,-1
765,123,983.54,250.96,142.58,368.85,0.7743,-1,-1,-1
766,2,717.07,210.31,144.17,445.11,0.8416,-1,-1,-1
766,112,855.86,166.70,137.29,512.75,0.8125,-1,-1,-1
766,114,305.18,34.35,412.20,926.77,0.9034,-1,-1,-1
766,121,1082.01,229.42,103.24,378.55,0.6851,-1,-1,-1
766,123,983.06,249.83,145.91,374.80,0.7989,-1,-1,-1
766,126,641.53,274.03,91.12,341.92,0.6819,-1,-1,-1
767,2,718.22,210.45,143.32,441.38,0.8457,-1,-1,-1
767,112,854.91,162.87,140.13,513.37,0.8092,-1,-1,-1
767,114,287.72,32.20,426.13,934.28,0.9007,-1,-1,-1
767,121,1087.39,225.95,119.19,388.45,0.7386,-1,-1,-1
767,123,976.59,250.30,164.12,379.61,0.8228,-1,-1,-1
767,126,633.12,272.35,100.22,341.61,0.7333,-1,-1,-1
768,2,721.16,207.45,139.18,441.11,0.8234,-1,-1,-1
768,112,856.97,159.24,137.87,515.98,0.8117,-1,-1,-1
768,114,268.37,31.33,438.77,939.14,0.9039,-1,-1,-1
768,121,1086.86,225.61,124.80,391.35,0.7685,-1,-1,-1
768,123,976.97,251.81,175.73,379.55,0.8123,-1,-1,-1
768,126,631.50,268.64,104.63,341.20,0.7522,-1,-1,-1
769,2,722.13,207.25,136.66,439.75,0.8094,-1,-1,-1
769,112,852.92,157.82,144.20,518.84,0.8253,-1,-1,-1
769,114,245.41,30.93,450.94,949.21,0.9094,-1,-1,-1
769,121,1090.94,226.46,112.42,395.26,0.7569,-1,-1,-1
769,123,975.30,251.93,185.38,385.16,0.8257,-1,-1,-1
769,126,630.05,265.84,105.53,347.84,0.7796,-1,-1,-1
770,2,724.56,204.97,133.54,439.58,0.8267,-1,-1,-1
770,112,851.32,155.15,148.63,521.05,0.8249,-1,-1,-1
770,114,222.14,25.30,459.09,962.86,0.8976,-1,-1,-1
770,121,1095.81,223.79,101.35,402.84,0.7136,-1,-1,-1
770,123,976.19,250.40,186.37,389.76,0.8340,-1,-1,-1
770,126,628.76,265.08,105.71,344.20,0.7875,-1,-1,-1
771,2,720.56,196.42,133.33,445.05,0.8494,-1,-1,-1
771,112,845.15,152.60,153.63,520.74,0.8573,-1,-1,-1
771,114,201.34,11.78,455.09,986.99,0.8926,-1,-1,-1
771,121,1099.04,219.61,99.96,409.21,0.7146,-1,-1,-1
771,123,975.11,243.91,187.74,396.88,0.8278,-1,-1,-1
771,126,626.63,254.70,107.43,347.44,0.7393,-1,-1,-1
772,2,722.80,201.72,131.20,439.65,0.8348,-1,-1,-1
772,112,843.75,152.70,150.93,524.12,0.8601,-1,-1,-1
772,114,178.78,9.50,456.13,981.29,0.8889,-1,-1,-1
772,121,1095.56,218.54,105.11,411.67,0.7857,-1,-1,-1
772,123,965.77,243.66,192.84,403.27,0.8342,-1,-1,-1
772,126,618.30,258.81,114.09,352.05,0.7896,-1,-1,-1
773,2,721.10,199.32,125.52,439.49,0.8332,-1,-1,-1
773,112,841.85,154.33,144.01,523.89,0.8635,-1,-1,-1
773,114,159.60,11.75,435.36,938.57,0.8627,-1,-1,-1
773,121,1092.64,213.83,110.87,418.76,0.7976,-1,-1,-1
773,123,962.69,239.98,195.66,408.99,0.8424,-1,-1,-1
773,126,615.85,258.78,111.51,351.22,0.8120,-1,-1,-1
774,2,714.42,191.64,127.35,441.94,0.8314,-1,-1,-1
774,99,428.30,64.74,193.91,751.61,0.5840,-1,-1,-1
774,112,836.78,150.79,142.87,530.32,0.8138,-1,-1,-1
774,114,147.40,5.08,395.47,941.32,0.8764,-1,-1,-1
774,121,1091.88,211.52,115.56,419.77,0.7753,-1,-1,-1
774,123,961.73,233.92,196.34,413.32,0.8589,-1,-1,-1
774,126,610.77,255.96,112.88,348.35,0.7972,-1,-1,-1
775,2,708.80,188.62,132.49,445.02,0.8174,-1,-1,-1
775,99,401.32,54.80,221.27,776.07,0.7690,-1,-1,-1
775,112,829.82,152.20,130.98,525.60,0.7834,-1,-1,-1
775,114,134.64,3.00,359.79,950.82,0.8709,-1,-1,-1
775,121,1085.37,206.59,121.73,423.72,0.7980,-1,-1,-1
775,123,959.11,228.30,198.35,415.31,0.8610,-1,-1,-1
775,126,607.22,249.26,113.77,360.06,0.7793,-1,-1,-1
776,2,698.88,188.70,136.75,443.91,0.8011,-1,-1,-1
776,99,381.10,47.20,240.45,782.62,0.7164,-1,-1,-1
776,112,818.42,151.48,139.02,529.09,0.7804,-1,-1,-1
776,114,112.99,0.84,347.67,965.07,0.8844,-1,-1,-1
776,121,1085.37,201.21,121.75,429.50,0.8109,-1,-1,-1
776,123,956.23,224.14,195.71,420.57,0.8485,-1,-1,-1
776,126,600.17,247.59,113.17,359.97,0.7792,-1,-1,-1
777,2,690.65,192.34,138.48,441.99,0.7899,-1,-1,-1
777,99,350.66,41.40,263.14,800.64,0.7781,-1,-1,-1
777,112,813.36,152.52,142.24,528.74,0.8012,-1,-1,-1
777,114,94.93,2.10,341.21,958.86,0.8973,-1,-1,-1
777,121,1082.47,198.58,130.80,429.67,0.8342,-1,-1,-1
777,123,954.60,221.49,189.68,425.39,0.8348,-1,-1,-1
777,126,591.91,246.39,112.24,367.53,0.7137,-1,-1,-1
778,2,680.61,190.82,137.47,449.32,0.7419,-1,-1,-1
778,99,332.57,36.53,280.19,832.84,0.8289,-1,-1,-1
778,112,812.80,153.12,140.31,528.28,0.8065,-1,-1,-1
778,114,76.72,3.10,329.79,981.25,0.8957,-1,-1,-1
778,121,1083.94,190.77,129.53,443.79,0.8311,-1,-1,-1
778,123,951.88,219.77,183.79,427.85,0.8406,-1,-1,-1
778,126,586.73,246.32,108.66,362.19,0.7243,-1,-1,-1
779,2,671.86,191.62,138.04,439.60,0.7596,-1,-1,-1
779,99,332.50,31.80,272.14,861.33,0.8167,-1,-1,-1
779,112,799.78,155.38,145.33,522.34,0.7421,-1,-1,-1
779,114,51.11,1.79,330.13,1005.49,0.8965,-1,-1,-1
779,121,1080.81,194.75,124.30,440.51,0.8097,-1,-1,-1
779,123,954.54,215.34,173.12,435.71,0.8365,-1,-1,-1
779,126,571.67,244.08,118.61,366.28,0.7650,-1,-1,-1
780,2,663.03,189.25,141.15,450.64,0.7397,-1,-1,-1
780,99,321.82,26.52,274.06,885.36,0.8464,-1,-1,-1
780,112,790.27,154.71,146.48,531.29,0.8081,-1,-1,-1
780,114,24.59,1.62,329.92,999.09,0.9101,-1,-1,-1
780,121,1076.07,193.23,128.72,448.49,0.8100,-1,-1,-1
780,123,950.69,213.86,169.59,438.27,0.8449,-1,-1,-1
780,126,566.75,243.61,114.23,360.47,0.6802,-1,-1,-1
781,2,679.32,190.02,120.64,447.61,0.6141,-1,-1,-1
781,99,307.21,20.16,289.53,889.19,0.8435,-1,-1,-1
781,112,791.82,152.71,141.88,532.57,0.8178,-1,-1,-1
781,114,0.46,4.13,329.03,1006.33,0.9110,-1,-1,-1
781,121,1074.71,191.83,137.34,455.53,0.8179,-1,-1,-1
781,123,952.14,212.81,163.06,446.86,0.8393,-1,-1,-1
781,126,566.70,242.99,104.09,359.04,0.6032,-1,-1,-1
782,2,675.48,191.15,126.11,445.15,0.6774,-1,-1,-1
782,99,279.89,10.44,318.51,913.81,0.8664,-1,-1,-1
782,112,786.27,157.49,145.81,525.32,0.8168,-1,-1,-1
782,114,-1.82,5.27,304.39,1003.67,0.9090,-1,-1,-1
782,121,1071.98,189.69,148.80,459.05,0.8124,-1,-1,-1
782,123,950.80,209.58,163.24,455.80,0.8712,-1,-1,-1
782,126,555.59,242.57,108.19,383.08,0.6245,-1,-1,-1
783,2,673.98,195.86,123.49,443.80,0.6677,-1,-1,-1
783,99,240.84,1.19,354.03,943.16,0.8584,-1,-1,-1
783,112,776.93,156.12,153.40,523.24,0.8088,-1,-1,-1
783,114,-1.55,3.60,277.03,1012.90,0.9017,-1,-1,-1
783,121,1069.62,190.71,151.74,459.11,0.8294,-1,-1,-1
783,123,949.69,209.76,164.04,461.77,0.8782,-1,-1,-1
783,126,536.39,242.54,121.99,385.57,0.6257,-1,-1,-1
784,2,678.82,197.06,117.77,441.64,0.7079,-1,-1,-1
784,99,228.17,1.01,361.18,965.99,0.8617,-1,-1,-1
784,112,784.52,154.98,139.25,523.56,0.7934,-1,-1,-1
784,114,-2.05,5.83,257.06,1011.63,0.9015,-1,-1,-1
784,121,1068.12,190.21,155.80,467.35,0.8240,-1,-1,-1
784,123,948.81,207.17,164.74,468.43,0.8681,-1,-1,-1
784,126,543.30,242.05,109.87,387.15,0.5871,-1,-1,-1
785,2,682.50,195.90,113.93,440.73,0.7288,-1,-1,-1
785,99,217.61,2.14,352.71,976.16,0.8931,-1,-1,-1
785,112,785.30,148.63,137.19,527.82,0.7902,-1,-1,-1
785,114,-1.26,8.87,236.39,1015.71,0.8981,-1,-1,-1
785,121,1071.17,185.60,155.84,478.54,0.8280,-1,-1,-1
785,123,946.56,205.90,167.11,471.74,0.8453,-1,-1,-1
785,126,536.54,238.26,118.97,389.46,0.6670,-1,-1,-1
786,2,681.87,196.34,114.65,440.55,0.7290,-1,-1,-1
786,99,206.84,0.75,355.03,986.21,0.8784,-1,-1,-1
786,112,784.98,146.98,140.12,524.16,0.8160,-1,-1,-1
786,114,-1.92,8.48,221.43,1016.77,0.8743,-1,-1,-1
786,121,1072.01,180.85,160.53,490.14,0.8263,-1,-1,-1
786,123,948.21,203.25,167.50,484.51,0.8298,-1,-1,-1
786,126,503.99,232.41,131.44,397.02,0.6940,-1,-1,-1
786,130,617.28,244.16,92.06,369.34,0.6325,-1,-1,-1
787,2,682.28,194.47,114.01,441.58,0.7785,-1,-1,-1
787,99,196.45,0.17,363.68,997.32,0.8834,-1,-1,-1
787,112,791.37,144.20,135.44,526.84,0.8247,-1,-1,-1
787,114,-1.08,36.28,201.83,992.55,0.8780,-1,-1,-1
787,121,1077.59,177.33,163.74,496.34,0.8361,-1,-1,-1
787,123,948.16,205.91,173.38,484.83,0.8345,-1,-1,-1
787,126,526.13,235.21,113.78,391.06,0.6557,-1,-1,-1
787,130,617.04,249.47,92.08,367.04,0.6548,-1,-1,-1
788,2,682.11,190.96,113.37,441.93,0.7532,-1,-1,-1
788,99,183.15,1.28,366.69,996.52,0.8982,-1,-1,-1
788,112,792.93,146.59,136.39,523.43,0.8244,-1,-1,-1
788,114,-1.32,58.15,187.26,978.03,0.8716,-1,-1,-1
788,121,1081.15,179.21,167.01,501.84,0.8460,-1,-1,-1
788,123,948.89,209.71,178.79,491.24,0.8563,-1,-1,-1
788,126,521.61,235.71,108.93,397.84,0.6460,-1,-1,-1
788,130,607.36,251.26,100.89,370.72,0.7316,-1,-1,-1
788,131,1853.98,268.53,65.22,462.22,0.4959,-1,-1,-1
789,2,682.24,193.71,123.01,449.39,0.7678,-1,-1,-1
789,99,170.91,0.04,372.04,1010.06,0.9006,-1,-1,-1
789,112,793.58,152.67,132.96,516.94,0.8369,-1,-1,-1
789,114,-1.95,85.44,177.91,965.06,0.8653,-1,-1,-1
789,121,1079.64,173.09,162.47,511.90,0.8342,-1,-1,-1
789,123,940.56,211.68,191.41,498.42,0.8387,-1,-1,-1
789,126,519.00,234.03,100.72,402.44,0.6086,-1,-1,-1
789,130,604.76,247.44,104.52,381.51,0.7482,-1,-1,-1
789,131,1842.83,282.56,75.81,471.58,0.4278,-1,-1,-1
790,2,689.97,186.45,121.19,449.35,0.7493,-1,-1,-1
790,99,162.11,-0.05,383.85,1022.77,0.8937,-1,-1,-1
790,112,795.00,150.37,134.87,519.40,0.8471,-1,-1,-1
790,114,1.61,99.27,157.95,960.60,0.8349,-1,-1,-1
790,121,1082.42,169.95,165.30,515.39,0.8420,-1,-1,-1
790,123,933.21,201.80,212.72,511.16,0.7915,-1,-1,-1
790,124,1838.15,326.40,81.16,400.22,0.4094,-1,-1,-1
790,126,517.99,232.56,102.00,401.14,0.5647,-1,-1,-1
790,130,605.66,248.73,106.47,384.56,0.7294,-1,-1,-1
791,2,691.92,195.91,128.53,442.40,0.7750,-1,-1,-1
791,99,148.55,0.77,397.89,1034.79,0.8914,-1,-1,-1
791,112,802.44,151.57,133.24,522.61,0.8245,-1,-1,-1
791,114,3.32,105.74,141.89,956.96,0.8022,-1,-1,-1
791,121,1091.55,169.20,172.42,517.82,0.7853,-1,-1,-1
791,123,964.79,198.49,191.99,524.79,0.8015,-1,-1,-1
791,124,1840.23,360.36,79.78,366.86,0.5011,-1,-1,-1
791,126,516.83,232.18,112.81,411.09,0.6057,-1,-1,-1
791,130,607.25,250.17,111.06,386.60,0.7470,-1,-1,-1
792,2,697.29,198.04,128.27,449.25,0.8057,-1,-1,-1
792,99,140.43,1.92,431.14,1044.45,0.8589,-1,-1,-1
792,112,810.36,155.28,130.19,519.67,0.8028,-1,-1,-1
792,114,8.40,121.41,123.30,946.53,0.5293,-1,-1,-1
792,121,1103.07,167.29,169.73,501.15,0.7372,-1,-1,-1
792,123,968.70,197.80,204.47,526.95,0.8236,-1,-1,-1
792,126,516.33,235.47,114.20,412.72,0.6413,-1,-1,-1
792,130,615.30,251.40,107.82,390.89,0.7984,-1,-1,-1
793,2,702.74,194.52,128.57,450.13,0.8049,-1,-1,-1
793,99,118.60,3.01,467.88,1051.83,0.8892,-1,-1,-1
793,112,816.79,153.06,135.45,526.27,0.8003,-1,-1,-1
793,114,12.90,441.78,106.55,605.60,0.5703,-1,-1,-1
793,121,1116.54,166.31,160.65,526.54,0.8170,-1,-1,-1
793,123,969.27,193.79,214.50,534.05,0.8463,-1,-1,-1
793,124,1841.26,398.39,78.41,346.59,0.3913,-1,-1,-1
793,126,519.75,233.92,111.19,400.66,0.5560,-1,-1,-1
793,130,617.63,252.36,113.56,393.92,0.7888,-1,-1,-1
793,133,12.84,141.31,47.86,426.62,0.5688,-1,-1,-1
794,2,710.50,196.43,128.34,444.07,0.7988,-1,-1,-1
794,99,102.94,2.90,487.33,1071.07,0.9023,-1,-1,-1
794,112,818.92,155.74,141.09,527.41,0.7789,-1,-1,-1
794,114,12.21,467.97,92.17,582.02,0.5622,-1,-1,-1
794,121,1122.46,160.53,163.94,538.27,0.8547,-1,-1,-1
794,123,978.89,187.54,224.85,545.36,0.8462,-1,-1,-1
794,124,1724.40,389.12,192.04,352.84,0.3892,-1,-1,-1
794,126,524.28,232.82,113.21,412.47,0.6185,-1,-1,-1
794,130,615.76,254.75,125.58,394.75,0.7142,-1,-1,-1
794,133,21.57,157.84,40.50,407.38,0.3678,-1,-1,-1
795,2,725.67,197.16,125.69,450.78,0.7715,-1,-1,-1
795,99,85.41,2.13,508.92,1068.43,0.9214,-1,-1,-1
795,112,839.73,158.38,133.29,528.16,0.8232,-1,-1,-1
795,114,10.71,543.82,85.81,505.83,0.4803,-1,-1,-1
795,121,1138.69,156.10,163.46,538.83,0.8197,-1,-1,-1
795,123,987.16,176.71,231.67,563.87,0.8167,-1,-1,-1
795,126,527.62,235.78,106.95,415.27,0.6668,-1,-1,-1
795,130,617.56,256.73,129.43,396.01,0.7390,-1,-1,-1
795,133,26.71,177.58,32.29,396.13,0.3064,-1,-1,-1
796,2,732.33,201.62,131.30,451.92,0.8064,-1,-1,-1
796,99,62.74,1.85,535.65,1067.64,0.9201,-1,-1,-1
796,112,846.46,161.78,137.17,529.82,0.8365,-1,-1,-1
796,114,8.16,550.58,79.61,486.16,0.5385,-1,-1,-1
796,121,1150.52,160.75,161.82,559.25,0.8438,-1,-1,-1
796,123,992.64,181.20,237.70,559.80,0.8531,-1,-1,-1
796,126,532.51,236.70,118.39,380.71,0.5599,-1,-1,-1
796,130,634.48,255.92,113.39,402.35,0.7112,-1,-1,-1
797,2,743.63,207.53,132.95,451.80,0.7888,-1,-1,-1
797,99,38.33,2.44,565.13,1066.83,0.9131,-1,-1,-1
797,112,857.15,169.89,129.91,526.01,0.8139,-1,-1,-1
797,114,2.35,550.94,81.57,282.95,0.4127,-1,-1,-1
797,121,1169.41,161.20,154.05,584.63,0.8541,-1,-1,-1
797,123,999.10,181.34,249.65,573.05,0.8469,-1,-1,-1
797,126,533.21,239.08,119.76,352.11,0.5606,-1,-1,-1
797,130,620.74,259.64,137.65,407.48,0.7168,-1,-1,-1
798,2,749.00,212.34,131.19,444.14,0.8196,-1,-1,-1
798,99,12.58,3.43,605.88,1059.99,0.9108,-1,-1,-1
798,112,862.61,172.71,130.69,529.85,0.8024,-1,-1,-1
798,121,1178.05,163.62,160.84,598.23,0.8343,-1,-1,-1
798,123,998.22,184.39,261.96,589.98,0.8452,-1,-1,-1
798,126,535.42,243.15,118.67,330.39,0.5450,-1,-1,-1
798,130,632.58,260.47,131.46,412.23,0.7292,-1,-1,-1
799,2,748.95,215.97,134.56,446.73,0.8061,-1,-1,-1
799,99,-0.39,3.40,631.00,1061.04,0.9041,-1,-1,-1
799,112,862.68,179.07,139.16,526.94,0.7983,-1,-1,-1
799,121,1187.82,164.51,159.59,614.77,0.8224,-1,-1,-1
799,123,998.33,185.97,270.40,607.98,0.8559,-1,-1,-1
799,126,535.79,247.23,124.74,349.73,0.5390,-1,-1,-1
799,130,641.41,262.44,124.62,414.11,0.7690,-1,-1,-1
800,2,756.58,224.70,132.73,442.02,0.8024,-1,-1,-1
800,99,-0.65,2.79,638.14,1055.07,0.9076,-1,-1,-1
800,112,869.14,184.19,134.32,526.97,0.7830,-1,-1,-1
800,121,1195.32,165.89,162.63,618.17,0.8054,-1,-1,-1
800,123,1007.29,187.68,270.45,623.69,0.8321,-1,-1,-1
800,126,534.35,250.55,130.43,358.23,0.4935,-1,-1,-1
800,130,642.86,264.85,123.42,417.87,0.7709,-1,-1,-1
801,2,762.53,230.03,127.52,440.72,0.8329,-1,-1,-1
801,99,-0.32,4.15,637.34,1061.98,0.9127,-1,-1,-1
801,112,871.39,192.77,131.20,525.05,0.7764,-1,-1,-1
801,121,1203.02,164.90,161.64,627.75,0.8160,-1,-1,-1
801,123,1008.85,190.32,279.32,631.62,0.8488,-1,-1,-1
801,126,529.16,251.97,140.60,352.48,0.4641,-1,-1,-1
801,130,643.17,268.25,124.79,418.93,0.7919,-1,-1,-1
802,2,774.41,231.83,115.78,436.66,0.8249,-1,-1,-1
802,99,-1.12,4.26,654.08,1075.31,0.8967,-1,-1,-1
802,112,883.84,191.10,133.95,527.36,0.8149,-1,-1,-1
802,121,1208.83,165.52,168.10,641.55,0.8241,-1,-1,-1
802,123,1002.18,193.93,299.73,640.54,0.8426,-1,-1,-1
802,126,532.02,254.78,138.92,356.09,0.4758,-1,-1,-1
802,130,643.14,268.86,126.52,420.67,0.7841,-1,-1,-1
803,2,782.53,234.23,111.73,436.17,0.8210,-1,-1,-1
803,99,0.08,3.77,651.69,1072.18,0.8458,-1,-1,-1
803,112,887.92,191.30,135.79,533.57,0.8154,-1,-1,-1
803,121,1219.53,160.03,172.60,656.43,0.8483,-1,-1,-1
803,123,1000.91,193.50,310.48,650.53,0.8564,-1,-1,-1
803,126,533.20,253.56,138.10,339.40,0.6080,-1,-1,-1
803,130,643.51,269.78,127.11,428.78,0.7782,-1,-1,-1
804,2,786.19,227.79,114.66,436.07,0.8377,-1,-1,-1
804,99,5.36,2.96,621.21,1076.83,0.6963,-1,-1,-1
804,112,888.73,189.41,140.23,535.22,0.8472,-1,-1,-1
804,121,1234.96,163.75,171.29,655.72,0.8440,-1,-1,-1
804,123,994.06,190.81,324.43,680.36,0.8705,-1,-1,-1
804,126,531.92,254.73,134.51,346.44,0.4901,-1,-1,-1
804,130,641.50,270.36,131.23,430.32,0.7676,-1,-1,-1
804,135,391.02,81.47,229.51,733.51,0.5119,-1,-1,-1
805,2,789.90,227.86,113.91,437.54,0.8299,-1,-1,-1
805,99,42.69,3.96,432.48,1069.55,0.6321,-1,-1,-1
805,112,894.14,187.86,137.63,537.55,0.8337,-1,-1,-1
805,121,1239.68,158.08,190.74,660.39,0.8532,-1,-1,-1
805,123,1000.56,188.49,328.48,687.20,0.8710,-1,-1,-1
805,126,526.89,253.33,146.02,319.58,0.5692,-1,-1,-1
805,130,646.97,270.34,131.26,439.59,0.8045,-1,-1,-1
805,135,383.17,26.07,229.82,800.92,0.6831,-1,-1,-1
806,2,794.10,225.47,113.34,443.62,0.7982,-1,-1,-1
806,99,-10.89,0.21,585.34,1072.38,0.7612,-1,-1,-1
806,112,903.15,184.85,130.67,537.74,0.8122,-1,-1,-1
806,121,1248.66,151.63,197.72,672.80,0.8648,-1,-1,-1
806,123,1009.22,179.32,327.22,706.83,0.8763,-1,-1,-1
806,126,525.55,251.31,147.71,311.93,0.6715,-1,-1,-1
806,130,649.36,269.44,128.54,442.98,0.8316,-1,-1,-1
806,135,370.74,18.10,221.52,816.12,0.4086,-1,-1,-1
807,2,797.71,226.00,113.28,450.79,0.8085,-1,-1,-1
807,99,0.02,0.38,566.11,1071.45,0.8728,-1,-1,-1
807,112,904.67,182.60,133.53,539.00,0.8236,-1,-1,-1
807,121,1257.48,142.46,207.62,688.14,0.8719,-1,-1,-1
807,123,1024.04,173.11,318.56,716.89,0.8726,-1,-1,-1
807,126,518.00,247.32,155.01,320.19,0.6205,-1,-1,-1
807,130,649.71,268.48,131.77,447.40,0.8278,-1,-1,-1
808,2,802.18,222.62,116.35,451.27,0.8076,-1,-1,-1
808,99,1.62,0.51,546.46,1071.26,0.9095,-1,-1,-1
808,112,908.29,185.35,127.12,526.61,0.7927,-1,-1,-1
808,121,1267.34,135.60,218.95,703.17,0.8791,-1,-1,-1
808,123,1031.60,166.59,320.18,732.27,0.8952,-1,-1,-1
808,126,505.29,244.04,172.85,338.09,0.6434,-1,-1,-1
808,130,653.65,268.10,132.79,450.48,0.8313,-1,-1,-1
809,2,803.06,220.41,115.80,444.95,0.8091,-1,-1,-1
809,99,2.77,2.29,511.55,1065.14,0.9245,-1,-1,-1
809,112,910.83,181.21,133.62,520.94,0.8240,-1,-1,-1
809,121,1277.50,125.98,224.32,714.88,0.8594,-1,-1,-1
809,123,1040.28,157.66,320.13,742.10,0.8924,-1,-1,-1
809,126,506.93,237.98,178.03,377.63,0.6300,-1,-1,-1
809,130,650.41,265.17,138.24,454.71,0.8061,-1,-1,-1
810,2,805.18,219.38,117.31,448.40,0.8102,-1,-1,-1
810,99,2.93,2.48,477.71,1064.83,0.8875,-1,-1,-1
810,112,909.88,179.96,139.90,526.48,0.7969,-1,-1,-1
810,121,1282.25,117.31,237.65,732.42,0.8830,-1,-1,-1
810,123,1051.95,144.55,315.97,763.07,0.8915,-1,-1,-1
810,126,503.22,234.23,176.49,496.55,0.7273,-1,-1,-1
810,130,651.79,263.70,136.78,464.99,0.8280,-1,-1,-1
810,136,757.00,265.91,68.74,284.35,0.4883,-1,-1,-1
811,2,804.37,222.31,117.35,445.69,0.8243,-1,-1,-1
811,99,2.72,4.43,423.50,1064.60,0.9157,-1,-1,-1
811,112,910.88,183.07,138.86,519.51,0.7954,-1,-1,-1
811,121,1288.70,116.21,245.57,748.65,0.9014,-1,-1,-1
811,123,1060.40,143.47,316.62,772.73,0.8862,-1,-1,-1
811,126,502.64,233.83,164.70,512.78,0.8199,-1,-1,-1
811,130,648.51,267.81,137.25,463.35,0.8605,-1,-1,-1
811,137,389.74,198.65,128.58,514.67,0.5780,-1,-1,-1
812,2,802.12,219.34,115.33,446.89,0.8002,-1,-1,-1
812,99,3.86,1.13,382.12,1071.08,0.8375,-1,-1,-1
812,112,910.33,179.05,140.91,526.72,0.7911,-1,-1,-1
812,121,1298.10,111.43,255.22,775.89,0.8952,-1,-1,-1
812,123,1070.08,136.29,312.58,786.08,0.8710,-1,-1,-1
812,126,499.74,228.75,169.82,522.68,0.8191,-1,-1,-1
812,130,649.35,263.94,139.57,469.48,0.8226,-1,-1,-1
812,136,758.99,264.54,63.75,284.07,0.4032,-1,-1,-1
812,137,346.22,80.87,167.63,759.92,0.7698,-1,-1,-1
813,2,798.15,217.87,117.46,447.89,0.8014,-1,-1,-1
813,99,4.18,1.92,347.83,1061.55,0.6380,-1,-1,-1
813,112,911.19,175.08,140.14,524.91,0.8093,-1,-1,-1
813,121,1302.98,106.78,262.00,803.94,0.8928,-1,-1,-1
813,123,1076.46,126.17,312.20,797.82,0.8735,-1,-1,-1
813,126,498.32,220.67,166.34,532.71,0.8090,-1,-1,-1
813,130,635.86,260.08,155.49,479.38,0.7835,-1,-1,-1
813,137,295.16,65.53,217.15,812.59,0.8574,-1,-1,-1
814,2,793.78,217.63,121.45,448.24,0.8030,-1,-1,-1
814,112,908.28,173.55,143.81,525.13,0.7996,-1,-1,-1
814,121,1311.74,101.19,263.44,822.03,0.8866,-1,-1,-1
814,123,1089.85,107.13,306.78,845.07,0.8697,-1,-1,-1
814,126,495.13,217.08,165.20,539.37,0.8188,-1,-1,-1
814,130,620.18,256.41,171.97,484.25,0.7931,-1,-1,-1
814,135,1.89,-0.07,343.96,1054.85,0.7490,-1,-1,-1
814,137,254.23,54.39,251.24,832.16,0.8844,-1,-1,-1
815,2,792.56,218.19,121.80,449.48,0.7973,-1,-1,-1
815,112,908.48,174.00,142.15,528.69,0.7992,-1,-1,-1
815,121,1320.80,102.19,269.88,817.38,0.8687,-1,-1,-1
815,123,1106.09,105.54,301.80,881.02,0.8696,-1,-1,-1
815,126,491.84,216.58,165.09,546.46,0.8126,-1,-1,-1
815,130,626.37,253.89,166.86,491.48,0.7753,-1,-1,-1
815,135,10.25,2.45,250.55,1064.71,0.3464,-1,-1,-1
815,137,224.97,46.06,273.09,843.93,0.8864,-1,-1,-1
816,2,785.59,221.46,129.65,450.16,0.8061,-1,-1,-1
816,112,908.10,176.61,142.12,528.81,0.8123,-1,-1,-1
816,121,1321.04,98.83,279.06,834.54,0.8635,-1,-1,-1
816,123,1114.24,109.57,294.28,901.84,0.8698,-1,-1,-1
816,126,482.88,219.71,168.36,549.24,0.8394,-1,-1,-1
816,130,628.28,252.06,164.14,494.89,0.7763,-1,-1,-1
816,137,217.30,38.97,275.37,852.42,0.8954,-1,-1,-1
816,138,1053.43,316.67,74.32,245.98,0.5713,-1,-1,-1
817,2,780.88,224.36,131.44,448.56,0.8148,-1,-1,-1
817,112,908.74,177.65,143.46,527.21,0.8214,-1,-1,-1
817,121,1328.28,94.38,288.43,875.81,0.8665,-1,-1,-1
817,123,1117.20,110.40,300.45,938.47,0.8779,-1,-1,-1
817,126,470.61,217.83,176.09,554.35,0.8513,-1,-1,-1
817,130,632.94,249.23,155.21,500.23,0.7744,-1,-1,-1
817,137,205.87,35.63,285.80,863.35,0.8957,-1,-1,-1
817,138,1055.36,305.80,77.16,257.97,0.5906,-1,-1,-1
818,2,779.48,227.40,128.89,443.77,0.8470,-1,-1,-1
818,112,909.97,181.10,138.81,529.25,0.8163,-1,-1,-1
818,121,1330.53,88.16,297.68,895.27,0.8674,-1,-1,-1
818,123,1119.19,108.52,306.76,929.84,0.8848,-1,-1,-1
818,126,455.53,218.74,188.79,562.25,0.8724,-1,-1,-1
818,130,624.44,248.37,162.09,503.89,0.8077,-1,-1,-1
818,137,196.03,30.18,291.59,899.71,0.8934,-1,-1,-1
818,138,1049.86,305.81,86.13,258.97,0.6073,-1,-1,-1
819,2,774.31,227.19,132.14,443.71,0.8613,-1,-1,-1
819,112,905.40,181.61,134.98,534.13,0.8111,-1,-1,-1
819,121,1331.59,78.24,309.75,923.08,0.8668,-1,-1,-1
819,123,1122.46,108.20,313.00,945.37,0.8785,-1,-1,-1
819,126,440.88,217.13,196.03,566.19,0.8665,-1,-1,-1
819,130,617.25,248.53,161.61,513.80,0.7943,-1,-1,-1
819,137,180.97,23.17,299.56,938.24,0.8984,-1,-1,-1
819,138,1047.61,305.37,91.19,260.56,0.5704,-1,-1,-1
820,2,766.65,226.53,138.22,441.37,0.8552,-1,-1,-1
820,112,904.74,181.86,135.81,536.94,0.8086,-1,-1,-1
820,121,1331.98,66.67,319.52,940.36,0.8612,-1,-1,-1
820,123,1129.69,105.00,316.69,972.29,0.8766,-1,-1,-1
820,126,428.93,216.11,204.12,571.81,0.8549,-1,-1,-1
820,130,615.58,241.17,168.63,522.93,0.8117,-1,-1,-1
820,137,168.51,16.09,303.56,974.50,0.9026,-1,-1,-1
820,138,1049.89,305.63,97.08,260.03,0.5495,-1,-1,-1
821,2,758.85,224.02,143.23,444.25,0.8540,-1,-1,-1
821,112,905.17,180.79,136.54,539.32,0.8037,-1,-1,-1
821,121,1342.67,50.29,319.25,948.98,0.8477,-1,-1,-1
821,123,1133.20,97.70,329.14,978.14,0.8892,-1,-1,-1
821,126,423.70,215.01,207.34,580.23,0.8218,-1,-1,-1
821,130,614.11,239.95,176.00,527.22,0.8454,-1,-1,-1
821,137,158.28,11.88,312.47,991.59,0.8985,-1,-1,-1
821,138,1054.14,302.70,96.97,262.75,0.5681,-1,-1,-1
822,2,759.02,220.73,146.06,449.09,0.8419,-1,-1,-1
822,112,904.96,180.64,137.09,536.56,0.8125,-1,-1,-1
822,121,1359.24,35.24,308.08,967.95,0.8756,-1,-1,-1
822,123,1140.44,80.69,340.93,998.14,0.8873,-1,-1,-1
822,126,412.40,212.66,213.08,593.79,0.7860,-1,-1,-1
822,130,605.43,235.03,184.74,532.42,0.8640,-1,-1,-1
822,137,146.69,9.52,313.19,1004.08,0.9046,-1,-1,-1
822,138,1048.48,303.13,102.48,262.20,0.6552,-1,-1,-1
823,2,754.86,214.41,147.58,454.46,0.8347,-1,-1,-1
823,112,904.68,179.89,139.21,533.98,0.8215,-1,-1,-1
823,121,1374.79,9.57,300.53,954.60,0.8764,-1,-1,-1
823,123,1145.56,60.13,354.70,1016.52,0.8847,-1,-1,-1
823,126,409.91,210.14,212.37,602.90,0.8206,-1,-1,-1
823,130,604.85,231.42,185.19,541.76,0.8698,-1,-1,-1
823,137,134.02,2.89,318.31,1027.09,0.9097,-1,-1,-1
823,138,1047.57,302.38,103.58,262.69,0.6932,-1,-1,-1
824,2,751.55,211.40,152.39,456.00,0.8342,-1,-1,-1
824,112,905.04,178.85,141.81,534.91,0.8135,-1,-1,-1
824,121,1388.88,3.33,297.51,971.28,0.8887,-1,-1,-1
824,123,1143.80,41.58,367.83,1034.50,0.8800,-1,-1,-1
824,126,409.03,205.35,211.00,610.95,0.8359,-1,-1,-1
824,130,602.15,228.30,185.70,552.91,0.8526,-1,-1,-1
824,137,120.75,-0.17,325.12,1052.79,0.9031,-1,-1,-1
824,138,1051.35,301.84,101.54,263.51,0.6942,-1,-1,-1
825,2,747.32,209.06,160.13,453.94,0.8215,-1,-1,-1
825,112,907.27,182.32,147.93,531.03,0.8197,-1,-1,-1
825,121,1410.12,1.24,285.25,1018.00,0.8785,-1,-1,-1
825,123,1138.95,24.22,398.25,1051.96,0.8809,-1,-1,-1
825,126,404.39,202.40,212.19,617.58,0.8375,-1,-1,-1
825,130,599.49,227.60,187.30,571.21,0.8474,-1,-1,-1
825,137,102.80,0.56,336.05,1044.04,0.8822,-1,-1,-1
825,138,1054.98,301.36,99.43,263.95,0.6615,-1,-1,-1
826,2,747.98,208.65,158.92,453.77,0.8245,-1,-1,-1
826,112,909.86,175.80,143.36,538.68,0.8175,-1,-1,-1
826,121,1425.41,1.55,278.41,1056.00,0.8552,-1,-1,-1
826,123,1131.22,11.13,442.08,1064.61,0.8883,-1,-1,-1
826,126,399.18,199.99,215.89,626.78,0.7983,-1,-1,-1
826,130,596.65,228.34,191.75,584.90,0.8609,-1,-1,-1
826,137,87.96,0.35,344.00,1031.29,0.8825,-1,-1,-1
826,138,1056.31,300.32,103.59,264.63,0.6433,-1,-1,-1
827,2,746.11,208.86,161.53,452.02,0.8215,-1,-1,-1
827,112,907.98,178.76,154.19,531.35,0.8199,-1,-1,-1
827,121,1463.67,1.35,251.67,1077.97,0.8656,-1,-1,-1
827,123,1126.25,3.34,480.52,1072.56,0.9006,-1,-1,-1
827,126,393.86,196.45,218.25,636.20,0.7826,-1,-1,-1
827,130,595.08,228.60,192.49,587.32,0.8583,-1,-1,-1
827,137,74.04,1.40,347.83,1065.71,0.8937,-1,-1,-1
827,138,1059.04,298.85,104.30,265.82,0.6529,-1,-1,-1
828,2,744.24,208.06,162.89,452.02,0.8277,-1,-1,-1
828,112,904.83,176.33,160.92,529.36,0.8061,-1,-1,-1
828,121,1488.86,1.59,243.52,1069.32,0.8726,-1,-1,-1
828,123,1124.46,3.12,529.74,1066.68,0.8980,-1,-1,-1
828,126,387.50,190.86,218.29,644.61,0.8686,-1,-1,-1
828,130,592.66,227.73,195.52,589.93,0.8644,-1,-1,-1
828,137,58.04,0.35,355.55,1074.85,0.9080,-1,-1,-1
828,138,1060.83,294.89,107.17,271.05,0.6992,-1,-1,-1
829,2,748.28,211.02,163.43,452.49,0.8201,-1,-1,-1
829,112,910.67,175.12,158.01,522.71,0.8102,-1,-1,-1
829,121,1500.37,4.91,255.60,1055.61,0.8184,-1,-1,-1
829,123,1124.47,7.21,570.62,1059.93,0.9010,-1,-1,-1
829,126,389.47,190.88,207.77,650.46,0.8678,-1,-1,-1
829,130,590.19,232.80,198.91,605.81,0.8412,-1,-1,-1
829,137,40.99,1.96,368.05,1067.47,0.9133,-1,-1,-1
829,138,1069.35,298.25,103.97,267.28,0.7449,-1,-1,-1
830,2,750.02,214.94,174.36,451.64,0.7891,-1,-1,-1
830,112,920.16,181.45,153.94,510.40,0.7809,-1,-1,-1
830,121,1530.82,0.42,253.95,1062.90,0.8036,-1,-1,-1
830,123,1123.39,6.06,616.18,1063.56,0.9023,-1,-1,-1
830,126,388.88,190.70,210.46,656.58,0.8761,-1,-1,-1
830,130,588.29,231.21,203.44,620.19,0.8521,-1,-1,-1
830,137,16.90,1.44,392.31,1066.02,0.9188,-1,-1,-1
830,138,1072.99,298.57,104.45,268.11,0.7489,-1,-1,-1
831,2,757.67,214.09,159.36,451.00,0.8243,-1,-1,-1
831,112,921.84,177.13,157.71,516.03,0.8060,-1,-1,-1
831,121,1555.52,1.93,266.32,1061.51,0.7660,-1,-1,-1
831,123,1122.27,4.33,671.09,1064.11,0.8983,-1,-1,-1
831,126,382.33,188.50,214.90,672.86,0.8743,-1,-1,-1
831,130,585.34,229.20,207.76,630.77,0.8535,-1,-1,-1
831,137,1.89,1.00,410.42,1075.08,0.9233,-1,-1,-1
831,138,1076.13,296.13,109.72,269.53,0.7000,-1,-1,-1
831,139,712.43,241.71,54.20,96.92,0.3609,-1,-1,-1
832,2,758.74,216.25,159.57,449.19,0.8292,-1,-1,-1
832,112,934.24,178.50,150.24,514.03,0.8073,-1,-1,-1
832,121,1580.88,2.96,272.78,1060.13,0.7243,-1,-1,-1
832,123,1119.34,4.23,704.63,1065.78,0.9020,-1,-1,-1
832,126,381.31,189.41,215.28,680.06,0.8792,-1,-1,-1
832,130,583.59,227.89,206.68,634.60,0.8488,-1,-1,-1
832,137,-1.17,0.79,422.19,1079.29,0.9281,-1,-1,-1
832,138,1082.67,295.68,107.48,281.39,0.6863,-1,-1,-1
832,139,723.51,244.77,50.27,87.19,0.3105,-1,-1,-1
833,2,757.17,217.05,164.08,448.54,0.8277,-1,-1,-1
833,112,927.36,173.10,159.50,523.86,0.8088,-1,-1,-1
833,121,1610.75,0.87,278.43,1069.49,0.5174,-1,-1,-1
833,123,1118.44,2.81,767.19,1066.11,0.9097,-1,-1,-1
833,126,378.86,188.10,218.60,694.00,0.8858,-1,-1,-1
833,130,581.73,227.27,209.11,645.53,0.8505,-1,-1,-1
833,137,-1.07,0.09,428.15,1076.38,0.9265,-1,-1,-1
833,138,1088.48,293.68,108.11,279.12,0.7047,-1,-1,-1
833,139,724.36,246.03,53.21,84.68,0.3127,-1,-1,-1
834,2,765.94,219.15,166.04,447.78,0.8216,-1,-1,-1
834,112,939.63,173.07,151.75,529.91,0.8125,-1,-1,-1
834,123,1120.79,1.66,798.43,1065.51,0.9190,-1,-1,-1
834,126,372.15,188.28,222.86,711.83,0.8657,-1,-1,-1
834,130,579.00,222.64,213.80,652.75,0.8448,-1,-1,-1
834,137,-0.86,-0.00,433.37,1072.55,0.9224,-1,-1,-1
834,138,1094.36,298.37,105.86,273.69,0.6410,-1,-1,-1
834,140,1620.05,-0.78,299.05,568.73,0.6262,-1,-1,-1
835,2,771.41,220.69,166.59,449.97,0.8368,-1,-1,-1
835,112,932.17,180.62,167.81,524.93,0.7633,-1,-1,-1
835,123,1132.07,2.93,786.32,1068.41,0.9125,-1,-1,-1
835,126,370.97,190.25,223.79,721.99,0.8785,-1,-1,-1
835,130,579.03,220.86,217.24,661.09,0.8499,-1,-1,-1
835,137,-0.42,1.90,434.99,1066.55,0.9278,-1,-1,-1
835,138,1100.54,295.29,106.02,285.40,0.7140,-1,-1,-1
836,2,784.21,224.09,154.48,447.53,0.8432,-1,-1,-1
836,112,939.28,183.79,167.16,524.74,0.7518,-1,-1,-1
836,123,1149.33,2.18,770.14,1060.33,0.9211,-1,-1,-1
836,126,373.99,190.88,216.57,735.80,0.8619,-1,-1,-1
836,130,574.00,220.72,230.83,671.95,0.8579,-1,-1,-1
836,136,740.56,246.61,59.51,264.77,0.3016,-1,-1,-1
836,137,-0.13,2.11,434.43,1067.22,0.9284,-1,-1,-1
836,138,1113.36,296.72,103.04,282.34,0.7321,-1,-1,-1
837,2,786.04,224.94,162.00,454.06,0.8335,-1,-1,-1
837,112,948.75,189.84,161.27,519.72,0.7958,-1,-1,-1
837,123,1165.04,5.72,753.62,1062.02,0.9206,-1,-1,-1
837,126,373.85,188.99,219.73,747.56,0.8582,-1,-1,-1
837,130,572.58,216.90,238.25,681.00,0.8703,-1,-1,-1
837,136,742.91,249.11,61.07,217.97,0.3710,-1,-1,-1
837,137,0.20,1.31,436.05,1068.22,0.9301,-1,-1,-1
837,138,1120.77,297.28,100.26,287.45,0.7708,-1,-1,-1
838,2,790.24,225.31,172.81,453.58,0.8296,-1,-1,-1
838,112,955.90,194.35,163.76,517.32,0.8187,-1,-1,-1
838,123,1205.56,5.85,713.62,1064.60,0.8835,-1,-1,-1
838,126,371.13,185.46,226.85,760.01,0.8562,-1,-1,-1
838,130,574.46,215.97,237.71,684.79,0.8617,-1,-1,-1
838,136,745.21,253.12,70.07,248.34,0.3099,-1,-1,-1
838,137,0.46,-0.02,438.24,1068.16,0.9264,-1,-1,-1
838,138,1126.09,299.58,99.40,285.62,0.7545,-1,-1,-1
839,2,799.96,226.71,173.62,449.74,0.8149,-1,-1,-1
839,112,967.24,192.78,154.54,522.81,0.8116,-1,-1,-1
839,123,1267.66,5.04,651.31,1062.03,0.8994,-1,-1,-1
839,126,369.94,184.21,228.18,780.08,0.8479,-1,-1,-1
839,130,579.94,210.99,238.15,692.50,0.8650,-1,-1,-1
839,136,747.93,245.08,75.04,229.54,0.3788,-1,-1,-1
839,137,0.31,-0.04,441.91,1067.62,0.9290,-1,-1,-1
839,138,1132.58,295.78,101.40,291.17,0.7150,-1,-1,-1
840,2,810.16,221.91,153.31,454.65,0.8147,-1,-1,-1
840,112,966.93,192.55,158.00,523.38,0.8093,-1,-1,-1
840,123,1361.55,2.19,557.34,1063.55,0.7781,-1,-1,-1
840,126,368.43,181.22,233.33,787.08,0.8263,-1,-1,-1
840,130,580.96,203.96,244.08,700.13,0.8679,-1,-1,-1
840,136,753.55,242.39,74.39,234.29,0.3037,-1,-1,-1
840,137,0.04,1.09,442.37,1067.82,0.9288,-1,-1,-1
840,138,1137.84,294.91,104.87,294.72,0.6737,-1,-1,-1
840,143,1350.23,212.59,205.53,771.25,0.4898,-1,-1,-1
841,2,817.31,218.90,163.20,455.34,0.8180,-1,-1,-1
841,112,982.97,187.76,143.68,526.93,0.7971,-1,-1,-1
841,123,1441.76,2.57,477.91,1059.31,0.9259,-1,-1,-1
841,126,365.69,172.64,235.09,799.19,0.8172,-1,-1,-1
841,130,585.40,197.71,244.17,705.22,0.8622,-1,-1,-1
841,136,754.44,240.20,82.37,231.92,0.4677,-1,-1,-1
841,137,-0.21,-0.05,443.40,1066.85,0.9262,-1,-1,-1
841,138,1149.31,294.37,100.63,295.72,0.7113,-1,-1,-1
841,144,1373.72,235.80,158.59,448.13,0.6403,-1,-1,-1
842,2,820.22,217.99,173.06,454.07,0.8483,-1,-1,-1
842,112,978.95,189.50,153.47,522.37,0.8123,-1,-1,-1
842,123,1535.91,2.32,383.50,1062.53,0.8668,-1,-1,-1
842,126,360.74,158.56,240.78,811.92,0.8333,-1,-1,-1
842,130,583.98,193.17,248.84,711.05,0.8605,-1,-1,-1
842,136,753.26,234.31,84.77,239.56,0.4986,-1,-1,-1
842,137,0.27,0.74,439.54,1068.08,0.9217,-1,-1,-1
842,138,1151.35,293.38,102.77,292.62,0.6732,-1,-1,-1
842,144,1391.43,228.02,207.45,671.61,0.8708,-1,-1,-1
843,2,827.39,215.09,169.05,446.16,0.8280,-1,-1,-1
843,112,989.38,184.84,153.95,523.41,0.8122,-1,-1,-1
843,123,1618.64,3.38,300.42,1058.03,0.6204,-1,-1,-1
843,126,361.94,146.72,240.75,838.13,0.8444,-1,-1,-1
843,130,581.00,187.65,254.32,733.39,0.8455,-1,-1,-1
843,136,760.77,230.03,83.86,272.64,0.5641,-1,-1,-1
843,137,0.59,1.49,436.77,1064.91,0.9231,-1,-1,-1
843,138,1165.99,290.32,96.30,294.79,0.6425,-1,-1,-1
843,144,1404.67,214.18,240.86,700.78,0.8931,-1,-1,-1
844,2,830.56,213.28,166.03,443.99,0.8342,-1,-1,-1
844,112,992.38,178.31,161.27,527.50,0.8173,-1,-1,-1
844,123,1695.97,-0.54,221.91,1069.89,0.7025,-1,-1,-1
844,126,349.98,136.34,255.04,840.55,0.8522,-1,-1,-1
844,130,585.89,181.59,249.26,760.14,0.8478,-1,-1,-1
844,136,758.54,226.64,89.18,256.34,0.5311,-1,-1,-1
844,137,1.96,0.53,421.82,1057.54,0.8960,-1,-1,-1
844,138,1167.30,280.26,97.87,301.66,0.7411,-1,-1,-1
844,144,1418.25,203.98,253.78,739.68,0.8912,-1,-1,-1
845,2,829.98,203.37,174.53,449.58,0.8245,-1,-1,-1
845,112,996.30,174.03,152.26,529.36,0.7952,-1,-1,-1
845,123,1753.72,3.72,165.82,1059.58,0.6843,-1,-1,-1
845,126,335.00,127.79,271.27,844.35,0.8579,-1,-1,-1
845,130,586.15,172.37,258.65,780.07,0.8444,-1,-1,-1
845,136,760.76,218.64,88.85,256.60,0.5540,-1,-1,-1
845,137,2.23,2.78,410.15,1061.14,0.8187,-1,-1,-1
845,138,1168.80,274.80,99.98,305.83,0.7725,-1,-1,-1
845,144,1433.29,196.06,268.25,764.78,0.8910,-1,-1,-1
846,2,834.24,200.23,171.18,452.81,0.8092,-1,-1,-1
846,112,998.27,169.34,153.86,530.96,0.7934,-1,-1,-1
846,126,320.93,118.32,285.09,853.16,0.8413,-1,-1,-1
846,130,587.06,167.78,253.44,787.46,0.8257,-1,-1,-1
846,136,763.52,214.31,85.92,260.83,0.4685,-1,-1,-1
846,137,4.47,5.01,389.71,1066.79,0.7565,-1,-1,-1
846,138,1169.83,276.94,102.73,300.09,0.8038,-1,-1,-1
846,144,1439.84,189.99,267.18,779.74,0.9032,-1,-1,-1
847,2,836.30,193.71,168.92,452.95,0.8161,-1,-1,-1
847,112,999.01,160.42,158.08,526.14,0.8104,-1,-1,-1
847,126,314.37,108.10,295.50,868.58,0.8147,-1,-1,-1
847,130,587.06,155.70,256.29,806.04,0.8320,-1,-1,-1
847,136,758.50,209.76,94.41,259.12,0.5732,-1,-1,-1
847,137,8.21,7.16,351.80,1059.29,0.7308,-1,-1,-1
847,138,1180.59,273.75,100.08,296.34,0.7055,-1,-1,-1
847,144,1455.27,185.73,253.50,785.17,0.8875,-1,-1,-1
848,2,832.74,188.40,177.89,455.37,0.8487,-1,-1,-1
848,112,995.79,151.67,161.88,521.20,0.8076,-1,-1,-1
848,126,305.41,98.97,295.78,881.95,0.8661,-1,-1,-1
848,130,578.77,148.88,263.43,821.03,0.8343,-1,-1,-1
848,136,755.97,204.62,96.47,256.40,0.5192,-1,-1,-1
848,137,23.43,6.57,271.28,1051.03,0.6479,-1,-1,-1
848,138,1180.34,268.65,98.89,299.03,0.7341,-1,-1,-1
848,144,1470.14,179.37,248.79,801.48,0.8942,-1,-1,-1
849,2,832.34,187.77,176.97,455.05,0.8703,-1,-1,-1
849,112,995.16,148.17,155.61,519.28,0.8045,-1,-1,-1
849,126,296.08,93.48,297.31,906.53,0.8927,-1,-1,-1
849,130,563.91,146.24,277.98,870.72,0.8622,-1,-1,-1
849,136,749.03,203.35,101.37,255.45,0.5248,-1,-1,-1
849,137,29.88,7.71,217.96,1055.56,0.3988,-1,-1,-1
849,138,1178.19,267.51,98.63,301.69,0.8062,-1,-1,-1
849,144,1484.28,176.71,250.47,838.52,0.8941,-1,-1,-1
850,2,829.51,185.99,177.57,453.09,0.8742,-1,-1,-1
850,112,996.35,144.40,152.44,517.40,0.8063,-1,-1,-1
850,126,283.26,83.54,303.34,924.29,0.8839,-1,-1,-1
850,130,560.86,139.07,281.13,884.39,0.8501,-1,-1,-1
850,136,742.75,201.51,105.56,246.59,0.5509,-1,-1,-1
850,138,1181.65,261.68,93.69,303.88,0.7789,-1,-1,-1
850,144,1497.04,175.16,249.78,849.04,0.8931,-1,-1,-1
851,2,828.24,180.34,176.86,458.54,0.8676,-1,-1,-1
851,112,995.46,140.45,154.83,518.83,0.8044,-1,-1,-1
851,126,271.13,70.33,309.76,943.86,0.8966,-1,-1,-1
851,130,551.99,133.03,292.96,898.79,0.8685,-1,-1,-1
851,136,739.91,196.25,106.07,246.30,0.3524,-1,-1,-1
851,138,1170.31,254.24,110.28,310.05,0.7457,-1,-1,-1
851,144,1508.57,167.28,258.50,862.46,0.9020,-1,-1,-1
852,2,826.31,178.71,180.15,455.72,0.8515,-1,-1,-1
852,112,992.65,136.99,159.36,517.64,0.8071,-1,-1,-1
852,126,255.94,63.84,318.65,962.78,0.8918,-1,-1,-1
852,130,543.62,117.98,301.68,915.35,0.8787,-1,-1,-1
852,138,1181.40,250.29,94.41,310.13,0.7404,-1,-1,-1
852,144,1518.00,161.43,268.66,870.39,0.9033,-1,-1,-1
853,2,822.56,177.98,174.99,452.82,0.8416,-1,-1,-1
853,112,990.20,132.96,165.68,517.95,0.7998,-1,-1,-1
853,126,242.11,53.57,325.18,1004.17,0.8974,-1,-1,-1
853,130,536.18,105.82,308.80,930.50,0.8870,-1,-1,-1
853,138,1182.54,243.61,98.65,315.81,0.7414,-1,-1,-1
853,144,1526.43,143.37,280.47,892.39,0.9014,-1,-1,-1
854,2,821.66,176.98,174.74,453.37,0.8468,-1,-1,-1
854,112,979.37,132.28,170.96,517.52,0.7998,-1,-1,-1
854,126,219.98,47.38,337.09,1024.54,0.9001,-1,-1,-1
854,130,533.83,97.92,310.90,950.70,0.8928,-1,-1,-1
854,138,1177.34,241.86,98.63,317.12,0.7037,-1,-1,-1
854,144,1530.10,135.93,292.39,908.90,0.9020,-1,-1,-1
855,2,823.48,173.66,166.95,454.78,0.8418,-1,-1,-1
855,112,977.31,129.02,176.05,522.27,0.8158,-1,-1,-1
855,126,204.54,38.01,344.15,1028.14,0.9008,-1,-1,-1
855,130,517.65,86.49,326.77,963.56,0.8941,-1,-1,-1
855,138,1171.57,238.34,99.13,319.01,0.6315,-1,-1,-1
855,144,1540.84,127.24,298.81,920.94,0.9083,-1,-1,-1
856,2,815.00,171.51,174.50,455.96,0.8454,-1,-1,-1
856,112,985.65,123.20,160.03,530.39,0.8352,-1,-1,-1
856,126,180.84,27.19,353.57,1042.61,0.9073,-1,-1,-1
856,130,508.07,73.13,338.51,982.01,0.9023,-1,-1,-1
856,138,1174.05,234.61,93.77,318.84,0.6546,-1,-1,-1
856,144,1539.31,110.62,325.22,942.64,0.9106,-1,-1,-1
857,2,804.85,168.02,184.45,456.85,0.8492,-1,-1,-1
857,112,977.11,121.42,169.40,528.71,0.8447,-1,-1,-1
857,126,186.75,19.07,335.46,1052.48,0.8868,-1,-1,-1
857,130,492.70,63.17,352.39,1007.06,0.9045,-1,-1,-1
857,138,1168.92,229.16,100.91,321.56,0.6999,-1,-1,-1
857,144,1534.31,104.09,346.61,953.22,0.9025,-1,-1,-1
858,2,801.18,160.01,173.05,463.18,0.8391,-1,-1,-1
858,112,981.03,122.32,155.97,526.28,0.8353,-1,-1,-1
858,126,114.48,5.77,393.38,1062.24,0.8998,-1,-1,-1
858,130,480.05,51.43,364.40,1025.58,0.9026,-1,-1,-1
858,138,1166.73,225.93,98.05,323.51,0.6962,-1,-1,-1
858,144,1523.35,88.49,381.04,982.93,0.8980,-1,-1,-1
858,146,1330.24,284.30,97.06,283.40,0.3687,-1,-1,-1
859,2,800.99,155.13,171.00,462.97,0.8234,-1,-1,-1
859,112,962.75,125.58,169.45,521.02,0.8279,-1,-1,-1
859,126,97.67,4.05,391.13,1061.70,0.9068,-1,-1,-1
859,130,471.80,38.84,369.45,1033.60,0.9041,-1,-1,-1
859,138,1163.22,223.58,99.86,323.08,0.7110,-1,-1,-1
859,144,1548.27,76.89,370.93,995.07,0.8807,-1,-1,-1
860,2,800.76,148.60,168.90,465.51,0.8282,-1,-1,-1
860,112,957.84,125.04,175.85,520.90,0.8489,-1,-1,-1
860,126,66.19,2.74,406.63,1064.81,0.9018,-1,-1,-1
860,130,459.41,26.51,379.18,1048.28,0.9163,-1,-1,-1
860,138,1158.59,218.18,100.88,326.04,0.6958,-1,-1,-1
860,144,1557.73,60.89,362.28,1016.28,0.9029,-1,-1,-1
860,146,1327.35,281.78,94.26,278.79,0.3164,-1,-1,-1
861,2,793.62,144.96,172.87,464.75,0.8512,-1,-1,-1
861,112,955.77,122.08,176.81,520.22,0.8619,-1,-1,-1
861,126,33.17,3.09,426.72,1067.96,0.8692,-1,-1,-1
861,130,444.42,15.22,392.43,1059.36,0.9101,-1,-1,-1
861,138,1158.74,214.12,102.29,327.88,0.6877,-1,-1,-1
861,144,1560.64,55.16,359.32,1020.69,0.9074,-1,-1,-1
862,2,795.53,143.42,173.12,459.72,0.8395,-1,-1,-1
862,112,953.83,119.54,178.64,519.15,0.8488,-1,-1,-1
862,126,2.95,1.16,442.00,1067.68,0.7873,-1,-1,-1
862,130,438.51,6.88,394.32,1067.45,0.9137,-1,-1,-1
862,138,1160.73,212.75,98.83,324.83,0.6659,-1,-1,-1
862,144,1573.27,37.69,346.07,1033.56,0.9107,-1,-1,-1
863,2,794.11,140.79,172.98,459.36,0.8489,-1,-1,-1
863,112,963.70,114.16,172.10,522.23,0.8304,-1,-1,-1
863,126,13.39,0.01,409.56,1070.67,0.8525,-1,-1,-1
863,130,425.02,3.28,405.77,1069.46,0.9201,-1,-1,-1
863,138,1160.64,211.35,99.23,323.13,0.6466,-1,-1,-1
863,144,1585.83,34.15,332.94,1037.63,0.9092,-1,-1,-1
864,2,792.08,139.32,172.74,458.92,0.8544,-1,-1,-1
864,112,963.64,112.17,174.60,524.56,0.8339,-1,-1,-1
864,126,5.27,0.43,412.02,1070.25,0.8977,-1,-1,-1
864,130,411.89,2.86,408.46,1069.89,0.9225,-1,-1,-1
864,138,1160.71,207.71,100.26,329.45,0.6392,-1,-1,-1
864,144,1596.96,17.74,321.59,1057.17,0.9040,-1,-1,-1
865,2,795.50,136.90,171.10,461.10,0.8499,-1,-1,-1
865,112,961.46,109.32,179.50,529.46,0.8287,-1,-1,-1
865,126,0.35,0.10,403.08,1069.43,0.9118,-1,-1,-1
865,130,399.93,2.66,413.64,1072.17,0.9202,-1,-1,-1
865,138,1158.25,205.79,106.41,332.44,0.6334,-1,-1,-1
865,144,1613.70,12.05,304.81,1063.32,0.9013,-1,-1,-1
866,2,797.79,135.47,169.63,465.68,0.8541,-1,-1,-1
866,112,964.41,107.56,178.19,529.24,0.8338,-1,-1,-1
866,126,0.79,4.08,365.49,1067.28,0.9118,-1,-1,-1
866,130,378.60,3.54,428.76,1070.25,0.9195,-1,-1,-1
866,138,1165.55,203.96,97.05,332.95,0.6827,-1,-1,-1
866,144,1652.71,1.70,266.53,1071.60,0.8884,-1,-1,-1
867,2,796.35,137.76,173.10,468.09,0.8571,-1,-1,-1
867,112,976.96,105.94,170.05,528.79,0.8221,-1,-1,-1
867,126,0.02,3.79,336.96,1066.79,0.9207,-1,-1,-1
867,130,358.14,5.53,435.15,1065.56,0.9154,-1,-1,-1
867,138,1171.83,202.42,96.94,335.74,0.6991,-1,-1,-1
867,144,1689.80,2.75,229.85,1071.57,0.8728,-1,-1,-1
868,2,794.26,141.83,176.61,470.25,0.8590,-1,-1,-1
868,112,988.20,108.97,153.35,520.20,0.8263,-1,-1,-1
868,126,-0.34,2.54,314.44,1068.29,0.9111,-1,-1,-1
868,130,329.91,2.32,447.86,1068.64,0.9192,-1,-1,-1
868,138,1171.41,203.35,98.49,337.87,0.6995,-1,-1,-1
868,144,1709.82,153.53,210.75,908.28,0.7516,-1,-1,-1
869,2,794.91,143.68,173.18,471.38,0.8630,-1,-1,-1
869,112,984.56,106.73,156.75,520.05,0.8229,-1,-1,-1
869,126,-0.42,3.88,290.97,1060.38,0.9165,-1,-1,-1
869,130,298.02,2.96,467.42,1066.92,0.9161,-1,-1,-1
869,138,1172.85,204.01,98.80,339.94,0.7079,-1,-1,-1
869,144,1706.47,224.04,225.45,615.33,0.4262,-1,-1,-1
870,2,795.62,145.08,171.64,473.01,0.8691,-1,-1,-1
870,112,983.26,109.72,151.70,517.58,0.8241,-1,-1,-1
870,126,-0.31,6.06,266.70,1059.06,0.9126,-1,-1,-1
870,130,262.57,3.25,490.06,1068.16,0.9113,-1,-1,-1
870,138,1171.67,203.88,102.03,343.16,0.7101,-1,-1,-1
870,144,1762.28,210.08,157.37,605.30,0.7601,-1,-1,-1
871,2,795.92,151.56,171.92,470.18,0.8587,-1,-1,-1
871,112,986.53,114.40,143.44,518.03,0.8178,-1,-1,-1
871,126,-0.90,6.66,241.84,1060.38,0.8959,-1,-1,-1
871,130,231.36,2.55,505.18,1069.82,0.9159,-1,-1,-1
871,138,1174.70,205.52,100.14,344.24,0.6878,-1,-1,-1
871,144,1797.57,248.76,122.47,578.13,0.5828,-1,-1,-1
871,147,622.00,139.52,157.12,454.02,0.6070,-1,-1,-1
872,2,797.28,157.17,170.36,470.14,0.8490,-1,-1,-1
872,112,988.11,116.91,145.44,518.00,0.8111,-1,-1,-1
872,126,1.65,7.78,205.81,1057.24,0.8787,-1,-1,-1
872,130,199.80,2.18,526.25,1066.65,0.9146,-1,-1,-1
872,138,1183.37,206.70,93.60,346.66,0.7180,-1,-1,-1
872,147,615.35,143.87,162.59,472.46,0.7941,-1,-1,-1
873,2,797.95,160.85,171.33,473.29,0.8356,-1,-1,-1
873,112,987.51,121.31,141.63,515.05,0.8106,-1,-1,-1
873,126,1.93,50.32,176.92,1017.71,0.8602,-1,-1,-1
873,130,156.03,3.25,556.93,1065.17,0.9237,-1,-1,-1
873,138,1179.63,208.57,99.87,348.78,0.7083,-1,-1,-1
873,147,611.31,146.35,159.73,487.14,0.7627,-1,-1,-1
874,2,799.28,165.53,169.54,472.68,0.8371,-1,-1,-1
874,112,988.23,124.06,139.43,521.51,0.7985,-1,-1,-1
874,126,4.54,120.98,144.28,950.20,0.8119,-1,-1,-1
874,130,117.80,0.10,579.09,1066.88,0.9102,-1,-1,-1
874,138,1177.33,210.12,103.65,349.31,0.7217,-1,-1,-1
874,147,605.68,150.25,165.95,488.48,0.7563,-1,-1,-1
875,2,802.11,164.92,168.99,474.27,0.8290,-1,-1,-1
875,112,988.63,129.88,138.11,517.96,0.7910,-1,-1,-1
875,126,3.04,136.97,123.21,926.84,0.4873,-1,-1,-1
875,130,98.57,1.69,584.01,1063.23,0.9137,-1,-1,-1
875,138,1170.55,211.89,111.95,348.27,0.6493,-1,-1,-1
875,147,597.74,149.99,173.63,490.50,0.7741,-1,-1,-1
876,2,802.44,167.16,171.13,470.21,0.8373,-1,-1,-1
876,112,993.49,133.23,132.62,516.34,0.8014,-1,-1,-1
876,126,-15.08,204.07,141.32,838.32,0.3706,-1,-1,-1
876,130,11.56,1.99,655.33,1067.75,0.8977,-1,-1,-1
876,138,1174.14,210.91,115.01,350.63,0.6063,-1,-1,-1
876,147,588.41,148.21,179.66,498.85,0.8000,-1,-1,-1
877,2,802.60,167.14,171.95,461.90,0.8343,-1,-1,-1
877,112,991.72,135.11,132.05,518.26,0.8115,-1,-1,-1
877,130,0.88,1.82,645.63,1067.06,0.9369,-1,-1,-1
877,138,1173.99,209.66,113.07,354.48,0.6403,-1,-1,-1
877,147,581.47,146.63,169.68,503.34,0.7881,-1,-1,-1
878,2,801.52,164.23,169.77,471.48,0.8295,-1,-1,-1
878,112,984.87,134.93,137.78,515.45,0.7997,-1,-1,-1
878,130,0.53,2.48,628.83,1068.82,0.9417,-1,-1,-1
878,138,1177.40,207.31,113.25,357.34,0.6438,-1,-1,-1
878,147,569.34,142.70,189.93,510.66,0.7966,-1,-1,-1
879,2,800.93,161.48,169.31,475.43,0.8389,-1,-1,-1
879,112,986.01,135.78,134.42,512.73,0.8163,-1,-1,-1
879,130,1.08,1.77,605.43,1067.17,0.9240,-1,-1,-1
879,138,1171.58,206.74,113.43,357.07,0.6911,-1,-1,-1
879,147,557.63,143.30,195.58,513.07,0.8391,-1,-1,-1
880,2,800.29,157.84,171.12,468.95,0.8507,-1,-1,-1
880,112,981.45,135.41,137.65,510.64,0.8103,-1,-1,-1
880,130,1.47,6.78,579.62,1063.96,0.9167,-1,-1,-1
880,138,1171.38,203.01,114.09,360.77,0.7163,-1,-1,-1
880,147,545.75,143.01,206.27,518.13,0.8515,-1,-1,-1
880,149,704.66,219.95,95.36,353.85,0.4619,-1,-1,-1
881,2,798.32,156.50,173.15,464.65,0.8605,-1,-1,-1
881,112,976.61,134.71,142.95,510.79,0.8070,-1,-1,-1
881,130,0.49,4.53,554.97,1062.79,0.9261,-1,-1,-1
881,138,1177.41,199.20,110.05,364.99,0.7112,-1,-1,-1
881,147,530.94,143.43,228.02,520.33,0.8297,-1,-1,-1
881,149,698.65,219.66,97.23,365.03,0.5597,-1,-1,-1
882,2,795.74,153.08,171.74,468.74,0.8555,-1,-1,-1
882,112,964.84,131.53,148.96,516.57,0.8413,-1,-1,-1
882,130,0.47,5.63,532.70,1063.08,0.9208,-1,-1,-1
882,138,1176.68,199.24,112.90,364.44,0.7519,-1,-1,-1
882,147,521.16,140.82,227.60,532.98,0.8172,-1,-1,-1
882,149,697.28,223.76,95.35,360.17,0.6264,-1,-1,-1
883,2,793.54,151.76,172.37,465.51,0.8533,-1,-1,-1
883,112,963.00,123.57,140.42,524.20,0.8341,-1,-1,-1
883,130,0.61,6.97,507.46,1059.10,0.9380,-1,-1,-1
883,138,1175.62,202.03,114.48,362.77,0.7630,-1,-1,-1
883,147,504.60,141.17,238.94,536.27,0.8178,-1,-1,-1
883,149,688.61,218.19,105.82,367.48,0.6266,-1,-1,-1
884,2,794.29,150.50,169.63,466.70,0.8348,-1,-1,-1
884,112,959.60,121.32,143.63,524.86,0.7682,-1,-1,-1
884,130,1.50,6.26,462.78,1057.92,0.9146,-1,-1,-1
884,138,1177.93,199.87,112.79,367.48,0.7447,-1,-1,-1
884,147,492.75,138.70,234.66,542.73,0.7863,-1,-1,-1
884,149,671.75,225.41,118.80,357.74,0.4744,-1,-1,-1
885,2,789.48,148.90,169.85,470.97,0.8272,-1,-1,-1
885,112,959.78,117.40,142.16,526.46,0.7980,-1,-1,-1
885,130,1.82,8.45,414.06,1057.47,0.9100,-1,-1,-1
885,138,1175.30,199.61,117.01,367.02,0.7263,-1,-1,-1
885,147,483.63,138.93,240.85,549.83,0.7694,-1,-1,-1
885,149,665.52,226.28,119.86,348.09,0.4696,-1,-1,-1
886,2,782.12,147.50,169.00,476.19,0.8347,-1,-1,-1
886,112,956.09,115.73,141.46,516.88,0.8178,-1,-1,-1
886,130,2.24,4.45,363.00,1061.39,0.8796,-1,-1,-1
886,138,1172.15,201.96,118.81,368.12,0.7361,-1,-1,-1
886,147,458.41,135.80,244.84,560.21,0.7899,-1,-1,-1
886,149,656.98,215.54,119.23,320.08,0.3491,-1,-1,-1
887,2,769.29,153.38,179.13,471.02,0.8472,-1,-1,-1
887,112,953.49,115.96,143.35,513.69,0.8074,-1,-1,-1
887,130,9.78,14.20,302.20,1048.27,0.4269,-1,-1,-1
887,138,1170.05,204.30,114.00,367.84,0.7784,-1,-1,-1
887,147,443.46,124.76,257.74,574.71,0.8619,-1,-1,-1
887,149,642.20,221.84,125.16,309.28,0.4475,-1,-1,-1
888,2,774.34,155.24,168.05,470.05,0.8299,-1,-1,-1
888,112,929.62,124.59,158.64,499.58,0.8171,-1,-1,-1
888,138,1165.76,205.10,118.31,366.34,0.7411,-1,-1,-1
888,147,429.82,117.20,261.02,586.22,0.8356,-1,-1,-1
888,149,634.86,213.56,118.75,315.96,0.4525,-1,-1,-1
889,2,761.43,156.94,171.83,470.84,0.7858,-1,-1,-1
889,112,928.23,115.97,153.34,510.87,0.7966,-1,-1,-1
889,138,1162.28,204.78,118.63,369.43,0.7053,-1,-1,-1
889,147,411.63,108.97,266.11,593.07,0.8579,-1,-1,-1
889,149,610.61,223.03,126.75,312.89,0.3007,-1,-1,-1
890,2,748.60,163.46,167.96,471.10,0.8132,-1,-1,-1
890,112,896.42,119.76,167.05,511.06,0.8088,-1,-1,-1
890,138,1152.56,208.36,116.09,370.27,0.7253,-1,-1,-1
890,147,389.61,104.57,256.10,606.59,0.8355,-1,-1,-1
890,149,593.06,195.61,120.77,395.81,0.4052,-1,-1,-1
891,2,726.15,164.61,179.74,469.50,0.8517,-1,-1,-1
891,112,901.25,120.75,158.98,515.08,0.8333,-1,-1,-1
891,138,1142.06,210.54,117.61,370.34,0.7855,-1,-1,-1
891,147,359.56,92.30,276.93,623.18,0.7532,-1,-1,-1
891,149,594.25,209.02,103.99,373.28,0.3734,-1,-1,-1
892,2,715.15,167.23,174.71,468.16,0.8357,-1,-1,-1
892,112,885.63,123.65,157.77,514.27,0.8481,-1,-1,-1
892,138,1133.37,213.43,112.86,370.91,0.7824,-1,-1,-1
892,147,338.74,85.27,282.58,636.22,0.8512,-1,-1,-1
893,2,703.86,166.00,173.82,471.83,0.8187,-1,-1,-1
893,112,875.16,127.04,159.49,515.18,0.8262,-1,-1,-1
893,138,1123.59,215.21,117.19,378.82,0.7904,-1,-1,-1
893,147,313.95,83.46,288.50,647.69,0.7572,-1,-1,-1
893,149,520.07,214.27,139.34,402.45,0.4075,-1,-1,-1
894,2,693.47,167.82,170.95,474.37,0.8463,-1,-1,-1
894,112,863.95,132.81,160.16,517.67,0.7594,-1,-1,-1
894,138,1117.55,218.77,115.09,376.62,0.7929,-1,-1,-1
894,147,295.54,83.00,297.29,653.33,0.8381,-1,-1,-1
894,149,497.44,222.41,162.67,412.29,0.3671,-1,-1,-1
895,2,681.40,170.70,168.84,471.51,0.8566,-1,-1,-1
895,112,847.23,135.97,159.98,519.55,0.7763,-1,-1,-1
895,138,1108.66,220.93,121.83,379.33,0.7965,-1,-1,-1
895,147,279.97,79.54,301.33,672.21,0.7094,-1,-1,-1
895,149,507.34,227.60,147.99,408.72,0.3595,-1,-1,-1
896,2,674.03,169.72,169.78,467.44,0.8336,-1,-1,-1
896,112,829.41,138.60,181.98,518.90,0.8283,-1,-1,-1
896,138,1103.09,225.47,125.14,375.32,0.7502,-1,-1,-1
896,147,261.08,77.05,289.73,684.78,0.8387,-1,-1,-1
896,149,495.67,188.94,140.13,460.52,0.4452,-1,-1,-1
897,2,667.94,169.93,167.36,466.36,0.8089,-1,-1,-1
897,112,821.97,145.01,182.52,513.49,0.8283,-1,-1,-1
897,138,1096.92,227.76,126.15,376.71,0.7875,-1,-1,-1
897,147,243.69,71.19,304.46,708.14,0.8677,-1,-1,-1
897,149,505.64,179.36,116.57,466.59,0.3768,-1,-1,-1
898,2,665.31,169.57,166.27,465.87,0.8207,-1,-1,-1
898,112,823.93,147.94,182.74,514.90,0.8318,-1,-1,-1
898,138,1096.38,228.13,126.40,381.98,0.8017,-1,-1,-1
898,147,233.36,66.37,309.57,743.25,0.8665,-1,-1,-1
898,149,489.51,176.18,128.12,476.81,0.5380,-1,-1,-1
899,2,655.52,169.45,175.35,477.07,0.7895,-1,-1,-1
899,112,821.03,149.56,186.14,515.81,0.8329,-1,-1,-1
899,138,1095.62,232.23,125.97,379.94,0.7908,-1,-1,-1
899,147,221.05,65.59,312.07,748.95,0.8346,-1,-1,-1
899,149,465.23,173.10,144.63,492.46,0.4795,-1,-1,-1
900,2,658.25,169.57,171.66,482.67,0.8100,-1,-1,-1
900,112,825.03,152.29,183.29,514.10,0.8239,-1,-1,-1
900,138,1099.07,230.20,129.89,385.34,0.8068,-1,-1,-1
900,147,216.11,59.94,284.36,761.05,0.7912,-1,-1,-1
900,149,455.87,169.55,149.48,507.76,0.5940,-1,-1,-1
